age,household_income,num_children,num_vehicles,spend,gender_F,marital_status_married,home_ownership_own,home_ownership_rent
31,88153,0,1,3209,1,1,0,1
38,80098,1,5,4141,0,1,1,0
56,262825,5,5,3930,1,1,0,0
22,414209,1,2,5270,1,1,1,0
23,268292,3,1,6894,1,1,1,0
20,209784,4,5,4478,0,1,0,1
29,314285,0,4,3997,1,1,0,1
23,248009,1,4,2738,0,1,1,0
24,371477,1,5,5216,0,0,0,1
30,392480,5,4,6629,1,1,1,0
46,318986,2,2,5998,1,1,1,0
21,121224,5,1,4052,1,0,0,1
42,357107,0,0,5611,1,1,1,0
34,312764,5,3,1702,1,0,1,0
53,421583,1,5,5010,1,1,1,0
20,314806,0,5,4182,1,1,0,0
24,232886,5,1,4808,1,1,1,0
29,65549,1,5,3211,0,1,1,0
31,125406,5,2,2029,1,0,1,0
46,108348,5,4,4250,1,0,1,0
40,255710,2,1,5107,1,0,1,0
32,224718,3,1,3193,1,1,0,1
46,340319,5,4,5021,0,1,1,0
32,476938,5,5,6178,1,1,1,0
25,194629,3,1,4657,1,0,1,0
36,474159,3,4,6646,1,1,1,0
25,228762,0,3,4799,0,0,1,0
37,119175,5,2,4806,1,1,0,1
47,210887,2,3,2443,1,1,1,0
41,352889,0,1,2024,0,1,0,1
50,407691,5,3,1491,0,1,1,0
36,127623,1,0,3612,1,1,0,0
26,440337,4,0,4987,1,0,1,0
27,475705,5,4,2037,0,0,1,0
33,231602,3,1,5350,0,1,0,1
20,349754,1,2,3522,1,0,1,0
46,95676,1,3,2003,0,0,1,0
23,68847,2,0,4086,1,0,1,0
35,475220,1,5,2346,0,0,1,0
21,359496,4,0,3331,0,0,0,0
32,289570,4,4,1726,0,1,1,0
30,371161,0,1,5930,1,1,1,0
27,345741,0,5,5908,1,1,1,0
22,437773,4,1,6877,1,1,1,0
49,153190,4,2,4356,0,0,1,0
24,396838,5,5,6347,1,1,1,0
55,407634,4,2,6226,1,1,1,0
23,314156,5,1,5593,1,1,1,0
53,478037,1,2,5371,0,0,1,0
46,291303,5,0,4753,0,1,0,1
51,75022,0,4,3314,0,1,0,1
23,389297,4,2,3006,0,0,1,0
32,351515,0,0,4267,0,0,0,1
48,261898,1,0,3860,1,0,1,0
45,361787,2,3,1720,1,1,0,1
30,299095,2,0,3450,1,0,0,1
32,193866,2,0,3150,0,1,1,0
37,176306,1,5,1575,0,1,1,0
35,268319,2,2,4771,0,1,1,0
35,122912,2,0,2433,0,1,1,0
53,82180,2,1,2644,1,0,1,0
28,306717,4,0,3538,0,1,0,1
37,306287,2,3,5445,1,1,1,0
49,414067,4,1,2811,0,0,0,1
32,442142,4,4,3230,0,1,1,0
49,460097,4,5,5401,1,1,0,0
27,381087,4,5,3000,0,1,0,1
38,340598,3,1,7147,1,1,1,0
40,298131,4,4,1926,1,1,0,1
24,478950,1,2,6709,1,1,1,0
52,316410,2,0,3653,0,0,1,0
43,95424,2,1,2973,0,1,1,0
41,332925,4,5,2281,1,1,0,1
22,325210,0,4,6627,1,1,1,0
33,282758,5,1,5499,1,1,1,0
53,397555,0,5,5345,1,1,1,0
38,330684,4,0,5961,1,1,1,0
27,341853,0,0,4083,1,1,0,1
55,206338,4,4,2387,1,1,0,0
50,280133,1,1,7269,1,1,1,0
43,142963,4,5,4098,1,1,0,0
29,448626,0,0,5452,1,1,1,0
42,300827,2,4,3285,0,1,1,0
52,322808,3,5,4453,1,1,0,0
47,382746,4,1,1697,0,0,1,0
35,167814,4,5,4268,0,1,1,0
48,397107,3,5,5229,1,1,1,0
38,290744,0,4,7264,1,1,1,0
36,129439,0,2,2638,1,1,0,0
34,168028,0,0,2960,1,1,0,0
55,94763,1,2,3156,1,1,0,1
37,481794,0,0,3388,1,0,0,1
33,370417,4,5,7055,1,1,1,0
25,400405,4,2,6892,1,1,1,0
21,109895,0,3,2705,1,1,0,1
21,445549,1,0,2476,0,1,1,0
51,367882,3,3,4931,1,1,1,0
37,407007,2,1,5282,1,0,1,0
43,310694,5,4,1917,0,1,1,0
44,425344,5,4,5676,1,1,1,0
21,300092,1,1,2390,1,1,0,1
51,68853,1,2,4761,0,0,0,0
36,412052,2,0,3830,1,0,0,1
50,465885,0,4,4634,0,1,1,0
33,234427,3,2,4795,1,1,1,0
40,483221,5,0,3782,1,1,0,0
36,332176,2,5,2488,0,1,1,0
26,450442,5,0,5319,1,1,0,1
20,219268,5,5,4526,1,0,1,0
33,237939,3,5,3505,0,0,1,0
42,371216,4,4,6202,1,1,1,0
37,489102,1,2,5507,1,1,1,0
34,242547,3,0,2441,1,1,1,0
28,290813,2,3,2382,1,0,1,0
50,103590,1,2,3645,1,0,1,0
35,408493,3,0,5166,1,1,1,0
51,151328,1,0,1935,0,1,1,0
31,410672,4,3,3004,0,1,1,0
56,232689,0,1,2624,0,1,1,0
56,284525,0,4,5695,1,1,1,0
26,313986,0,0,3508,1,0,1,0
25,258854,4,2,4710,1,0,1,0
47,396154,4,3,5641,1,1,1,0
27,398139,5,1,6668,1,1,1,0
49,174852,5,3,1871,1,1,0,0
22,97384,1,2,1706,1,0,0,1
51,92465,4,2,5341,1,0,1,0
27,464917,5,2,6560,1,1,1,0
26,163012,0,2,4887,1,0,0,0
23,305580,2,5,6658,1,1,1,0
53,141108,2,4,4665,0,1,1,0
31,326888,2,1,1957,1,1,0,1
41,96408,4,0,4868,0,1,1,0
54,324315,3,0,5679,1,1,1,0
23,385155,1,3,1894,1,1,0,1
28,219132,4,0,2105,0,0,0,1
27,390480,1,2,4767,0,1,1,0
34,457560,4,4,3650,1,0,1,0
37,316312,1,2,4099,1,0,1,0
37,310198,5,3,4363,1,0,0,1
44,417714,0,4,3912,0,1,0,0
26,221226,5,1,3875,1,0,1,0
38,191038,5,3,1502,0,0,1,0
37,356067,5,4,2000,0,0,1,0
33,475616,1,3,6982,1,1,1,0
25,338463,3,2,6292,1,1,1,0
30,389990,0,5,5391,1,1,1,0
26,290275,5,3,6364,1,1,1,0
29,212696,5,5,2529,0,1,0,0
34,412969,4,0,3170,1,0,1,0
22,223964,5,2,4089,1,1,0,1
29,265747,5,3,5045,0,1,0,1
38,263188,4,1,5344,1,1,1,0
45,324883,2,3,4013,0,1,0,0
55,359195,0,5,5567,1,1,1,0
25,71011,0,0,4776,1,1,0,0
34,214785,1,2,1936,1,1,1,0
29,242666,4,5,2091,1,1,1,0
20,358438,3,5,2753,0,1,0,1
38,443443,1,2,2174,0,1,1,0
46,237741,4,0,4326,1,1,0,1
23,351480,0,3,6818,1,1,1,0
24,195758,2,1,4951,1,0,1,0
47,359568,3,1,3519,0,1,0,1
50,351359,4,1,1587,1,0,1,0
21,407264,1,0,2864,1,1,0,1
45,259786,5,3,5834,1,1,1,0
41,256443,3,1,6013,1,1,1,0
45,391006,3,4,2091,1,0,0,1
33,168710,4,4,2979,1,1,0,0
41,222522,2,3,3963,0,1,1,0
54,321395,1,0,3301,1,1,0,1
29,272873,4,5,6060,1,1,1,0
35,466101,5,3,2947,0,1,1,0
48,338670,4,1,6227,1,1,1,0
24,285871,3,5,6897,1,1,1,0
52,415226,5,1,2894,0,1,1,0
53,88933,5,0,1949,1,0,0,1
24,86031,3,5,1564,0,1,1,0
44,96277,5,3,2537,1,1,0,1
42,469339,1,4,5113,0,1,1,0
38,265143,5,1,3998,1,1,0,0
31,282853,1,1,3527,1,0,1,0
50,267259,4,5,2223,1,0,1,0
50,81384,1,4,3464,0,0,1,0
25,289134,4,1,5510,1,1,1,0
52,440522,3,2,2737,1,1,0,0
55,151528,1,1,4160,1,0,0,1
32,426795,5,2,2906,1,1,0,0
54,137844,2,0,5374,1,0,0,1
56,316208,0,5,6516,1,1,1,0
27,418280,0,1,6680,1,1,1,0
39,186104,2,1,5351,0,1,0,1
39,437501,1,0,2191,1,0,0,1
50,389044,5,5,3469,1,0,1,0
26,204890,2,4,2699,1,1,1,0
44,434364,4,4,6058,1,1,1,0
39,146955,4,0,4911,0,1,0,1
53,452813,0,5,4572,0,0,1,0
24,203571,3,3,2076,0,0,1,0
30,486290,3,3,6343,1,1,1,0
39,453617,0,2,5756,1,1,1,0
38,342872,5,4,4956,1,1,0,1
43,431472,4,4,2126,0,1,0,1
39,358134,0,4,4961,1,1,1,0
24,331114,5,3,4031,1,0,1,0
46,326491,3,4,6724,1,1,1,0
44,78672,2,0,4968,0,0,1,0
53,371115,5,0,5881,1,1,1,0
34,463368,0,1,4880,1,0,1,0
47,169074,3,5,3716,1,1,0,0
44,286258,2,1,1549,1,0,1,0
45,266514,4,0,3689,0,1,0,1
37,238121,5,1,4673,1,1,1,0
21,163154,0,2,1591,0,1,1,0
34,265128,3,4,3254,0,1,1,0
31,360395,5,1,5766,1,1,1,0
56,364035,3,5,5222,1,1,1,0
49,178802,2,3,2982,0,0,1,0
23,458606,2,3,2154,0,1,0,0
42,442271,3,1,7221,1,1,1,0
40,267244,2,3,6858,1,1,1,0
32,290258,5,3,3715,0,0,1,0
45,142380,0,2,3849,1,1,0,1
42,101870,1,3,3819,1,1,0,0
26,284584,4,1,3054,1,0,1,0
35,312670,2,0,1917,1,1,0,1
50,108101,3,4,4201,1,1,0,1
31,487730,0,1,5870,1,1,1,0
41,366197,3,0,4949,0,1,0,1
25,332302,2,5,2010,1,0,0,1
22,276692,1,0,3697,1,0,1,0
35,151359,1,1,3333,1,1,0,0
23,328384,1,5,2603,0,0,1,0
42,476410,0,4,1554,0,1,1,0
24,470174,1,1,1579,1,0,1,0
33,374690,3,5,3689,0,0,0,1
55,362632,2,2,5967,1,1,1,0
52,389580,2,3,2198,1,0,1,0
24,416870,4,2,1469,0,1,1,0
56,390778,0,2,1656,1,1,0,1
44,254365,2,3,4337,1,0,0,0
31,113894,4,0,4402,1,0,0,1
30,155831,1,1,3238,1,1,0,1
38,93008,3,4,4637,1,1,0,1
45,235311,0,3,5266,1,0,0,1
42,406683,4,2,5166,1,1,1,0
52,307352,2,0,6616,1,1,1,0
47,142943,1,2,3103,1,0,1,0
32,209776,0,3,4189,1,1,1,0
23,479531,5,1,5894,1,1,1,0
42,295602,0,4,4924,1,1,1,0
31,134982,4,1,4103,1,0,0,1
51,148280,2,1,1986,0,1,0,1
35,421281,4,3,2429,1,0,1,0
26,415857,3,3,4819,0,1,1,0
41,444704,0,5,5619,1,1,1,0
27,455979,0,3,5138,0,1,1,0
56,188466,5,5,3384,0,1,1,0
48,451083,2,3,3117,1,0,0,1
47,468149,2,1,3246,0,0,1,0
32,481948,1,1,3479,1,1,0,1
45,332005,4,3,3566,1,0,0,1
45,273400,5,3,2305,0,1,1,0
25,269258,3,1,4938,0,1,1,0
26,329305,5,1,3042,0,1,1,0
33,325514,2,0,5555,1,1,1,0
33,315118,4,2,1967,1,1,0,1
47,482734,1,1,4180,0,1,1,0
41,354538,5,0,5318,1,1,1,0
36,356048,4,1,3094,0,0,1,0
23,72991,2,1,5085,0,1,1,0
54,222701,1,1,4638,1,1,1,0
32,245251,5,2,3601,1,1,1,0
55,246890,5,2,4115,1,1,1,0
31,415033,4,0,4919,1,1,0,1
28,368026,5,0,3703,1,1,0,1
51,358205,2,3,2988,0,0,1,0
47,437371,3,0,6122,1,1,1,0
32,223092,1,1,4419,1,1,1,0
47,253489,0,5,3477,0,1,1,0
34,421551,1,2,2945,1,0,1,0
48,470155,3,3,4074,1,1,0,0
45,90682,1,4,4901,1,0,1,0
22,250854,0,5,7290,1,1,1,0
34,212636,4,3,3015,1,1,1,0
45,429153,2,3,4306,0,1,1,0
36,485126,0,1,4358,1,0,1,0
32,91460,2,2,1555,1,1,0,1
34,359790,0,5,4932,1,1,1,0
47,341777,1,1,5155,1,1,0,1
40,306607,1,1,5309,1,1,1,0
56,331228,2,4,2636,1,1,0,1
40,176094,3,0,2131,1,1,0,1
45,170231,5,4,3104,1,1,0,1
38,349450,1,2,7248,1,1,1,0
53,400994,4,2,5380,0,1,0,1
56,176464,1,5,3018,0,1,0,1
22,149820,2,0,5165,1,1,0,1
33,216402,2,1,3784,0,0,1,0
45,126056,4,1,2555,1,0,1,0
54,210628,4,5,2547,1,1,0,0
43,449377,0,4,2041,0,0,1,0
31,216065,0,2,1913,1,1,1,0
20,394320,5,2,3892,1,0,1,0
36,178689,5,5,4548,1,0,0,1
20,123487,1,4,3077,0,1,0,0
26,308913,3,1,6297,1,1,1,0
39,383067,1,5,6749,1,1,1,0
41,362363,0,1,6671,1,1,1,0
54,95413,0,2,3514,0,1,1,0
56,225749,2,1,4261,1,1,1,0
30,120432,1,5,5243,0,1,0,1
56,336605,5,5,6589,1,1,1,0
53,306531,3,2,7051,1,1,1,0
53,367101,5,1,4704,0,1,1,0
33,328835,4,1,6198,1,1,1,0
37,336343,0,1,2171,0,1,1,0
44,446118,2,5,5275,1,0,0,0
29,277582,3,2,4184,0,1,1,0
41,71182,5,5,3642,0,1,1,0
38,211417,5,5,4649,0,1,0,1
54,262129,2,3,2985,1,0,1,0
31,125915,4,4,4321,1,1,0,0
20,338869,2,5,1558,0,1,0,1
28,282165,4,5,5750,1,1,1,0
28,255082,3,1,2895,0,1,1,0
48,481087,1,2,1824,1,1,0,0
30,150219,5,5,4174,0,1,0,0
51,204701,1,5,2176,1,0,1,0
48,275026,4,2,6450,1,1,1,0
47,225304,5,5,2101,0,1,1,0
32,465057,4,5,4130,1,0,0,1
46,89805,0,0,3653,1,0,1,0
42,222557,5,1,4875,1,1,0,1
47,235831,4,3,2557,0,1,0,0
43,461643,1,3,6897,1,1,1,0
22,488103,4,3,6616,1,1,1,0
20,227448,3,3,2131,1,1,1,0
30,458150,1,3,6437,1,1,1,0
38,351370,4,2,5019,1,1,0,1
38,363581,2,2,6754,1,1,1,0
51,398213,4,0,4378,0,1,1,0
51,461397,1,0,6929,1,1,1,0
36,103938,0,0,5077,0,0,0,1
49,341188,0,4,6456,1,1,1,0
34,270042,3,0,2638,0,1,0,1
49,461779,1,2,4558,1,0,0,1
34,269368,4,2,3048,0,1,0,1
39,402833,5,0,4223,0,1,0,1
52,225379,5,2,2443,1,1,1,0
37,441121,2,2,5939,1,1,1,0
30,480860,1,2,7085,1,1,1,0
20,395566,1,0,2944,0,1,1,0
25,234128,4,3,4379,0,1,0,1
52,358511,2,2,3885,1,1,0,0
48,263167,4,5,6214,1,1,1,0
41,235139,5,2,4314,0,1,1,0
29,237259,1,4,2858,1,1,1,0
23,354540,1,0,4666,1,0,1,0
41,416154,0,2,2016,1,0,1,0
33,252765,4,4,6464,1,1,1,0
54,485342,0,2,6774,1,1,1,0
49,209940,1,0,3380,1,1,1,0
22,489656,1,1,6582,1,1,1,0
38,125475,4,1,3883,1,0,1,0
48,392319,1,3,1912,0,1,1,0
24,273357,0,5,3642,1,1,0,0
55,77892,4,1,5402,0,1,0,1
48,221999,0,0,3165,1,1,0,0
46,400507,0,0,2986,0,0,1,0
22,480407,3,2,6533,1,1,1,0
23,418752,0,5,4090,1,0,1,0
53,374756,2,1,4647,1,0,0,0
34,447953,2,4,2223,1,1,0,1
42,401532,5,4,3968,1,1,0,0
35,335020,5,2,2763,1,1,0,1
25,228708,2,1,5198,1,1,1,0
37,344457,3,2,2935,0,1,1,0
54,449897,4,0,5009,1,1,1,0
42,231118,5,3,5123,1,1,0,1
43,433820,2,1,6891,1,1,1,0
33,93802,4,3,4508,1,0,0,1
47,361368,1,3,6853,1,1,1,0
42,241003,2,1,1513,1,1,1,0
28,477770,3,5,4927,1,0,0,1
34,458491,0,1,3665,0,1,1,0
49,341305,5,3,6778,1,1,1,0
20,294912,4,1,6601,1,1,1,0
48,330210,2,0,2876,1,0,1,0
21,207729,3,0,4147,1,1,1,0
52,482333,3,3,2764,1,0,1,0
56,193809,3,1,1980,0,1,0,1
39,418529,0,4,4307,1,0,1,0
24,354976,2,1,4792,0,1,1,0
25,450184,1,2,4416,1,0,1,0
34,263841,0,5,5832,1,1,1,0
54,220815,4,3,5020,0,1,0,1
46,185938,0,4,5206,1,0,0,1
49,342503,4,4,1952,1,1,0,1
50,325122,4,3,6628,1,1,1,0
20,467702,3,5,1883,1,0,0,1
56,483191,5,4,3933,1,0,1,0
52,264898,3,1,2977,0,1,1,0
24,398402,3,2,6362,1,1,1,0
30,488924,5,1,2420,0,0,0,0
33,169027,0,0,2914,0,1,0,1
44,456502,2,4,3635,0,1,0,0
24,473306,3,1,6795,1,1,1,0
55,254030,1,0,1553,1,1,0,1
38,116588,5,2,1834,0,1,0,1
55,148416,3,1,3324,0,1,1,0
56,378445,0,0,4468,0,1,1,0
27,290927,5,0,5564,1,1,1,0
42,270491,0,1,1722,0,1,1,0
21,377696,5,1,7175,1,1,1,0
27,282148,1,2,3265,0,1,0,1
55,457703,5,5,5378,1,1,1,0
51,266962,1,5,3579,1,0,1,0
28,429487,3,1,6814,1,1,1,0
25,463784,5,5,3773,1,0,1,0
56,398679,4,4,4167,1,1,0,1
40,198877,4,4,4141,0,1,1,0
55,285063,3,0,2505,1,1,0,1
22,398525,3,0,5467,1,1,1,0
43,485248,5,2,3480,0,1,1,0
24,212816,5,0,1612,1,1,1,0
43,180917,4,5,5227,1,1,0,1
30,221311,3,3,4728,0,1,1,0
33,464924,2,4,2268,1,0,0,1
31,328647,5,2,4555,1,0,1,0
55,314374,4,0,3920,0,1,1,0
22,423396,1,3,6966,1,1,1,0
42,229010,5,0,3165,0,1,1,0
29,142740,2,0,5193,1,1,0,0
54,255606,0,1,6041,1,1,1,0
35,428413,2,2,3359,0,1,0,0
28,340447,3,2,4524,1,0,1,0
55,132716,2,3,4111,0,0,1,0
41,229429,2,5,2587,1,1,1,0
39,242279,2,5,1833,1,1,1,0
48,477276,2,1,2344,1,0,1,0
33,324094,4,1,4663,1,0,1,0
32,425472,2,3,5746,1,1,1,0
54,242263,3,0,1718,1,1,1,0
52,283643,1,0,5376,1,1,1,0
22,309863,2,0,6854,1,1,1,0
21,166998,5,4,2063,0,1,0,1
41,480077,0,0,6821,1,1,1,0
29,102331,0,4,3155,0,1,1,0
48,132863,4,1,3698,0,0,1,0
54,89890,3,2,4672,0,1,0,0
54,421479,5,0,3914,1,0,1,0
20,241126,0,0,2525,1,0,1,0
23,138081,4,4,5132,1,0,1,0
25,334063,3,2,2650,0,1,0,1
36,414757,5,4,6548,1,1,1,0
53,344689,0,5,4094,1,1,0,0
27,125641,3,4,3548,0,0,0,1
35,300592,0,5,4408,0,0,1,0
38,399389,4,2,3566,1,1,0,0
22,248195,3,1,1481,1,1,1,0
22,135533,4,2,1657,1,0,1,0
55,471579,5,1,4275,0,1,0,1
50,73343,3,2,2878,1,0,1,0
54,365454,1,5,4138,1,1,0,1
27,478868,0,3,5554,1,1,1,0
32,109445,3,0,2284,1,0,1,0
50,339311,5,3,2404,1,1,0,0
26,475231,1,3,7051,1,1,1,0
27,275895,2,1,3780,1,1,0,1
42,272906,1,0,5918,1,1,1,0
54,230518,2,5,4726,1,0,1,0
49,455965,5,5,1717,0,0,0,1
43,330397,3,2,2454,0,1,0,0
33,456100,5,3,2688,0,1,0,1
38,309670,3,5,6284,1,1,1,0
52,151159,0,0,1479,1,0,0,0
22,411119,4,3,1750,0,0,1,0
24,374562,3,4,1847,0,1,1,0
54,414133,4,5,4786,1,1,0,0
46,216586,2,0,2184,1,1,1,0
48,85837,1,0,4234,0,1,1,0
20,207872,1,3,1518,1,1,1,0
23,322258,1,4,3028,1,0,1,0
46,308866,3,4,4241,1,0,1,0
30,280590,4,5,6055,1,1,1,0
27,346169,3,5,5608,1,1,1,0
30,436474,4,3,4262,0,1,1,0
26,219888,2,5,5028,1,0,0,0
27,361115,3,0,6625,1,1,1,0
27,302109,2,3,2769,0,0,1,0
38,146369,5,1,2614,0,0,1,0
53,257937,0,1,1888,0,1,1,0
36,425617,0,3,7287,1,1,1,0
56,334667,1,0,1984,1,1,0,1
23,447553,3,4,3746,0,0,1,0
56,232496,5,1,4018,1,1,0,1
46,112380,4,3,3452,1,1,0,0
47,161477,4,3,3269,0,1,1,0
35,189835,0,0,1882,0,1,1,0
22,258646,4,3,5262,1,0,1,0
34,154655,5,3,2336,1,0,1,0
32,376869,4,1,6522,1,1,1,0
44,394491,3,3,3611,1,0,0,1
38,221743,3,2,1892,1,1,0,1
28,193238,0,0,2271,1,1,0,1
41,330755,1,4,4914,1,0,0,1
23,472110,0,2,6416,1,1,1,0
32,468475,1,1,5479,1,1,1,0
31,332949,4,3,7128,1,1,1,0
31,401677,1,2,6168,1,1,1,0
25,305354,4,0,2095,0,0,0,1
40,384309,5,3,3061,0,1,1,0
22,489355,3,3,4409,1,0,1,0
38,461460,4,1,5431,1,1,1,0
27,343731,5,1,4330,0,1,1,0
55,367554,5,3,4516,1,0,1,0
29,371327,1,4,2188,0,1,1,0
29,177797,5,5,1486,1,0,0,1
41,242269,5,4,4436,1,1,1,0
36,151130,1,0,3051,0,1,0,0
51,303353,3,3,3366,1,1,0,1
26,295710,3,2,3925,1,1,0,1
56,69360,0,4,5240,1,0,1,0
35,375514,3,4,6952,1,1,1,0
55,201176,0,0,2887,1,0,0,0
45,403532,3,3,2035,1,1,0,0
42,229117,1,3,4088,1,1,0,1
54,319955,3,4,2361,0,1,0,0
56,425860,3,5,2697,0,1,0,1
39,105989,4,0,5257,1,1,0,0
53,95949,3,3,4804,0,1,1,0
26,179760,2,5,3512,0,0,1,0
38,165481,3,4,4296,0,1,1,0
36,475724,0,0,3208,0,1,1,0
22,216757,5,1,1573,0,1,1,0
28,316226,1,3,2851,0,1,0,1
53,208906,0,4,4742,1,1,1,0
44,463941,2,2,5193,1,1,1,0
51,327983,4,1,1977,0,1,0,1
28,230463,5,1,2552,0,0,0,1
32,388148,5,4,4989,1,0,1,0
44,395900,3,0,3046,1,1,0,0
20,78240,1,4,1630,0,1,1,0
55,217174,3,3,3830,1,1,1,0
20,361723,1,3,5454,1,1,1,0
51,69968,3,5,3378,1,1,0,1
55,400481,4,4,2812,0,1,1,0
24,186591,2,2,4810,1,1,0,0
38,296456,4,4,6030,1,1,1,0
35,188929,5,1,4238,0,1,1,0
25,192804,0,5,1636,1,0,1,0
25,489362,0,4,6751,1,1,1,0
49,146904,0,2,3779,1,0,0,1
51,199066,3,5,3035,0,1,1,0
38,485884,5,3,2949,0,0,0,1
54,317170,0,4,5614,1,1,1,0
43,306609,5,2,7263,1,1,1,0
47,66693,5,2,5232,1,0,1,0
47,314862,5,3,5941,1,1,1,0
35,347256,1,0,4531,1,0,0,1
28,483152,4,2,3736,0,1,0,0
21,261431,4,0,2149,1,1,0,0
35,262524,0,0,6909,1,1,1,0
27,457208,1,3,5738,1,1,1,0
26,333186,3,4,6320,1,1,1,0
32,235357,2,1,4212,1,1,1,0
43,262068,5,0,6504,1,1,1,0
37,187517,4,2,2316,1,1,0,1
48,400605,4,4,3440,0,1,1,0
56,384033,0,2,2560,0,1,1,0
30,198925,1,4,2251,0,1,1,0
29,465906,4,2,4945,1,1,1,0
26,406666,1,1,4975,0,1,1,0
20,406136,3,4,4425,0,1,1,0
31,237106,2,0,5406,1,1,1,0
21,356926,0,5,4551,1,1,0,0
21,128451,0,0,3357,1,0,0,0
34,172599,1,3,1710,0,1,1,0
55,487526,4,2,2855,0,1,1,0
29,472975,3,4,5434,1,1,1,0
42,114486,3,1,2302,0,0,1,0
35,325996,4,0,5975,1,1,1,0
48,385835,0,2,6287,1,1,1,0
31,327462,3,2,3382,1,0,1,0
41,476721,3,3,6616,1,1,1,0
47,251381,2,1,5047,1,1,1,0
36,396368,2,4,2131,0,0,0,0
36,66814,2,1,3963,1,0,1,0
28,462857,4,0,4946,1,0,1,0
28,445069,2,5,7084,1,1,1,0
23,378273,3,2,5120,1,0,1,0
24,443740,5,4,2861,0,0,1,0
26,154856,2,5,1485,0,1,1,0
48,128969,0,1,4270,1,0,1,0
45,359170,3,0,6807,1,1,1,0
53,410772,4,2,2287,0,1,1,0
30,367419,0,0,6405,1,1,1,0
23,210122,0,2,1659,1,1,1,0
37,395629,3,4,5318,1,1,1,0
38,238753,1,5,3494,0,1,1,0
25,191350,3,3,2007,0,1,1,0
37,300435,3,3,4589,1,1,0,1
37,311593,4,0,6794,1,1,1,0
43,387616,3,3,5923,1,1,1,0
42,304454,5,0,6135,1,1,1,0
37,421398,0,1,3722,1,1,0,1
44,382712,0,5,5288,1,0,0,0
42,115694,0,4,4115,1,0,0,1
31,350608,0,2,6638,1,1,1,0
39,412901,2,5,2310,1,1,0,1
23,348516,2,5,2322,1,0,0,0
23,253551,5,3,4431,0,0,1,0
24,372494,0,2,4171,1,0,0,1
42,114436,5,2,3886,1,0,0,0
54,334653,0,0,5248,1,0,1,0
22,450438,4,1,3014,1,1,0,1
25,346581,3,5,6870,1,1,1,0
31,352344,5,4,4005,0,1,0,0
25,171974,1,5,3866,1,0,0,1
35,218700,0,3,2065,1,0,1,0
46,473534,4,2,1640,1,1,0,1
43,170446,4,4,2100,0,1,0,1
25,97468,0,1,1852,0,1,1,0
54,415581,5,0,2284,1,1,0,1
26,136779,1,0,3285,0,1,1,0
24,315772,0,5,1666,0,1,1,0
53,278312,1,0,2225,1,1,0,1
26,443167,1,0,4708,0,1,1,0
28,367516,2,4,1588,0,1,1,0
41,163060,3,4,4754,1,1,0,1
28,230518,0,2,5093,1,1,1,0
40,463349,1,0,2076,0,1,1,0
26,230517,5,4,4615,1,1,1,0
26,341270,1,4,3327,1,0,1,0
48,471615,4,4,5054,1,0,0,0
55,124315,0,0,3709,1,1,0,1
41,289255,2,0,5543,1,1,1,0
39,262322,0,0,6770,1,1,1,0
49,390274,4,5,7043,1,1,1,0
25,306891,5,0,1986,1,1,0,1
49,130985,3,0,3113,0,0,0,1
51,276098,3,3,5222,1,1,1,0
28,230439,5,4,1797,1,1,1,0
45,318308,3,2,3927,0,1,0,0
39,376154,2,1,3140,1,1,0,1
29,139770,0,3,4959,0,1,1,0
37,244451,4,1,2028,1,1,0,0
47,467862,2,4,7042,1,1,1,0
55,368074,2,5,2012,0,1,0,1
30,334154,3,0,5443,1,1,1,0
37,255219,4,0,2208,1,0,1,0
49,169528,1,2,4059,1,0,1,0
45,251825,2,0,3503,1,1,0,1
40,339849,0,1,5022,1,1,0,1
42,473031,4,1,2926,0,0,1,0
45,425023,5,2,1836,0,0,0,1
50,212134,4,4,1629,1,0,1,0
48,471082,4,0,1506,0,0,1,0
22,332352,1,4,5688,1,1,1,0
51,343698,1,4,2120,0,1,0,1
32,149741,3,5,2149,1,0,0,0
30,356356,5,1,5211,1,1,1,0
32,223184,3,3,2399,0,1,0,1
40,459127,5,0,5372,1,1,1,0
40,74048,2,2,1649,1,0,1,0
37,484432,2,3,6207,1,1,1,0
44,397542,4,2,5062,0,1,1,0
34,113569,5,0,3728,1,0,1,0
34,228146,3,1,2819,1,0,1,0
29,293563,5,2,6371,1,1,1,0
27,362261,1,2,3867,1,0,1,0
54,397671,4,2,5077,1,1,1,0
52,436289,4,0,4102,1,0,1,0
48,237294,4,1,2557,1,1,1,0
44,131292,3,0,4128,1,0,1,0
49,156333,0,5,2762,0,1,0,1
32,305335,2,5,2107,0,1,1,0
36,355302,5,4,6017,1,1,1,0
29,79724,5,0,1870,1,1,0,1
24,313451,2,4,3778,1,1,0,1
54,275470,5,1,5007,1,1,1,0
38,74252,2,0,4522,0,1,0,1
53,281808,3,4,5257,1,1,1,0
25,361226,2,3,7293,1,1,1,0
46,343842,1,4,6063,1,1,1,0
35,310574,5,4,6748,1,1,1,0
35,314715,1,2,2159,1,1,0,1
35,93937,5,1,5258,1,0,1,0
47,418528,2,2,1741,1,1,0,0
26,337596,3,5,2580,1,1,0,0
24,322971,3,3,4399,0,1,1,0
34,474637,1,0,5407,0,1,0,1
48,328382,5,3,4005,1,1,0,1
46,293218,4,1,2990,0,0,1,0
36,380137,4,1,6754,1,1,1,0
34,339721,1,5,5289,1,0,1,0
39,317688,0,5,3256,0,1,1,0
38,159821,0,1,2588,0,1,1,0
22,418583,2,0,6717,1,1,1,0
39,346480,1,3,1926,0,1,0,1
44,472546,3,4,1933,0,1,1,0
44,463525,1,5,6633,1,1,1,0
22,232831,1,2,5230,1,1,1,0
29,342902,1,0,4804,0,0,1,0
51,79530,3,4,4540,0,1,0,0
28,222348,5,2,4310,0,1,0,1
48,252638,0,4,1969,0,0,1,0
56,414304,2,4,6641,1,1,1,0
37,249437,2,2,4380,1,0,1,0
54,305354,3,4,6196,1,1,1,0
34,362628,2,2,5220,1,0,0,1
28,137805,2,5,5336,1,0,0,1
20,473580,1,2,5207,1,1,1,0
31,329500,2,2,3762,1,1,0,1
37,392841,4,1,5044,0,1,1,0
25,310515,5,0,5437,1,1,1,0
54,258837,2,2,4958,1,0,1,0
49,371928,4,1,4138,0,1,0,1
35,269860,2,3,1704,0,0,1,0
33,248243,3,0,4635,1,1,1,0
48,449012,0,2,6116,1,1,1,0
42,435448,5,0,3220,1,1,0,0
20,442217,2,4,3172,1,1,0,1
21,406601,1,3,3750,0,1,1,0
40,238803,2,3,5006,1,0,1,0
28,408889,5,4,2271,0,1,1,0
46,424319,2,5,2328,1,0,1,0
34,248210,4,0,3207,0,1,0,1
28,92132,1,4,2394,1,1,0,1
28,198444,4,1,1897,0,0,1,0
29,231528,4,2,3753,1,1,1,0
54,466260,0,3,1980,0,1,1,0
28,460156,0,1,2911,1,1,0,1
26,375008,3,0,5384,0,0,1,0
39,474992,2,4,4613,1,0,1,0
52,354206,3,4,3857,1,0,1,0
53,341962,0,0,5763,1,1,1,0
29,90959,1,3,5065,0,1,0,1
43,169841,2,0,3424,1,0,1,0
55,154981,2,2,1887,0,1,0,1
24,472892,2,4,1749,1,0,0,1
47,75826,4,3,5062,1,0,1,0
20,282046,2,3,5118,0,1,0,1
35,235862,0,3,2647,0,0,1,0
22,221105,1,0,5207,1,0,1,0
55,428715,5,0,4284,0,0,1,0
44,200750,5,0,2874,0,1,1,0
33,191959,0,2,2312,1,1,0,0
47,393695,0,2,3495,1,1,0,0
44,241399,3,0,2761,1,1,1,0
34,219893,2,1,5350,0,1,0,0
34,332284,2,4,6634,1,1,1,0
46,208768,0,1,1725,0,1,1,0
37,172627,4,2,2820,0,1,0,1
41,332769,3,0,5673,1,1,1,0
55,247051,0,5,1732,1,0,1,0
35,398924,3,2,5320,1,1,1,0
27,416831,3,0,5604,1,1,1,0
35,326794,0,3,4492,1,1,0,1
26,200897,2,2,4604,1,1,0,0
39,314939,4,5,7212,1,1,1,0
41,485133,0,3,5766,1,1,1,0
32,227302,3,3,3628,0,0,1,0
41,103269,0,5,3021,1,1,0,0
23,116939,2,3,2304,0,1,1,0
20,297807,1,0,4736,1,0,1,0
36,424626,1,5,6320,1,1,1,0
53,214230,0,4,2039,0,0,1,0
43,324139,4,1,1880,0,0,0,1
28,248561,1,3,3121,0,1,0,1
52,463786,4,5,6185,1,1,1,0
26,489978,1,0,5747,1,1,1,0
21,137406,2,1,2228,1,0,1,0
22,318729,3,2,6340,1,1,1,0
26,241956,3,2,4219,1,1,1,0
50,423429,0,1,2639,1,1,0,0
28,483768,2,4,6481,1,1,1,0
35,349005,1,1,3240,0,1,1,0
33,325130,5,2,2433,1,1,0,1
38,104718,2,3,3119,0,1,0,1
28,112798,0,1,1798,0,1,1,0
21,412059,3,2,2791,1,0,1,0
30,74752,2,3,4225,0,1,1,0
37,215992,4,4,3721,0,1,1,0
56,428572,3,1,3871,0,1,1,0
56,286218,3,5,5021,0,1,1,0
51,275352,3,1,5100,1,1,0,1
27,285326,2,1,4414,0,1,1,0
21,236911,2,4,1547,1,0,1,0
30,199132,0,1,5325,0,1,1,0
54,124252,5,1,4641,0,1,1,0
43,98834,3,2,3789,0,1,0,1
47,256930,5,3,4860,1,1,0,1
37,336650,4,3,6307,1,1,1,0
49,231796,4,3,2321,1,1,0,1
43,437499,1,4,2173,1,1,0,0
36,363120,2,1,2992,0,1,1,0
52,452388,3,4,5858,1,1,1,0
24,397552,1,1,6198,1,1,1,0
35,474782,0,3,4917,0,0,1,0
25,478507,5,2,4412,0,1,1,0
38,82688,2,1,2503,0,0,1,0
44,230612,3,4,2478,1,1,1,0
33,176493,2,2,1527,0,1,1,0
41,70650,3,4,3750,0,1,0,1
45,413061,0,3,4407,0,1,1,0
26,230956,1,5,2422,1,1,0,1
52,461036,3,5,1492,0,1,1,0
27,479963,1,5,4149,0,1,1,0
33,405312,0,1,2834,1,1,0,0
45,240723,3,3,2672,1,1,0,1
30,324779,0,4,3749,1,0,0,1
38,294970,5,5,1542,1,1,0,1
40,81680,4,1,2525,0,1,1,0
24,476165,5,1,5493,1,1,1,0
44,312704,4,2,6862,1,1,1,0
49,470538,4,2,3332,1,0,1,0
20,281424,0,0,6011,1,1,1,0
33,198025,4,1,4506,0,1,1,0
55,100672,5,3,3340,1,1,0,1
23,230011,3,3,2480,0,1,1,0
37,149213,5,1,4714,0,1,1,0
35,431542,5,5,3730,1,1,0,1
41,318959,3,2,3919,1,1,0,1
23,177563,3,5,4735,1,1,0,1
48,309554,4,0,6589,1,1,1,0
52,286994,1,5,2203,1,0,0,1
53,276347,1,0,2256,1,1,0,0
35,230553,1,1,3429,1,1,1,0
40,378614,1,5,7262,1,1,1,0
50,251537,2,4,3290,1,0,0,1
28,69731,0,4,2206,1,1,0,1
33,271056,5,5,5818,1,1,1,0
24,365326,4,4,1802,1,1,0,0
20,441389,0,5,5135,1,1,1,0
48,480508,0,4,7274,1,1,1,0
53,257477,3,2,6622,1,1,1,0
31,401608,1,4,5694,1,1,1,0
34,218587,5,5,4869,1,0,1,0
34,90901,1,5,1767,0,1,0,0
44,422229,4,0,6893,1,1,1,0
53,235014,4,3,3511,1,0,1,0
46,342973,0,4,1978,0,1,1,0
43,423032,4,1,6713,1,1,1,0
21,445039,2,2,1706,1,0,0,1
47,279271,0,4,4641,1,1,0,1
41,232336,2,3,2981,1,1,1,0
38,239493,2,4,2846,1,1,1,0
20,424199,1,1,2480,0,1,1,0
37,184967,0,1,3131,0,1,0,1
40,250200,3,2,5651,1,1,1,0
40,213888,3,1,1784,1,0,1,0
53,475925,3,1,2171,0,0,1,0
48,401268,3,2,4179,1,1,0,1
21,221173,5,1,2141,1,1,1,0
32,213202,1,2,4784,0,0,1,0
56,260936,4,0,4530,0,1,0,1
41,287614,0,2,5193,1,1,1,0
34,232832,0,1,2543,1,1,1,0
52,73028,5,1,2617,1,1,0,0
54,399427,0,2,5223,1,1,1,0
26,466380,0,1,3762,1,0,0,0
38,406703,4,4,7006,1,1,1,0
46,118763,4,3,1951,1,1,0,0
36,237876,4,4,3410,0,1,0,0
26,478646,2,0,3723,1,1,0,0
29,378431,0,2,6102,1,1,1,0
37,258887,5,3,4972,1,1,1,0
53,216623,5,1,3746,0,1,0,1
29,398773,3,5,3045,0,1,1,0
35,241304,1,5,1477,0,1,1,0
52,382567,4,0,7189,1,1,1,0
20,370742,5,5,5624,1,1,1,0
31,88807,0,5,1942,1,1,0,1
24,237649,5,0,3634,1,1,1,0
30,266711,0,5,7307,1,1,1,0
34,252659,5,4,6796,1,1,1,0
26,405861,1,2,4814,0,1,0,0
46,177704,4,3,5257,1,1,0,1
54,284803,5,5,3323,1,0,1,0
29,475057,4,1,1824,0,1,1,0
36,138663,5,0,1487,1,0,0,1
22,330430,2,2,4088,0,1,0,1
34,131744,3,4,4045,0,1,1,0
25,322643,4,5,5375,1,1,1,0
32,334319,0,5,2391,0,1,1,0
43,442005,2,4,5069,1,1,1,0
42,469538,4,2,5817,1,1,1,0
37,206074,4,2,4232,1,1,0,1
34,484998,3,3,3629,0,1,1,0
31,300596,3,1,1626,1,0,1,0
26,470317,2,5,6075,1,1,1,0
36,308409,5,4,4383,0,1,1,0
41,223786,2,1,4548,0,0,1,0
40,473005,1,0,3945,1,1,0,1
50,121458,0,0,4922,0,1,0,1
52,441352,0,5,6083,1,1,1,0
24,172343,3,0,4109,0,1,1,0
49,293940,2,0,7002,1,1,1,0
28,420432,4,5,7124,1,1,1,0
49,264307,3,5,2708,0,1,1,0
25,275906,2,2,5680,1,1,1,0
41,268344,5,0,5180,1,1,1,0
42,186359,4,5,1530,1,1,0,1
52,147261,1,1,2688,0,1,1,0
22,292660,4,0,2766,1,1,0,1
34,131363,4,1,4365,0,1,1,0
20,486515,5,4,3601,1,0,1,0
20,384082,4,5,5630,1,1,1,0
48,206023,4,4,2882,1,1,1,0
48,387059,5,4,3362,1,1,0,1
46,113221,3,0,3121,1,1,0,1
37,487526,1,2,2805,1,0,0,1
55,324958,2,0,4868,1,1,0,1
28,476676,4,4,6269,1,1,1,0
26,368998,2,0,5272,1,0,1,0
42,93993,2,3,5035,0,0,0,0
24,100241,4,3,1840,0,0,1,0
38,220862,0,1,4306,1,1,1,0
56,436946,1,2,2312,1,1,0,1
29,88866,4,3,2948,1,1,0,0
33,367248,2,1,5242,1,1,1,0
51,226183,5,5,4456,0,1,1,0
47,355642,0,5,5014,1,1,1,0
21,389059,5,3,2570,0,0,1,0
32,214907,4,5,3109,1,1,1,0
43,183759,3,0,2788,1,1,0,1
35,66042,0,3,4317,1,0,0,1
50,347819,1,1,2977,1,1,0,1
24,162288,4,2,2455,1,1,0,0
26,291931,5,5,5528,1,1,1,0
50,324631,3,1,5064,0,1,1,0
38,157337,0,1,1900,1,0,0,1
26,211230,5,3,4569,1,1,1,0
34,338896,1,3,3923,1,0,0,0
34,444402,4,2,6239,1,1,1,0
46,417720,3,3,5234,1,1,1,0
55,396173,5,2,5245,1,1,1,0
30,311702,1,0,5548,1,1,1,0
38,83184,1,3,3894,1,0,1,0
27,468993,4,3,2490,1,1,0,1
21,353962,2,2,5000,0,1,1,0
53,367669,1,0,6603,1,1,1,0
36,312303,2,2,2614,0,1,1,0
54,185778,0,5,1710,1,1,0,1
22,366971,3,4,3800,0,0,1,0
42,232788,1,4,1825,1,0,1,0
52,427705,1,5,5039,1,1,1,0
44,80164,0,3,4338,1,1,0,1
31,438095,2,2,5702,1,1,1,0
44,100617,3,2,3791,0,0,1,0
55,483892,1,4,2971,1,1,0,1
44,439887,3,2,3826,0,1,1,0
51,255322,1,4,3378,0,0,1,0
56,373420,0,0,2254,1,1,0,1
55,423631,4,1,2141,0,1,1,0
56,411046,2,5,5752,1,1,1,0
34,471574,5,4,5058,0,1,1,0
27,466142,4,4,2191,0,1,0,1
26,129854,4,1,2204,0,1,0,1
50,215292,1,1,2111,0,1,1,0
56,268888,4,3,3974,0,0,1,0
37,322605,0,3,6676,1,1,1,0
50,332079,4,2,5046,0,1,1,0
38,253374,2,3,2184,1,1,0,0
53,488908,1,5,4940,0,1,1,0
25,474407,1,1,4435,1,0,1,0
36,172326,2,0,1973,0,0,1,0
51,457587,4,2,5068,1,1,0,1
21,445883,5,2,2126,1,1,0,0
44,139702,3,0,1713,1,1,0,0
48,245207,0,1,2294,0,0,1,0
37,385321,3,3,5593,1,1,1,0
38,268766,4,2,2855,1,1,0,1
21,428037,5,0,2763,1,0,1,0
36,258374,1,1,6905,1,1,1,0
54,477781,0,2,5190,1,1,1,0
36,211586,2,1,1822,0,1,1,0
37,290604,3,5,5243,1,1,1,0
28,459020,4,2,6689,1,1,1,0
56,376863,0,2,3072,0,1,1,0
24,276814,2,3,1755,0,1,1,0
20,394914,0,0,5644,1,1,1,0
42,282596,5,1,3492,1,0,0,0
20,442583,1,4,2991,1,1,0,1
33,459706,2,0,4297,1,1,0,1
40,422240,5,3,6237,1,1,1,0
45,72798,3,2,2479,1,1,0,1
27,110817,2,1,3530,0,1,0,1
26,127299,3,5,3392,0,1,1,0
35,341403,4,2,3650,1,1,0,0
20,254036,4,0,2350,1,0,1,0
48,334654,2,2,1961,1,1,0,1
40,457836,0,1,4439,1,1,0,1
52,244974,1,2,5392,1,0,1,0
51,442223,2,1,3216,1,1,0,1
30,392333,4,4,3648,0,0,0,1
42,160056,4,4,2024,1,1,0,1
54,469180,5,1,2504,1,0,0,1
54,358311,4,1,3044,1,0,0,1
54,259671,5,2,1826,0,1,1,0
50,405998,2,3,7151,1,1,1,0
28,366168,4,3,5792,1,1,1,0
27,305620,3,2,4925,1,1,1,0
34,398675,3,0,6692,1,1,1,0
21,330959,5,1,5839,1,1,1,0
46,221190,0,5,2980,0,1,1,0
43,343299,5,0,6908,1,1,1,0
44,332544,3,4,2430,0,0,1,0
29,402940,5,0,6807,1,1,1,0
24,229940,1,2,4100,0,0,1,0
38,181657,3,0,3881,0,1,1,0
53,223028,1,4,4089,1,1,1,0
21,285750,1,5,4814,1,0,1,0
38,230989,0,5,4976,1,0,1,0
45,364577,1,3,2368,1,0,1,0
37,440909,3,5,4772,0,1,1,0
31,253680,1,1,4820,0,1,1,0
26,265699,3,2,5097,1,1,1,0
47,261535,4,3,7058,1,1,1,0
55,117457,4,2,2073,0,1,0,0
51,443951,2,1,6511,1,1,1,0
26,406980,2,1,4676,0,1,0,1
42,244180,4,3,5185,1,1,1,0
42,318555,3,2,5431,1,1,1,0
52,223223,0,2,4864,1,1,1,0
41,286137,3,5,6991,1,1,1,0
42,457189,3,5,4614,1,0,1,0
42,206440,2,2,4650,0,1,0,1
21,219659,4,5,2220,0,1,1,0
26,246601,5,3,1701,1,1,0,0
35,434199,1,2,2373,0,1,1,0
24,175788,2,2,3216,0,0,1,0
21,155453,5,4,2414,0,0,0,0
44,104847,1,2,4288,0,1,1,0
43,327486,5,3,4458,1,0,1,0
22,353501,2,1,6522,1,1,1,0
29,264672,0,5,4469,0,0,1,0
26,438846,1,5,6299,1,1,1,0
47,209024,4,5,4384,0,1,1,0
47,428122,1,0,1511,1,1,0,1
29,288183,3,2,1719,0,1,1,0
42,245721,3,5,5098,1,0,1,0
20,316185,4,3,4699,0,1,1,0
51,344522,5,0,6209,1,1,1,0
29,277101,4,0,3368,1,0,1,0
37,156865,1,5,2810,0,1,1,0
44,227176,5,2,4363,1,1,1,0
47,138788,5,4,2208,0,0,1,0
52,247843,0,2,5370,1,0,0,1
40,104077,0,5,1857,0,1,1,0
42,437337,1,4,5202,0,1,0,1
42,443997,4,5,6836,1,1,1,0
36,421014,5,3,4160,0,0,1,0
53,432488,3,0,5676,1,1,1,0
47,426475,5,2,4149,0,0,1,0
23,319495,3,0,3321,1,1,0,1
39,289368,4,1,4463,1,1,0,0
40,310243,1,3,2963,1,1,0,1
56,437030,1,2,5318,1,0,0,1
48,369479,5,2,2312,1,1,0,1
26,93252,2,4,2690,0,0,1,0
32,273960,5,1,6343,1,1,1,0
40,475094,3,1,2803,1,0,1,0
48,430153,3,3,5775,1,1,1,0
40,324023,5,1,4499,0,1,1,0
46,239664,1,2,2916,1,1,0,1
32,296825,4,2,7079,1,1,1,0
20,145404,5,4,2037,1,0,1,0
49,240388,3,5,2761,1,0,1,0
54,101621,4,1,2900,1,1,0,1
39,274011,0,2,5110,1,0,1,0
25,478182,3,2,3126,0,0,0,0
29,466944,4,3,4958,1,1,1,0
29,320084,4,1,5001,1,0,1,0
56,326031,5,5,1795,1,0,1,0
39,339692,4,2,5391,0,1,1,0
23,412975,0,4,4604,0,0,1,0
38,373845,2,0,6108,1,1,1,0
51,338484,4,0,3394,1,1,0,0
21,201855,5,1,1922,1,0,0,1
46,441932,5,2,5080,1,1,1,0
41,268384,5,4,7092,1,1,1,0
48,358060,5,5,3972,0,1,1,0
24,488657,2,5,5003,1,1,1,0
22,214539,2,2,4500,0,0,0,1
51,73006,0,1,5117,1,0,1,0
30,228083,1,4,4016,1,1,1,0
43,267069,4,3,5951,1,1,1,0
45,354213,3,4,5966,1,1,1,0
38,338563,3,4,4961,0,1,1,0
33,94651,5,1,3477,1,0,1,0
43,298197,0,2,3982,1,0,0,1
30,363354,3,3,2754,1,1,0,1
27,118391,3,3,3203,0,1,0,1
56,194861,5,2,4633,0,0,1,0
52,399089,4,3,6160,1,1,1,0
24,432985,3,0,4250,1,0,0,1
48,208612,0,2,1943,1,0,0,1
35,393808,0,4,6711,1,1,1,0
32,179883,0,3,2581,0,1,0,1
37,84092,2,2,2988,0,1,1,0
27,396612,1,0,4976,1,0,1,0
43,274614,5,4,5698,1,1,1,0
41,274958,5,4,6171,1,1,1,0
33,253479,2,1,2069,1,0,1,0
40,228715,5,4,2375,1,1,1,0
43,115615,0,4,2110,0,1,1,0
35,417193,5,0,2447,1,1,0,0
54,308034,2,0,4781,0,1,1,0
20,100311,0,1,2333,0,1,0,0
20,487150,0,3,4972,1,1,1,0
32,231331,5,1,3781,1,1,1,0
53,350024,4,0,2959,1,0,1,0
27,349101,1,5,7114,1,1,1,0
20,456802,0,5,6176,1,1,1,0
36,386975,2,0,4464,1,1,0,1
49,367880,5,0,3593,1,0,0,1
52,378466,1,5,5275,1,1,1,0
45,269148,1,3,3643,1,1,0,1
31,489117,1,2,7146,1,1,1,0
48,133366,0,1,2352,0,1,1,0
42,202122,3,4,4006,1,1,1,0
21,357248,0,0,2286,1,0,0,0
41,282590,1,2,1678,1,0,1,0
52,456561,0,1,5760,1,1,1,0
40,113644,3,2,1689,0,1,0,1
56,112311,4,5,4231,0,1,1,0
36,212314,3,1,4159,1,1,1,0
50,427549,0,0,7012,1,1,1,0
37,248474,0,4,3834,1,1,1,0
33,464187,0,5,4213,1,1,0,1
47,202535,2,3,4389,1,0,1,0
54,218484,1,5,1677,0,1,1,0
31,106029,1,0,3132,1,1,0,0
41,228958,3,3,2106,1,1,0,1
25,417097,2,0,2333,0,0,1,0
39,404735,1,4,2968,1,0,0,1
37,474298,3,3,4605,0,0,0,0
27,448361,3,3,5384,1,0,1,0
50,352451,2,4,2959,1,1,0,1
49,430250,5,4,7130,1,1,1,0
48,474003,2,4,6335,1,1,1,0
34,489137,0,1,4401,1,1,0,0
33,67824,4,2,1762,1,0,0,1
37,251555,3,5,7274,1,1,1,0
53,436464,2,4,2284,1,1,0,1
56,472920,5,2,6173,1,1,1,0
24,289449,4,4,3502,1,1,0,0
34,455520,5,4,4179,1,0,1,0
48,217833,0,5,3347,0,0,1,0
56,167117,1,3,1925,1,0,1,0
47,362607,0,1,4884,1,0,1,0
43,268419,1,1,5132,1,1,1,0
43,319254,1,3,2117,0,1,0,1
30,156617,2,4,3110,1,1,0,0
23,471931,5,0,6606,1,1,1,0
30,142200,3,3,2153,1,1,0,0
23,384634,0,1,5393,1,1,1,0
28,208617,5,3,4122,1,0,1,0
39,431726,0,3,4948,1,1,1,0
37,75829,4,0,2789,1,1,0,1
27,283587,2,5,6418,1,1,1,0
56,489698,2,1,5496,1,1,1,0
50,278065,4,2,5321,1,1,1,0
52,400880,1,1,6579,1,1,1,0
40,174504,5,4,4505,1,1,0,1
40,440073,4,0,6872,1,1,1,0
51,167726,1,4,3715,1,1,0,1
51,252544,2,5,6317,1,1,1,0
49,275906,2,4,6187,1,1,1,0
40,328614,3,4,2493,1,0,1,0
51,128190,5,4,3859,1,1,0,0
50,123599,5,3,4132,1,0,0,1
21,79129,4,1,3579,1,1,0,1
41,204813,1,3,3573,0,1,0,1
41,233079,3,5,1474,1,1,1,0
48,482059,5,4,5886,1,1,1,0
51,190168,5,0,4910,1,1,0,1
24,439538,2,4,5214,1,0,0,1
42,272171,5,1,4037,0,1,0,1
38,425501,5,4,4956,0,1,1,0
25,382934,5,1,5096,1,0,0,1
45,259062,5,3,6020,1,1,1,0
24,440485,2,5,1710,0,0,1,0
56,167146,3,0,4814,0,1,1,0
56,69131,1,3,1863,0,0,1,0
38,132526,3,5,5280,0,1,0,0
35,307716,4,5,2309,1,0,1,0
38,256050,3,3,2081,0,1,1,0
30,148951,2,2,2221,1,1,0,1
33,148048,0,2,2794,1,1,0,1
48,139804,0,3,5351,0,1,1,0
51,417519,5,0,3706,0,0,0,0
36,235954,4,3,4138,1,1,0,1
36,228578,3,2,5130,1,1,1,0
45,485503,2,1,4527,1,0,1,0
38,364130,4,5,5849,1,1,1,0
22,388893,4,0,1785,0,0,0,1
33,102683,0,4,5086,1,1,0,1
52,110761,0,5,1602,0,1,0,1
29,253500,5,5,3778,1,1,0,1
55,467952,4,0,2162,1,1,0,0
30,483372,0,2,6770,1,1,1,0
42,432482,2,2,1866,1,0,1,0
46,198767,4,1,4827,0,0,0,0
37,119897,3,0,5158,0,1,1,0
23,359689,1,5,5131,1,1,1,0
47,459007,0,3,3604,1,0,1,0
31,297124,5,5,5134,1,1,1,0
39,457473,2,1,5175,1,1,1,0
34,163008,3,0,4946,1,0,1,0
31,455548,1,4,6377,1,1,1,0
44,344077,1,3,6225,1,1,1,0
38,341194,4,4,3661,0,0,1,0
42,396703,5,3,1737,1,0,1,0
42,156088,4,5,3786,0,1,0,1
49,455163,3,3,7129,1,1,1,0
34,465707,0,1,3538,0,0,0,0
20,313559,3,0,7119,1,1,1,0
37,86014,0,3,2884,0,1,1,0
39,245334,2,1,2821,1,0,1,0
28,317312,2,0,4873,0,0,0,0
28,103157,0,0,2777,0,0,1,0
34,288294,3,2,6956,1,1,1,0
27,282357,2,0,2127,0,0,1,0
30,321170,0,3,6549,1,1,1,0
29,412030,3,4,7237,1,1,1,0
53,416541,0,1,6209,1,1,1,0
31,361573,5,2,5060,0,0,1,0
55,180131,4,1,5062,1,0,1,0
32,432382,1,2,5587,1,1,1,0
34,447717,5,4,5255,1,1,0,0
41,273959,4,2,2293,0,1,1,0
47,387824,4,4,4951,1,1,1,0
51,362864,0,0,3002,0,1,1,0
37,398220,0,4,1784,1,0,1,0
29,268008,4,4,5183,1,1,1,0
30,113132,3,2,2525,0,1,1,0
40,222428,1,4,3460,1,0,1,0
26,443318,2,1,4696,1,1,0,0
25,461149,3,5,5602,1,1,1,0
36,71586,5,3,1578,1,0,1,0
31,202562,4,2,3345,1,1,0,0
31,228093,5,3,2702,1,1,0,0
35,215761,1,3,5296,0,1,0,1
55,404899,2,1,5659,1,1,1,0
26,241017,1,4,2797,1,1,0,1
51,457303,0,4,3223,1,0,1,0
24,394739,0,0,5043,1,1,1,0
30,383378,4,1,6310,1,1,1,0
52,130428,2,5,3033,0,1,0,0
42,486569,0,3,2932,0,0,1,0
35,238348,2,1,2138,1,1,1,0
54,340024,3,2,6990,1,1,1,0
45,418002,2,2,4950,1,1,0,0
22,469225,5,5,3268,1,0,0,0
45,456563,3,4,5061,1,1,0,1
50,415877,4,2,4947,1,1,1,0
43,451762,3,4,2824,0,1,1,0
24,198944,0,1,3357,0,1,1,0
55,288301,0,2,3783,1,0,0,0
37,395238,4,3,4377,1,0,1,0
22,294722,0,5,6458,1,1,1,0
38,105670,3,5,2250,1,1,0,1
50,460562,0,1,5785,1,1,1,0
31,307842,0,2,6654,1,1,1,0
39,202816,2,4,4319,0,1,1,0
46,132839,3,0,2012,1,1,0,1
22,173734,3,4,4480,0,1,1,0
37,479074,4,4,5483,1,1,1,0
52,316729,2,0,3674,1,1,0,1
33,387970,2,3,1538,0,1,1,0
35,324083,0,2,5500,1,1,1,0
27,287546,0,0,2820,0,0,0,1
26,149332,5,0,1710,0,0,0,1
24,118634,1,3,4332,1,1,0,1
51,336343,0,0,1588,1,0,1,0
48,315796,5,4,1762,1,1,0,1
20,238261,2,0,4044,1,1,1,0
21,480142,4,3,5161,1,1,1,0
23,418913,4,4,3452,1,1,0,1
45,460229,4,0,1771,1,0,1,0
35,435040,1,3,5038,1,0,1,0
34,472977,0,2,4312,1,0,0,1
27,325494,2,1,2787,1,0,1,0
53,258030,0,0,4647,0,1,0,1
41,355338,2,3,2320,0,0,1,0
32,145534,0,4,5293,0,0,0,0
28,318085,5,1,4186,1,0,1,0
54,440138,1,4,5351,0,1,1,0
22,289553,0,1,6597,1,1,1,0
41,462141,3,1,6199,1,1,1,0
33,69538,0,0,1907,1,0,1,0
24,422467,2,5,2779,0,1,1,0
36,247862,0,2,4721,0,1,1,0
31,245502,1,4,1659,1,0,0,1
26,429014,0,0,4746,1,0,1,0
52,203534,1,0,3049,1,1,1,0
35,69637,2,3,1562,1,0,1,0
25,318022,4,5,4370,1,0,0,1
33,108808,5,0,1473,1,1,0,1
49,68176,0,5,2660,0,1,1,0
43,421727,5,3,7247,1,1,1,0
28,435337,3,4,5222,1,1,1,0
50,116968,3,0,3764,1,0,1,0
49,290462,2,2,5052,1,1,1,0
27,346822,0,1,3708,0,0,0,1
34,416060,2,5,7292,1,1,1,0
30,339398,4,4,5146,1,1,0,0
49,215105,3,4,2288,0,0,0,1
25,462026,1,3,4952,1,1,1,0
49,439706,4,3,3790,0,0,0,1
46,455345,1,2,6630,1,1,1,0
51,227661,5,1,2235,0,1,1,0
21,319150,0,3,5968,1,1,1,0
41,157876,2,1,4063,1,0,1,0
53,367475,1,1,7188,1,1,1,0
50,358204,3,1,1910,1,0,1,0
22,386462,1,2,2929,0,1,1,0
23,249369,4,2,3823,1,1,0,1
45,221069,1,4,1539,1,1,0,1
47,108543,1,5,4323,0,1,1,0
44,205068,0,1,2483,1,1,1,0
30,292608,2,2,6511,1,1,1,0
30,487604,1,1,5872,1,1,1,0
35,225520,3,1,2768,1,1,0,1
37,397515,5,4,5595,1,1,1,0
54,173094,5,0,2099,0,1,0,1
56,267593,3,0,6418,1,1,1,0
36,354420,0,1,3542,1,1,0,0
45,371536,3,0,5239,1,1,1,0
26,115394,3,0,3813,0,1,0,1
48,368502,2,3,6424,1,1,1,0
41,96401,3,2,3337,1,1,0,1
42,368423,0,3,5908,1,1,1,0
32,419430,4,0,3905,1,1,0,1
51,215947,0,2,3613,1,1,0,1
21,130079,0,4,2225,1,0,0,1
35,166168,5,1,2802,1,0,1,0
36,231824,0,5,2529,1,1,0,1
46,326365,5,4,3631,1,1,0,1
30,448064,5,4,7107,1,1,1,0
27,390426,3,5,6803,1,1,1,0
31,297403,3,5,1829,1,1,0,0
36,386231,0,5,2667,0,1,1,0
40,198704,0,1,4641,1,0,0,1
24,135520,4,2,5024,0,1,1,0
36,216519,5,1,1702,1,1,1,0
23,301023,2,2,2198,0,1,1,0
34,469421,0,0,4342,0,1,1,0
30,103592,2,3,3557,0,1,0,0
25,289231,3,0,1851,1,0,1,0
28,335268,0,5,6117,1,1,1,0
52,312086,1,5,5090,1,1,1,0
40,453944,0,3,2082,0,0,0,1
42,361102,5,0,4786,0,1,1,0
45,265029,1,3,6663,1,1,1,0
44,392404,0,0,3096,1,0,1,0
34,224969,4,5,2409,1,1,1,0
55,338066,5,5,6830,1,1,1,0
37,416747,1,3,3369,0,1,0,1
46,220755,2,3,4583,1,1,1,0
36,133923,2,4,1940,0,1,1,0
26,242895,1,5,2794,1,1,0,1
35,220900,3,5,2093,1,1,0,0
39,398625,5,2,6919,1,1,1,0
29,488272,1,2,5373,0,1,1,0
31,383068,0,3,6070,1,1,1,0
38,264384,3,2,6520,1,1,1,0
38,440960,1,1,5969,1,1,1,0
44,255892,1,0,5135,1,0,1,0
21,135985,1,4,3868,1,0,1,0
47,478045,5,4,6989,1,1,1,0
26,356786,0,2,2337,1,1,0,1
36,446010,5,0,2476,1,1,0,1
28,215598,0,3,5384,0,1,1,0
23,250764,5,1,1952,1,1,0,1
44,82015,5,3,1989,1,0,1,0
26,488956,2,3,6894,1,1,1,0
46,123786,3,4,1867,1,1,0,1
40,435262,4,0,4975,1,1,1,0
22,131680,5,3,4223,0,1,1,0
25,169544,2,2,1482,0,1,1,0
24,212229,4,0,5383,1,1,1,0
21,373358,3,1,4959,1,1,1,0
32,238033,2,3,5171,1,1,1,0
22,432111,1,3,1972,0,1,0,0
27,361879,5,2,5903,1,1,1,0
27,219155,4,5,2197,1,1,1,0
35,252769,5,1,2682,0,1,1,0
49,458916,0,3,5238,1,1,1,0
32,333465,0,2,4908,0,1,1,0
54,247941,2,1,2526,1,0,1,0
50,276339,3,1,5335,1,0,0,1
29,387086,3,1,4742,1,1,0,0
30,481008,4,2,3241,1,0,1,0
24,422747,4,2,5302,0,0,1,0
37,80812,4,5,1759,0,1,1,0
53,99742,4,1,4864,0,1,1,0
33,372622,2,4,5342,0,0,0,0
23,118986,5,4,2160,0,1,1,0
38,308778,0,5,4619,1,1,0,0
55,127335,3,1,1479,0,1,1,0
31,279739,2,5,3078,1,0,0,1
52,366805,5,5,6866,1,1,1,0
42,182949,2,5,1695,1,1,0,1
36,161409,2,4,3527,0,1,1,0
54,154850,3,5,2929,1,0,0,0
26,175511,1,1,3949,1,0,1,0
24,284451,4,0,3009,0,1,0,1
54,239830,0,2,3013,0,1,1,0
22,463939,2,1,3696,0,0,1,0
54,103247,0,5,4896,1,0,1,0
50,67038,0,2,4983,0,1,1,0
52,424760,1,4,4401,1,1,0,1
39,341279,4,5,2669,0,0,1,0
30,132470,3,1,2916,1,0,0,1
46,309991,4,5,3228,1,1,0,1
20,324852,5,5,2680,0,0,1,0
26,291963,0,2,3118,1,0,1,0
29,233909,4,1,4369,0,1,0,1
52,465735,5,0,4318,0,1,1,0
32,373840,3,4,2967,1,0,0,0
46,428252,5,5,2233,1,1,0,1
33,68683,0,1,2187,0,1,1,0
28,91472,0,4,5060,1,0,1,0
42,209277,1,3,4496,1,1,1,0
32,211326,3,0,3111,1,1,1,0
44,272685,4,0,6062,1,1,1,0
36,447369,2,2,4521,0,1,0,1
25,288520,4,3,5578,1,1,1,0
56,148641,5,3,2153,0,1,0,1
44,459032,2,1,4411,0,1,0,1
56,231384,5,4,5306,1,1,0,1
39,237500,5,1,2892,0,1,0,1
46,156162,5,2,4255,0,0,1,0
44,371222,0,5,5881,1,1,1,0
52,171148,3,1,4329,0,1,1,0
53,240661,4,3,3161,1,0,1,0
41,334390,2,2,1731,0,1,1,0
23,467135,5,0,5130,1,1,0,1
41,331638,5,2,5776,1,1,1,0
31,296035,1,0,6596,1,1,1,0
28,415627,5,4,5068,1,1,1,0
53,396758,0,4,5399,1,1,1,0
56,179066,2,3,4931,0,0,1,0
41,291394,3,5,3943,0,1,0,1
42,335777,1,3,7037,1,1,1,0
55,374229,2,4,2914,0,1,1,0
27,110853,4,3,4041,1,0,0,0
37,433414,5,2,3197,0,1,1,0
37,424421,5,4,5429,1,1,1,0
49,361944,5,0,5038,0,1,0,0
27,236218,4,1,2344,1,1,1,0
38,193246,0,2,2247,1,0,1,0
31,164776,4,3,2426,1,1,0,1
54,336034,5,3,1761,1,1,0,1
41,276556,1,3,7250,1,1,1,0
38,254557,4,2,5937,1,1,1,0
49,79445,3,3,5203,1,1,0,0
21,206850,5,5,5367,1,0,0,1
55,224931,1,4,3042,1,1,1,0
33,380137,4,5,6639,1,1,1,0
20,254609,5,2,7060,1,1,1,0
52,287668,4,0,5183,1,1,1,0
31,280231,2,3,6864,1,1,1,0
35,341027,2,5,5736,1,1,1,0
22,433140,4,2,3642,1,1,0,1
50,141895,4,3,2355,1,1,0,1
35,106969,4,1,1468,0,1,1,0
51,160197,5,5,3579,1,0,1,0
52,277463,1,5,3037,0,0,0,1
29,129804,4,4,2808,1,0,1,0
25,276081,2,1,2322,0,0,1,0
28,144095,4,0,3535,1,0,1,0
22,287485,1,5,5915,1,1,1,0
28,235276,2,0,2830,1,0,0,0
43,157607,0,5,2517,0,0,1,0
33,372671,2,1,5033,1,0,1,0
45,364569,3,1,5416,1,1,0,1
33,77078,0,1,3768,0,0,1,0
23,293542,4,1,3547,1,0,1,0
30,216539,3,5,5256,0,1,1,0
35,450366,0,5,4859,0,0,1,0
52,394215,5,0,7135,1,1,1,0
55,104258,0,4,2951,0,0,0,0
48,274885,4,1,5177,0,1,1,0
37,468423,2,5,4958,1,1,0,1
49,342330,0,2,1488,0,1,1,0
29,361550,0,1,3203,1,1,0,0
36,365391,0,0,2793,0,0,1,0
27,410073,5,4,2577,0,1,1,0
34,330441,4,1,3308,0,1,0,1
38,313097,2,5,3386,0,1,1,0
33,278843,0,2,5857,1,1,1,0
28,372596,1,1,4952,1,1,1,0
20,72133,0,2,3681,1,0,1,0
45,280560,2,1,3855,0,0,1,0
32,336668,3,4,4301,0,1,0,1
44,212723,0,3,3661,1,0,0,1
40,348042,5,2,3485,0,0,0,0
28,91717,1,1,2915,0,0,0,0
47,195096,4,0,1586,1,1,0,1
32,483595,0,1,1693,0,1,1,0
48,326177,4,4,5715,1,1,1,0
54,158655,3,0,5176,0,1,0,1
55,220512,1,0,2638,1,1,1,0
42,414602,2,4,2485,1,0,1,0
51,263369,3,0,4590,1,0,0,1
53,222318,1,2,4359,0,1,1,0
22,157052,1,3,3595,0,1,1,0
24,234657,5,3,2429,1,1,0,0
51,255906,0,5,2404,0,1,0,1
24,463701,3,1,5119,1,0,1,0
20,271521,4,1,1556,1,1,0,1
38,178038,0,3,4775,0,1,0,1
39,434733,3,1,3443,0,0,1,0
35,485086,0,1,5060,1,1,1,0
28,324287,5,0,4342,1,1,0,1
49,163447,3,2,4620,1,0,1,0
44,273697,0,0,2516,1,1,0,1
37,380490,0,4,1761,1,0,1,0
30,321507,1,1,6952,1,1,1,0
51,76508,3,2,4691,1,0,1,0
34,345901,3,4,5501,1,1,1,0
55,286914,5,2,3707,1,1,0,1
33,248714,2,0,1636,1,1,1,0
42,219464,4,0,3350,1,1,1,0
55,236077,4,1,1556,1,1,0,0
42,450774,3,2,3114,1,1,0,0
33,425498,1,4,3019,0,1,1,0
48,217437,5,1,3402,1,0,1,0
33,427180,5,5,3355,1,0,1,0
53,436879,4,3,5290,1,1,1,0
32,427701,3,0,6296,1,1,1,0
32,317722,5,5,6798,1,1,1,0
56,304178,0,5,5660,1,1,1,0
31,212013,5,0,2279,1,1,1,0
40,93792,2,1,1591,0,1,1,0
41,166557,4,3,4059,1,1,0,1
46,198789,1,3,2018,1,0,1,0
43,148065,2,4,1842,0,1,0,0
53,474174,1,4,5216,1,1,1,0
52,454544,1,1,1641,0,1,1,0
31,380717,4,0,2364,1,0,1,0
22,94069,5,2,1531,0,1,0,1
51,109140,2,2,2337,0,1,1,0
53,194336,3,2,5008,0,1,1,0
47,343265,4,3,4024,1,0,0,0
54,222808,2,5,4175,0,0,1,0
22,317505,4,4,2691,1,0,0,0
33,205729,1,0,2950,0,1,1,0
41,141396,0,2,3797,0,1,1,0
28,225914,3,0,5211,1,1,1,0
39,223991,3,0,4863,1,0,0,1
48,276781,4,3,3071,1,0,0,1
48,383034,0,0,6809,1,1,1,0
51,214439,3,3,4308,0,1,1,0
35,195912,1,1,2445,1,0,1,0
32,206607,5,4,5412,1,1,1,0
33,391675,1,2,3734,0,0,1,0
40,436038,3,3,4807,0,1,0,0
55,377275,0,4,5082,1,1,1,0
44,485846,3,3,7278,1,1,1,0
41,483491,0,3,6131,1,1,1,0
46,140706,4,5,3282,1,1,0,1
44,387918,3,4,5139,1,1,1,0
31,249793,4,0,3569,1,1,1,0
28,385421,2,0,1626,1,1,0,0
38,218696,1,4,5316,1,1,1,0
54,308037,5,3,1824,0,1,1,0
42,393042,2,4,2125,1,0,1,0
47,114239,5,4,5136,0,1,1,0
26,360260,1,4,3753,0,1,1,0
56,250659,2,2,3511,0,1,1,0
50,481305,5,3,3759,1,1,0,1
52,114428,1,4,3759,0,1,0,1
33,308208,5,1,6742,1,1,1,0
54,475014,1,5,7241,1,1,1,0
39,252987,1,3,2406,1,1,0,1
37,155852,3,2,4448,0,1,1,0
49,378977,3,1,3392,1,0,1,0
33,261740,4,1,6331,1,1,1,0
25,66628,3,4,4410,1,1,0,1
32,328662,1,5,1470,1,0,1,0
47,348971,3,0,3122,0,0,1,0
33,284363,3,0,5260,1,1,1,0
45,459826,1,0,5135,1,1,1,0
49,472497,1,1,2086,1,0,0,1
31,255849,3,2,3994,0,1,1,0
25,234683,3,1,2789,1,1,0,1
37,233366,4,5,4919,0,1,1,0
50,459327,0,0,3373,0,1,1,0
20,475815,3,2,1961,0,1,0,1
25,80184,5,3,2187,0,1,1,0
36,136923,1,4,5149,0,1,1,0
33,241541,2,1,4523,1,1,1,0
54,198676,0,0,1642,1,1,0,0
23,185723,3,1,3598,0,1,1,0
46,241553,1,1,2199,1,1,1,0
47,271999,2,5,2879,0,1,1,0
27,311192,1,5,2963,1,1,0,1
34,113085,1,4,5241,1,1,0,0
55,336162,1,3,4835,0,1,0,0
42,223650,2,5,3752,1,0,1,0
35,218306,3,0,1941,0,0,1,0
34,239758,0,0,5213,1,1,0,1
44,260916,4,2,6082,1,1,1,0
53,299863,1,3,4346,0,1,1,0
35,446903,2,1,6612,1,1,1,0
50,363741,3,1,1812,0,1,1,0
43,453322,4,2,4412,0,1,0,1
22,375519,0,5,4132,0,1,1,0
27,122622,5,1,2794,1,0,1,0
31,336593,0,4,2435,1,0,1,0
28,469794,0,2,5148,0,0,1,0
42,362908,0,5,1902,1,0,1,0
56,294450,1,5,5936,1,1,1,0
52,175443,0,3,5082,0,1,0,1
22,279247,0,4,2151,1,1,0,1
50,139122,3,2,2838,0,1,1,0
28,355867,4,0,7129,1,1,1,0
55,480288,4,4,4277,0,1,1,0
30,193487,4,3,4299,1,0,1,0
41,433863,0,5,3964,0,0,0,1
36,351010,4,1,2919,1,0,0,1
46,165048,0,3,4023,1,1,0,0
49,118542,2,2,3284,0,1,1,0
24,486576,0,3,6635,1,1,1,0
34,418190,4,0,1535,1,1,0,0
23,91610,2,1,3717,0,1,1,0
25,223772,2,4,3138,0,0,1,0
29,232657,2,0,4048,1,1,1,0
30,311785,5,1,5140,0,1,0,1
38,224603,2,4,2059,1,1,0,1
31,127551,2,0,4874,1,1,0,0
21,208616,4,1,4655,1,1,1,0
22,318955,0,0,1653,1,0,0,0
47,465475,2,1,5700,1,1,1,0
28,447443,2,3,3215,1,1,0,0
54,145942,0,1,5156,0,1,0,1
41,359929,0,4,6318,1,1,1,0
50,119419,3,5,2275,0,1,1,0
45,202424,0,4,3607,1,0,0,1
23,343041,2,4,7285,1,1,1,0
29,101593,2,5,4971,1,0,1,0
56,247118,1,3,2200,1,1,1,0
49,317533,2,4,5233,1,1,1,0
21,378391,0,2,6622,1,1,1,0
44,112825,1,1,2582,1,0,0,1
32,362718,5,3,5043,0,1,1,0
23,253636,1,0,2198,0,0,1,0
48,313315,4,3,2132,0,0,1,0
25,287727,4,1,2769,1,1,0,1
42,338674,3,2,2475,1,0,1,0
46,87341,3,3,1726,0,0,1,0
39,114225,4,0,3771,0,1,1,0
22,479593,0,1,2280,1,1,0,1
24,241594,4,1,2536,1,1,1,0
49,163460,0,3,3329,0,1,1,0
55,431702,2,5,6042,1,1,1,0
50,295706,1,3,6515,1,1,1,0
29,116223,2,4,2842,1,0,0,1
38,452502,0,0,5297,1,0,1,0
25,199481,5,0,2762,1,1,0,1
46,104945,3,1,4914,1,0,1,0
36,283854,3,5,6448,1,1,1,0
33,144264,3,2,5307,1,1,0,1
54,382254,4,1,5032,1,1,1,0
39,362262,5,5,4035,1,1,0,1
48,406026,1,4,6677,1,1,1,0
26,343120,2,3,6642,1,1,1,0
44,180666,0,2,4345,0,1,1,0
46,190863,3,4,3571,1,0,0,1
28,283620,3,1,6096,1,1,1,0
53,203760,0,4,2506,1,0,1,0
44,389326,2,4,5308,1,1,1,0
30,443127,5,2,6606,1,1,1,0
48,313238,5,0,5089,1,1,1,0
33,357808,4,5,6718,1,1,1,0
27,275997,0,4,4377,1,0,1,0
52,361047,4,1,6884,1,1,1,0
29,380017,1,3,4611,0,1,1,0
44,345747,2,3,1588,1,0,0,0
26,243147,4,3,1740,1,1,1,0
46,291436,5,2,5308,1,1,1,0
44,314780,2,5,2960,1,1,0,1
22,138432,5,3,3144,0,1,1,0
50,311497,3,3,4715,0,1,0,1
36,330148,2,2,3337,1,0,0,1
28,341964,5,5,4250,1,1,0,1
22,471135,0,0,3292,1,1,0,1
42,465946,0,1,2617,0,0,1,0
30,253974,0,0,5271,0,0,1,0
42,229830,5,3,5405,1,1,0,1
51,261203,1,4,2457,1,0,0,1
30,155661,0,0,4484,0,1,1,0
46,352210,0,1,2259,0,1,1,0
25,205782,3,3,2778,1,1,0,1
55,480481,2,0,4017,0,1,1,0
39,344702,5,0,4988,1,1,1,0
33,266216,2,3,6423,1,1,1,0
39,382795,1,1,4110,1,0,1,0
48,321401,2,3,1779,0,1,0,1
49,431241,5,3,6193,1,1,1,0
54,434301,5,5,2303,1,0,0,0
33,409862,2,1,1857,1,1,0,0
30,348591,0,5,4879,0,1,0,1
22,447156,1,5,5421,1,1,1,0
48,476016,3,3,2396,1,0,1,0
48,347903,1,0,4264,0,1,0,1
42,145405,5,5,4111,1,0,1,0
35,185008,1,4,2971,1,0,1,0
23,363595,4,2,1652,1,0,0,1
39,296303,4,1,4412,1,0,1,0
23,217884,2,3,2317,1,1,1,0
21,472003,4,3,5091,1,1,1,0
51,304996,0,2,2051,0,1,1,0
50,365394,2,4,6556,1,1,1,0
53,366056,3,3,2334,0,0,1,0
50,183309,0,2,2877,1,1,0,1
42,477041,2,5,5636,1,1,1,0
51,312471,4,0,2424,1,1,0,0
47,489833,2,0,2415,0,0,1,0
54,79742,2,0,2805,1,0,1,0
20,266211,3,0,2349,1,0,1,0
31,361848,3,4,6230,1,1,1,0
23,438341,2,2,2082,1,1,0,1
30,444161,1,0,4844,1,1,0,0
32,331512,2,2,2102,0,1,0,0
50,330481,4,5,7287,1,1,1,0
55,468320,1,2,5007,1,1,0,1
29,169399,2,1,1569,1,0,0,0
53,381380,3,4,3583,1,0,1,0
45,244350,0,5,5122,0,1,0,0
37,399470,4,4,2745,1,1,0,1
20,309417,1,0,3666,0,1,0,1
29,72721,3,5,3806,1,1,0,1
28,67696,3,0,2093,1,0,1,0
27,382071,5,1,7026,1,1,1,0
23,101853,3,5,5002,0,1,1,0
32,251917,3,1,3121,1,1,0,1
24,281400,4,4,4022,0,1,0,1
31,180229,3,3,3720,1,1,0,1
28,120766,1,0,2738,0,1,1,0
27,192994,2,2,3021,1,1,0,1
39,200746,0,0,1935,1,0,1,0
29,292203,0,3,7272,1,1,1,0
27,379835,4,4,4624,1,0,1,0
51,211272,1,3,2711,1,1,1,0
45,243604,5,4,3516,1,1,0,1
32,404944,4,3,4158,1,1,0,1
44,231652,3,0,3592,1,1,0,0
52,213267,0,5,3766,0,1,1,0
37,288827,2,2,6111,1,1,1,0
51,161507,1,4,4793,1,0,1,0
51,324795,3,1,4551,0,1,1,0
25,405148,3,2,1889,0,0,0,1
56,390360,0,1,5230,1,1,1,0
34,431053,2,0,2506,1,1,0,1
46,356326,3,3,3569,0,1,1,0
52,259898,3,0,5904,1,1,1,0
21,98040,5,3,5376,0,0,1,0
55,260461,3,3,3945,0,1,0,1
21,121279,4,0,2731,1,1,0,1
55,98055,0,2,4088,0,1,1,0
37,247332,3,0,2062,1,1,0,1
25,200463,0,0,4893,1,1,1,0
28,163650,3,1,4144,1,0,0,1
44,355928,0,0,1898,1,0,1,0
29,353002,3,3,6304,1,1,1,0
33,303561,1,2,4518,0,1,0,0
28,475016,0,2,3468,1,1,0,1
49,455006,4,2,6355,1,1,1,0
46,148898,4,3,4516,0,0,0,0
32,245029,3,3,2893,0,1,1,0
27,117224,4,1,3471,0,1,0,1
40,244475,2,3,3147,1,1,0,1
32,308128,1,1,6696,1,1,1,0
32,120704,4,4,1490,0,1,0,1
53,265151,5,5,2688,1,1,0,0
56,162342,3,3,4730,0,1,0,1
38,354786,1,5,5050,0,1,1,0
45,342804,1,3,1760,0,1,1,0
48,475716,0,2,3929,0,0,1,0
22,482332,2,4,3622,0,1,1,0
41,478118,3,4,6491,1,1,1,0
30,423753,2,1,5689,1,1,1,0
39,308789,4,5,6862,1,1,1,0
55,264591,3,0,6920,1,1,1,0
41,84951,0,3,2570,1,0,1,0
29,387855,2,0,1501,0,1,1,0
33,100391,1,0,4856,1,0,1,0
41,337953,0,3,5391,0,1,1,0
25,309922,0,3,3433,0,1,1,0
35,480075,2,4,4844,0,1,0,0
37,167869,4,5,3034,1,1,0,1
53,476409,4,0,4771,0,1,0,0
50,472919,4,0,5072,1,1,1,0
36,449776,2,3,3370,0,1,1,0
52,286470,2,2,5364,1,1,1,0
44,311049,1,5,3173,0,1,1,0
21,230819,1,5,4341,1,1,1,0
38,476524,0,1,6529,1,1,1,0
45,198171,5,3,5368,0,1,1,0
37,317012,1,2,5904,1,1,1,0
37,266062,0,2,5968,1,1,1,0
38,206556,0,3,5157,1,1,1,0
38,406940,2,5,5717,1,1,1,0
24,146010,0,5,2423,1,0,1,0
40,418291,4,2,3929,0,1,1,0
54,342781,0,5,2171,0,1,1,0
51,420691,2,5,3271,0,1,1,0
34,412260,1,4,4315,0,1,1,0
25,317280,1,3,6162,1,1,1,0
44,268379,0,1,6425,1,1,1,0
25,252731,0,4,4017,1,1,0,1
28,144186,1,5,2817,1,0,0,0
33,65521,2,1,3097,1,0,0,0
47,447778,4,4,6516,1,1,1,0
54,458891,0,3,5939,1,1,1,0
24,328481,1,0,6594,1,1,1,0
37,390109,5,3,4899,1,1,0,1
48,158893,4,5,2548,1,0,0,1
56,135739,5,1,3895,1,0,0,1
26,151403,0,5,3667,1,1,0,1
27,193466,2,2,3162,1,1,0,1
30,72629,5,1,1782,1,1,0,1
36,245991,5,1,3888,1,0,0,1
33,282730,1,3,3945,0,1,1,0
49,117060,2,2,2474,0,0,1,0
27,181640,2,2,2681,0,1,0,1
21,449718,3,0,2052,0,1,1,0
52,363396,2,3,3751,0,1,1,0
32,300832,5,4,5455,1,1,1,0
46,233875,1,3,3399,1,1,1,0
52,326031,4,5,3287,1,0,1,0
31,287912,0,0,6572,1,1,1,0
53,320877,1,3,2880,1,1,0,1
36,366995,3,3,5357,0,1,1,0
27,290738,0,4,5742,1,1,1,0
32,351733,1,0,6142,1,1,1,0
23,271445,5,4,4234,0,1,1,0
21,241432,3,0,3305,0,1,0,0
29,255355,0,5,4170,0,1,1,0
32,136107,3,5,2590,1,0,1,0
39,400264,2,2,2149,0,1,0,0
41,209979,4,0,2009,1,1,1,0
28,306208,3,5,6697,1,1,1,0
25,69603,3,2,3718,0,0,0,1
45,333947,3,3,3881,1,0,1,0
29,331437,5,5,2348,1,1,0,1
26,312211,4,5,2439,0,1,0,0
25,117676,2,1,3470,1,0,1,0
38,369402,5,3,7210,1,1,1,0
45,243452,0,4,2734,1,0,1,0
45,364335,1,0,2242,0,1,1,0
54,248741,5,4,3432,1,1,0,0
21,301967,0,0,4316,1,1,0,1
53,99577,4,4,2680,1,1,0,0
38,328359,4,0,1757,0,1,1,0
41,256251,1,0,1736,1,0,0,1
49,442667,4,2,5404,1,1,1,0
41,215978,3,3,3580,1,1,0,1
25,423694,2,1,3848,1,0,1,0
39,266127,5,4,2279,0,0,1,0
29,78439,0,0,2664,1,0,1,0
29,414463,5,1,6458,1,1,1,0
42,485006,4,2,7021,1,1,1,0
53,305358,5,5,5405,1,1,1,0
39,236149,5,5,2219,1,1,1,0
41,216960,2,3,4422,1,1,1,0
20,228668,4,4,3346,1,1,0,1
44,468382,1,0,5225,1,1,1,0
31,417357,0,2,5101,1,1,1,0
41,253678,0,0,2465,1,0,1,0
44,359179,5,3,5100,1,0,0,0
49,390606,2,3,3823,0,1,1,0
55,348608,1,2,4946,1,1,0,0
41,143016,4,1,4582,1,0,1,0
26,480092,0,2,5747,1,1,1,0
55,367260,5,5,1982,1,0,1,0
34,150496,1,0,4306,1,1,0,1
48,110344,3,2,3618,0,1,1,0
30,386796,1,1,7148,1,1,1,0
24,134686,3,0,5073,1,1,0,1
38,157138,0,1,1903,1,1,0,1
49,444594,2,3,5022,0,1,1,0
48,451979,1,3,3958,1,0,1,0
49,101077,5,4,3703,1,1,0,0
38,394387,5,5,4714,1,0,0,1
20,376421,1,5,5451,1,1,1,0
54,485971,5,2,5426,1,1,1,0
45,159543,5,1,3161,0,0,0,0
40,222377,5,5,2176,0,0,0,1
44,455639,1,1,6944,1,1,1,0
21,376238,5,0,5868,1,1,1,0
23,177640,5,4,2028,0,1,0,1
54,400670,3,0,6416,1,1,1,0
45,465122,5,4,4597,1,1,0,0
41,175326,4,2,4746,1,1,0,1
20,133932,5,5,4193,0,1,1,0
44,75929,1,3,4812,1,0,0,1
50,482672,1,5,5514,1,1,1,0
35,333564,1,3,4922,1,1,0,1
42,323748,2,0,5320,1,1,1,0
36,337043,0,3,5623,1,1,1,0
21,239987,4,2,5358,1,1,0,1
49,295483,0,4,5763,1,1,1,0
34,485693,2,3,4012,0,1,1,0
33,280358,0,0,2066,1,1,0,1
24,363082,5,4,7174,1,1,1,0
27,281848,5,0,5615,1,1,1,0
21,278637,1,0,4402,1,1,0,1
41,386231,0,5,2752,1,1,0,1
56,373911,2,0,2642,0,1,1,0
20,327597,1,3,5245,1,1,1,0
39,485897,2,5,4541,1,1,0,1
30,151719,0,5,3872,1,0,1,0
21,416736,3,4,5674,1,1,1,0
40,384120,3,0,6011,1,1,1,0
49,464345,1,3,5790,1,1,1,0
50,73522,2,4,1839,1,0,1,0
34,142379,3,4,4336,1,1,0,1
53,299045,2,1,4897,1,1,0,1
52,107954,2,4,2979,0,1,1,0
49,388804,3,1,5643,1,1,1,0
29,328420,0,0,1833,1,1,0,0
43,155718,2,3,3945,0,0,1,0
33,98371,5,3,2572,0,1,1,0
39,193530,3,1,2644,1,0,1,0
54,431581,1,5,2421,1,1,0,1
44,485506,0,1,4953,1,1,1,0
39,485922,5,1,4575,1,1,0,1
27,162601,2,0,4645,1,1,0,0
45,384820,1,5,4808,1,1,0,1
37,411536,4,4,3800,0,0,0,0
27,461172,0,1,1502,0,0,1,0
47,70614,1,5,4717,0,1,1,0
25,435844,5,1,4555,0,1,1,0
50,369701,3,1,5388,1,1,1,0
49,340672,1,4,3882,1,1,0,1
29,223444,5,2,2849,1,1,1,0
20,65332,3,3,1690,0,1,0,1
21,350310,0,2,1833,1,1,0,0
20,287795,3,5,4732,1,1,0,1
30,316826,4,0,5362,1,1,0,1
29,458111,5,2,6373,1,1,1,0
36,65365,2,4,1772,0,0,1,0
21,435825,5,2,6771,1,1,1,0
34,461422,3,3,4106,1,0,1,0
41,211996,5,3,2829,1,1,1,0
52,344823,2,0,5536,1,1,1,0
47,168781,2,5,3835,0,0,1,0
51,241439,2,3,2178,1,1,1,0
29,178647,1,0,2985,0,0,1,0
23,342272,0,2,3136,1,1,0,1
48,259790,1,3,6832,1,1,1,0
30,257250,5,0,5682,1,1,1,0
45,145884,2,2,2056,0,1,0,1
37,476714,4,2,5833,1,1,1,0
36,326302,0,1,2977,0,1,0,0
27,450147,5,0,2329,0,1,1,0
48,336476,1,5,3784,0,1,1,0
47,373224,0,4,5958,1,1,1,0
38,480398,3,5,1860,1,1,0,1
55,212385,4,0,1740,1,1,1,0
33,301641,4,5,5944,1,1,1,0
49,461659,3,4,2174,1,0,1,0
52,453085,5,0,5735,1,1,1,0
26,230876,4,1,4558,0,1,1,0
24,204028,0,2,4485,1,1,0,1
47,371176,4,4,5841,1,1,1,0
33,209256,2,5,5126,1,1,1,0
48,456888,0,4,1689,1,0,1,0
49,319995,3,3,5776,1,1,1,0
49,153653,0,0,3138,0,1,1,0
22,101046,4,4,3742,1,1,0,1
43,447706,2,1,4110,1,0,1,0
39,287308,5,5,5262,1,1,1,0
20,399708,1,0,1563,1,0,1,0
23,162563,1,4,1655,0,0,1,0
55,266040,2,1,4844,0,1,0,1
50,282123,4,5,5270,1,0,1,0
44,273216,4,0,1495,1,1,0,1
49,68195,2,5,1853,0,1,1,0
47,279473,0,2,4773,0,1,0,1
31,389544,5,2,4459,0,0,1,0
40,425639,0,1,1484,1,1,0,1
40,312994,0,2,6403,1,1,1,0
32,348172,1,5,6758,1,1,1,0
51,393508,1,2,5162,1,1,0,1
25,216929,3,0,5091,1,1,0,1
21,213772,1,4,3518,1,1,1,0
48,65434,5,3,1607,0,0,0,0
33,212367,4,3,3191,1,0,1,0
40,245518,2,2,4161,1,1,0,1
45,226992,5,2,2256,1,1,1,0
52,196138,3,3,3252,1,1,0,0
36,229836,0,3,3988,1,1,0,1
43,145473,2,4,4394,1,1,0,0
33,323176,1,0,2253,0,0,1,0
30,293145,4,4,1825,1,1,0,1
34,247944,4,3,4068,1,1,0,1
25,275569,2,3,6749,1,1,1,0
46,424064,4,2,6093,1,1,1,0
51,436604,3,5,2897,1,1,0,1
41,404962,4,3,2897,1,1,0,1
20,123418,5,2,4608,0,0,0,1
42,383360,0,4,3230,0,0,0,0
43,114011,0,0,1547,1,0,1,0
44,65003,1,3,4900,0,1,1,0
32,303093,0,5,5826,1,1,1,0
51,231618,2,2,2112,1,1,0,1
25,167202,1,0,5048,0,1,0,1
53,255080,0,1,3268,0,1,1,0
42,344563,3,2,3577,1,0,0,0
54,294736,3,3,5986,1,1,1,0
46,404794,3,0,4994,0,0,0,1
49,383774,0,4,2887,1,0,1,0
26,458052,0,3,6381,1,1,1,0
38,245645,1,5,5403,1,1,1,0
26,374447,4,1,1844,1,0,0,0
49,111051,5,4,5050,1,1,0,1
23,376796,5,2,6058,1,1,1,0
47,488184,3,4,5416,1,1,1,0
36,69333,3,1,2015,1,0,1,0
33,401870,3,2,6373,1,1,1,0
28,308115,1,2,3108,0,1,1,0
28,153696,2,0,3071,0,1,0,1
51,244117,5,1,4016,1,1,0,1
42,361819,3,2,6495,1,1,1,0
41,317527,2,1,6760,1,1,1,0
34,427565,5,1,6521,1,1,1,0
29,435636,3,4,4958,1,1,1,0
21,204004,2,5,1636,0,0,0,1
44,483705,3,4,3833,1,0,1,0
41,409211,1,1,2174,1,1,0,1
37,292102,0,3,5881,1,1,1,0
38,226852,2,5,4840,1,1,1,0
43,418956,1,3,4230,1,1,0,1
54,419019,1,2,5623,1,1,1,0
46,386659,2,1,2082,0,0,0,1
51,460474,4,5,3687,0,1,0,0
49,326223,4,0,2298,1,1,0,1
24,317821,1,3,6289,1,1,1,0
51,162852,3,1,2762,0,1,1,0
54,484912,1,3,3030,0,1,1,0
39,191187,2,5,1657,1,0,1,0
30,291133,4,5,6625,1,1,1,0
51,185740,3,1,2876,0,0,1,0
52,203290,5,2,2370,1,1,1,0
35,417322,2,3,6369,1,1,1,0
40,437074,4,4,3685,1,1,0,1
35,458625,0,0,1948,0,1,0,1
41,253032,3,4,6782,1,1,1,0
47,373542,1,2,6057,1,1,1,0
35,268611,2,3,2654,0,1,1,0
33,406528,0,3,2754,1,1,0,0
40,380925,1,0,5726,1,1,1,0
51,389529,1,1,5233,0,0,1,0
43,397706,4,4,3961,1,0,0,0
54,444363,4,4,3282,0,1,1,0
53,450962,2,1,4963,0,1,1,0
22,241140,4,5,5347,1,1,0,1
48,226634,3,5,2869,1,1,1,0
25,441109,3,1,4972,1,1,0,1
38,208453,2,3,4394,0,0,1,0
26,158930,2,1,4505,0,1,1,0
56,250731,3,0,2001,1,1,0,1
36,454943,3,4,4992,1,1,0,0
29,235714,4,1,3538,0,0,0,1
45,487815,4,3,5692,1,1,1,0
28,383671,0,3,7120,1,1,1,0
23,308369,4,2,6151,1,1,1,0
53,177086,1,5,5275,0,1,1,0
39,220073,3,4,4727,1,0,0,1
41,68019,5,5,2906,1,1,0,1
45,175723,4,3,4691,1,0,1,0
25,357563,1,2,5204,0,1,0,1
22,383979,1,3,6172,1,1,1,0
23,96946,5,2,1951,0,1,0,1
42,160391,1,4,5064,0,1,1,0
43,289340,2,3,6528,1,1,1,0
47,163421,0,2,4002,1,0,1,0
26,176499,1,1,2120,1,1,0,1
46,81046,4,3,3525,1,0,0,1
32,266537,1,3,7177,1,1,1,0
47,140655,1,5,4980,0,1,0,0
35,446904,2,4,5072,0,1,0,1
43,319902,5,1,7221,1,1,1,0
24,259453,2,0,6817,1,1,1,0
23,480417,0,2,5362,1,1,0,1
27,462712,0,3,7281,1,1,1,0
25,140149,3,3,4316,1,0,1,0
24,470611,0,1,6986,1,1,1,0
43,278126,4,1,6835,1,1,1,0
34,486491,3,5,2168,1,1,0,1
54,124550,5,4,4978,0,1,1,0
44,276752,1,1,5825,1,1,1,0
20,414280,5,0,3990,0,1,1,0
26,65480,0,5,2378,0,1,1,0
36,274618,3,1,6551,1,1,1,0
48,243674,2,2,2659,0,1,1,0
44,393312,5,3,2063,0,0,0,0
20,143602,4,5,4158,0,0,0,1
44,198892,2,0,4497,0,1,0,1
25,416143,3,0,1611,1,0,1,0
47,467919,0,3,7137,1,1,1,0
21,183481,5,5,2716,0,0,1,0
30,232142,0,3,3823,1,1,0,0
50,337309,3,3,3754,0,1,1,0
48,316810,5,5,4943,0,1,0,0
22,479778,2,3,7120,1,1,1,0
41,299795,4,2,5912,1,1,1,0
31,432486,0,1,5330,1,1,0,0
54,382432,3,1,2731,0,0,1,0
29,479920,5,0,2695,0,0,0,1
32,438274,5,0,6448,1,1,1,0
27,345450,2,0,2324,1,1,0,1
26,188205,5,2,4896,0,0,0,1
27,438383,4,3,5156,0,1,1,0
39,192356,4,0,2017,1,0,1,0
24,457894,1,0,6119,1,1,1,0
52,477224,4,4,4945,1,1,0,1
56,199815,3,2,5078,0,1,0,1
41,339741,3,5,4969,1,1,1,0
38,417998,2,1,6897,1,1,1,0
37,307507,5,2,1703,1,1,0,1
33,250198,4,3,2879,1,1,0,1
22,470484,0,0,6836,1,1,1,0
47,320204,5,2,5743,1,1,1,0
54,216784,1,3,5175,1,1,1,0
29,437442,1,2,2443,1,0,1,0
43,87390,2,2,5043,1,1,0,0
36,235711,0,4,1692,0,1,1,0
24,333525,5,2,4006,1,0,1,0
24,133050,5,0,1522,0,1,0,0
31,365976,2,1,5048,1,1,1,0
46,183034,4,1,1724,1,1,0,1
35,125282,1,3,3128,1,1,0,0
30,236824,2,4,4439,1,1,1,0
43,376184,1,2,3923,0,1,1,0
41,192377,0,4,2622,0,0,0,1
46,393596,1,5,2965,1,0,1,0
30,400979,3,1,2546,1,1,0,1
36,300321,5,1,6269,1,1,1,0
29,72061,5,3,4330,0,1,0,1
47,304675,2,3,3145,1,0,1,0
28,318425,1,1,5473,1,1,1,0
20,455048,2,2,2106,0,1,1,0
47,314593,5,4,6102,1,1,1,0
26,383020,1,2,6706,1,1,1,0
51,464191,1,3,5565,1,1,1,0
27,348261,0,1,1777,0,1,1,0
48,446668,0,5,4990,1,1,1,0
55,432187,4,2,2470,0,1,1,0
47,78992,4,2,4900,1,0,1,0
48,378840,2,2,7070,1,1,1,0
50,474324,0,5,5746,1,1,1,0
32,385854,1,0,1719,1,0,1,0
32,156858,5,2,2334,1,0,0,0
50,289285,1,1,4502,1,0,1,0
53,463127,1,0,5204,1,1,0,1
39,315947,0,4,2947,1,1,0,1
29,321962,5,0,6421,1,1,1,0
34,211870,3,5,1577,1,1,1,0
28,411041,2,4,5568,1,1,1,0
24,394576,2,4,3052,1,1,0,1
26,157167,1,5,4193,1,0,1,0
38,452819,5,2,4087,1,1,0,0
20,265574,1,2,5376,0,1,1,0
31,240624,1,3,2864,0,1,1,0
47,413490,5,5,5002,1,1,1,0
32,230772,2,1,1649,1,0,0,0
50,148710,1,3,4657,0,1,1,0
30,109955,0,1,4761,1,1,0,1
51,271095,0,1,1498,0,0,1,0
23,316582,2,0,5639,1,1,1,0
25,216979,3,4,4933,0,0,0,1
40,315911,5,4,1520,0,1,1,0
40,292139,4,3,2351,1,1,0,1
56,108000,5,3,5241,1,0,1,0
22,93724,4,1,4475,0,1,1,0
50,426720,4,3,4702,1,0,0,0
37,320399,0,2,2035,1,0,1,0
25,482174,3,2,5593,1,1,1,0
50,365849,1,1,1651,1,1,0,0
29,332957,3,3,4056,1,0,0,0
21,350403,0,3,3198,1,1,0,0
40,489951,0,3,2008,1,1,0,1
40,244642,1,1,3525,1,1,0,0
22,315177,3,1,2676,0,1,1,0
36,301772,2,2,4934,0,1,1,0
42,458332,4,3,5020,0,1,1,0
51,466921,5,5,4183,0,1,1,0
30,288851,0,1,3947,1,1,0,1
24,133953,1,0,5036,1,0,1,0
21,294201,3,5,5422,0,0,1,0
23,362799,2,4,4001,1,0,1,0
54,130031,5,5,4742,1,0,0,0
51,407786,3,0,3199,0,1,0,0
54,239011,0,5,3042,1,1,1,0
51,319981,0,0,1736,0,1,0,1
36,326853,2,5,7057,1,1,1,0
43,167228,5,1,4859,0,1,1,0
43,195056,3,1,3826,0,1,1,0
31,315530,1,5,4963,1,1,1,0
23,457232,2,3,6266,1,1,1,0
42,472177,4,5,4918,1,1,1,0
47,331861,0,2,3920,1,1,0,1
22,156563,4,3,1926,0,1,0,0
25,245841,3,2,3930,1,0,1,0
51,232381,0,1,4777,1,0,1,0
25,199329,5,3,4170,1,0,0,1
54,278110,5,4,4663,0,1,0,0
36,479927,3,5,5477,1,1,1,0
37,273255,3,2,2539,1,1,0,0
46,94804,3,3,4078,0,1,1,0
25,95685,2,1,3804,0,1,0,1
50,278679,4,3,4480,1,1,0,0
28,468626,2,3,2604,0,1,0,0
50,442315,5,1,3193,0,1,1,0
24,295741,5,2,1846,1,0,1,0
40,382206,5,1,1750,0,1,1,0
54,95868,5,2,5075,0,0,1,0
43,135370,2,1,4915,0,1,0,0
23,363382,1,1,2241,0,1,1,0
44,266542,4,1,4988,1,1,1,0
40,440881,4,5,5331,1,0,1,0
50,200189,3,4,3047,0,1,1,0
44,171462,1,1,1927,0,0,1,0
46,269855,3,1,4792,1,0,0,1
22,194301,5,3,1865,1,0,1,0
51,70033,4,0,4500,1,1,0,1
48,356619,2,5,6183,1,1,1,0
32,369337,2,4,6044,1,1,1,0
23,173223,3,2,2166,1,1,0,1
50,384413,2,3,5132,1,0,1,0
38,212798,1,2,3245,1,0,1,0
31,214859,0,1,3907,0,0,1,0
54,163228,3,2,2892,0,1,1,0
24,416032,5,5,7192,1,1,1,0
34,80976,5,3,1785,1,0,1,0
46,312691,1,1,6806,1,1,1,0
33,194509,3,4,4559,0,1,1,0
49,67059,3,2,3968,1,0,0,0
55,434154,3,0,2400,1,0,0,1
20,99907,1,2,1777,1,1,0,1
49,423567,0,1,3526,0,1,0,1
34,338536,1,5,6610,1,1,1,0
26,280315,2,2,2759,1,0,1,0
25,420174,0,3,5534,1,1,1,0
39,183902,0,5,3969,0,1,0,1
50,238164,4,3,3354,1,1,1,0
53,379180,1,4,5294,1,1,1,0
22,324426,1,1,7155,1,1,1,0
56,368621,5,5,5905,1,1,1,0
38,332776,2,5,4671,1,0,0,1
26,280774,1,1,6744,1,1,1,0
54,307825,4,4,4684,0,0,1,0
55,344249,1,2,6790,1,1,1,0
45,271192,0,2,5098,1,1,1,0
26,251992,5,5,2990,1,1,0,1
37,269190,2,1,3438,0,1,1,0
28,172548,1,4,4940,1,1,0,1
33,100476,4,5,3879,0,1,1,0
31,446319,2,4,4858,0,1,0,1
24,92920,2,5,2744,1,0,0,1
46,310971,1,1,4100,1,1,0,1
28,142745,5,4,1639,0,1,1,0
48,335047,1,0,1830,1,1,0,0
20,246824,0,1,5229,0,1,1,0
49,476429,2,1,6639,1,1,1,0
49,339205,0,5,3443,1,1,0,1
47,165438,4,4,5219,0,1,0,1
52,319142,2,4,4320,0,0,1,0
47,444739,2,4,2752,0,1,1,0
47,442935,5,1,2207,0,1,1,0
53,328785,5,3,1946,1,1,0,1
39,371915,5,2,5240,1,1,1,0
25,276144,5,0,5192,1,0,1,0
32,240957,4,1,3366,1,1,1,0
21,159356,3,2,2275,0,1,1,0
35,422644,4,5,3370,1,0,1,0
38,96243,1,0,1587,0,1,0,1
26,194111,0,4,3671,1,1,0,1
42,392388,5,4,5018,0,1,1,0
50,475267,4,3,5099,1,1,1,0
41,155169,0,0,5175,1,1,0,1
39,174145,2,2,2516,1,1,0,1
38,417547,3,1,3983,0,1,1,0
21,199225,4,2,4385,1,0,0,1
40,80965,0,0,3022,1,0,0,1
42,214567,3,2,4456,1,1,1,0
30,131060,1,4,5332,0,1,1,0
52,393947,2,1,6699,1,1,1,0
24,169758,3,3,2113,1,0,0,0
48,356222,2,5,7053,1,1,1,0
52,445282,4,0,2154,0,1,1,0
47,360267,4,4,4082,1,1,0,1
54,285923,3,1,5981,1,1,1,0
55,448426,0,3,5830,1,1,1,0
25,290313,0,1,5035,1,1,1,0
47,407521,5,1,4343,0,1,0,1
22,406244,2,2,3756,1,1,0,1
21,172925,2,4,4205,0,1,1,0
29,484409,4,5,2841,1,0,1,0
29,68389,2,5,4932,0,1,0,1
34,409656,1,0,1985,1,1,0,1
45,348590,2,2,4428,1,0,1,0
46,295304,0,3,6967,1,1,1,0
35,406283,2,0,5119,1,1,1,0
31,388843,2,2,2280,0,1,1,0
31,107483,5,2,3637,1,1,0,1
49,289019,0,4,2278,0,1,1,0
22,321320,3,3,5444,1,1,1,0
52,252942,5,0,4290,1,0,1,0
40,441098,1,3,5800,1,1,1,0
21,354196,2,2,6343,1,1,1,0
37,180397,3,3,3727,0,1,0,0
48,383501,3,2,6041,1,1,1,0
28,139337,5,5,3996,0,1,1,0
21,228343,1,5,3517,0,0,1,0
27,248928,1,4,3223,1,1,1,0
25,132065,2,5,2130,1,1,0,1
25,256789,0,1,3316,1,0,1,0
37,385209,4,5,4352,1,1,0,0
27,74256,3,5,1751,0,1,0,0
50,258623,1,4,7255,1,1,1,0
46,106268,1,3,4284,0,1,0,0
48,196667,3,0,1676,1,1,0,0
38,200638,2,1,4119,1,1,1,0
40,412354,2,2,6041,1,1,1,0
22,415755,2,2,5014,1,1,1,0
48,324028,5,2,5104,1,1,1,0
23,289021,2,4,6887,1,1,1,0
49,113321,3,5,4718,1,0,1,0
35,116083,2,1,2704,0,0,0,0
48,428617,0,3,5989,1,1,1,0
33,74144,1,1,2822,0,1,0,1
24,446869,1,1,1673,1,1,0,0
53,183195,5,2,3621,1,0,0,1
39,116241,5,2,3361,0,1,1,0
45,200981,4,1,2103,0,1,1,0
40,262253,4,5,6478,1,1,1,0
48,458527,0,1,3555,1,0,1,0
28,470548,5,1,6274,1,1,1,0
34,361975,4,0,6893,1,1,1,0
34,302660,3,3,2649,1,0,1,0
31,427426,0,1,7285,1,1,1,0
36,338604,4,5,4307,0,0,1,0
41,485426,2,5,7168,1,1,1,0
35,237897,3,3,2772,0,1,0,1
43,174875,1,1,1743,0,0,0,1
44,304987,2,5,7103,1,1,1,0
23,271725,2,3,7034,1,1,1,0
30,301096,3,1,4983,0,0,1,0
32,251288,4,3,1538,0,1,0,0
49,350305,2,5,2124,0,1,0,1
38,459759,1,0,3044,1,1,0,0
47,488181,3,1,3122,1,0,1,0
28,90886,0,5,1898,1,0,1,0
43,311252,1,2,3526,1,0,1,0
50,128657,2,4,5410,0,1,1,0
33,480800,0,4,7152,1,1,1,0
33,439573,4,2,5018,1,1,1,0
47,282081,1,4,2178,0,1,1,0
32,431061,2,4,3170,0,1,1,0
41,418276,2,4,5648,1,1,1,0
34,425491,4,2,6286,1,1,1,0
42,316283,5,3,6403,1,1,1,0
50,442031,1,2,6519,1,1,1,0
27,130512,3,0,1890,1,0,1,0
34,233864,1,1,2316,1,1,1,0
47,220226,1,4,4165,1,1,1,0
41,224484,4,4,3063,1,1,1,0
42,143198,1,2,3430,1,0,0,1
31,426730,5,5,2099,1,0,1,0
39,386303,3,1,7001,1,1,1,0
41,272366,1,5,6889,1,1,1,0
55,250841,4,0,6621,1,1,1,0
54,306739,5,3,5019,1,1,0,1
55,202000,1,2,3421,1,1,1,0
53,474048,5,2,2373,0,0,1,0
41,436157,4,2,6764,1,1,1,0
48,256474,3,3,5377,1,1,1,0
44,262294,0,4,2955,1,1,0,1
46,211237,3,5,4994,1,1,1,0
34,376614,2,1,1914,1,0,0,1
49,83939,5,1,2058,1,1,0,1
47,306410,1,3,5109,1,0,0,1
28,98151,1,0,4631,1,1,0,1
28,374742,5,0,6568,1,1,1,0
31,422136,4,5,5055,1,1,1,0
45,120385,0,1,1874,0,0,1,0
24,119733,3,4,3592,1,1,0,1
56,92443,1,0,4328,0,1,1,0
43,426888,2,3,1840,0,1,1,0
45,223082,4,2,4212,1,1,0,1
49,320205,1,1,2509,1,0,1,0
29,373084,0,2,3534,0,1,0,1
32,138681,0,3,1954,0,1,0,1
27,391047,0,0,5396,1,1,1,0
22,340844,3,3,6049,1,1,1,0
54,236013,3,4,2363,1,1,1,0
27,298158,3,2,2558,0,1,0,1
30,89333,0,1,3911,0,0,1,0
20,228573,0,0,2106,0,0,1,0
38,473876,3,4,1511,0,1,1,0
48,443045,4,0,1497,1,1,0,1
26,376253,3,2,3622,0,0,1,0
52,387716,0,0,4588,0,1,1,0
40,203541,0,3,4707,0,0,1,0
35,280707,1,2,3125,1,1,0,1
24,132080,1,3,3911,1,0,1,0
54,369436,0,4,6575,1,1,1,0
52,466206,3,1,2228,0,0,1,0
39,186910,0,2,2260,1,1,0,0
32,291909,0,5,6198,1,1,1,0
36,399727,2,3,5507,1,1,1,0
45,277731,3,4,7251,1,1,1,0
37,411490,4,0,5370,0,1,1,0
40,351414,2,0,5365,1,1,1,0
50,271477,2,5,5751,1,1,1,0
35,139161,5,3,4112,0,1,0,1
43,476851,5,1,1480,0,1,1,0
42,79048,2,4,3380,1,1,0,0
45,456924,3,3,5994,1,1,1,0
22,390746,3,1,3888,1,0,0,0
50,454155,4,1,2538,1,0,1,0
22,346292,3,4,3991,0,1,0,1
51,239200,4,4,1788,1,1,1,0
45,415227,2,3,7165,1,1,1,0
45,392833,4,2,2480,1,0,1,0
46,384478,4,1,6255,1,1,1,0
42,213899,3,4,3925,1,1,1,0
31,349580,0,4,5132,1,1,1,0
36,452868,1,5,5401,1,1,1,0
28,462449,2,0,7025,1,1,1,0
53,281172,4,0,7300,1,1,1,0
48,380794,2,5,5184,0,1,1,0
39,141248,2,5,4024,0,1,0,0
36,468464,3,3,6871,1,1,1,0
56,145325,0,3,3109,1,1,0,0
36,241563,2,0,4491,1,1,1,0
22,250190,0,0,5354,0,1,0,1
25,155527,5,2,4453,0,0,0,1
32,303222,3,0,7043,1,1,1,0
42,382158,2,4,1564,0,1,1,0
56,363085,2,0,5238,1,1,1,0
45,360277,1,1,2952,0,1,1,0
21,487750,5,1,7204,1,1,1,0
50,65521,4,5,1829,1,1,0,0
34,434456,3,0,2547,1,0,0,0
23,437899,1,1,5315,1,1,1,0
23,479552,0,1,7019,1,1,1,0
27,117610,0,1,5279,0,0,1,0
34,95101,0,1,1538,1,1,0,0
53,416944,5,3,3155,1,1,0,0
22,218802,3,1,3622,1,1,0,0
56,489602,2,3,6521,1,1,1,0
23,287898,2,2,5879,1,1,1,0
51,288168,5,3,4315,1,0,0,1
25,463600,5,2,2895,1,1,0,1
56,122120,2,2,4324,1,0,1,0
39,225824,0,5,3173,1,1,0,0
25,272736,2,0,1841,0,1,1,0
42,215018,2,5,3125,1,1,0,1
22,179258,4,1,4326,1,0,0,1
55,428998,3,0,4401,0,1,1,0
26,466681,3,5,6384,1,1,1,0
51,399335,4,1,6406,1,1,1,0
55,230497,5,0,2633,0,1,1,0
40,80735,4,1,3379,0,0,0,1
39,386323,5,4,5394,1,1,1,0
31,475402,2,1,2339,0,0,1,0
49,161053,1,5,5258,1,1,0,0
48,389560,4,1,2172,0,1,1,0
30,159986,2,3,4622,0,1,1,0
48,470699,0,1,6779,1,1,1,0
32,448650,0,3,5245,1,1,1,0
40,121299,1,3,4206,1,1,0,1
42,485842,1,5,7113,1,1,1,0
36,487400,2,4,5027,1,1,1,0
26,275119,2,4,2278,0,1,0,1
24,119970,1,3,4963,0,1,0,0
27,268140,5,1,6246,1,1,1,0
27,345217,1,0,5021,1,1,1,0
38,485716,3,5,2843,0,1,1,0
55,316338,1,3,6087,1,1,1,0
53,201564,4,0,3295,1,1,0,0
22,363172,2,1,3296,1,0,0,1
49,156903,3,2,3725,1,0,0,1
51,215389,2,0,3135,1,1,1,0
45,330892,4,2,6946,1,1,1,0
48,363572,3,1,4098,1,0,1,0
45,282747,2,0,6163,1,1,1,0
54,274931,2,2,5038,1,1,1,0
37,118809,4,2,3506,1,1,0,0
55,220084,0,3,4330,1,1,1,0
41,353178,1,0,2234,0,1,1,0
40,237992,1,0,5085,0,1,1,0
50,139476,1,3,4624,1,0,1,0
41,165462,0,5,2832,1,0,1,0
35,301076,5,5,1935,0,1,0,1
45,282524,4,4,2635,0,1,1,0
44,144613,3,2,4225,1,0,1,0
46,397027,2,4,2918,0,1,1,0
24,353356,0,5,3732,1,0,1,0
28,453443,1,5,5194,1,0,1,0
51,400108,3,3,6542,1,1,1,0
29,357789,2,2,1967,1,0,1,0
21,304633,5,5,4057,0,0,1,0
51,342681,1,3,5009,0,1,0,1
44,248977,4,3,3960,1,0,1,0
23,449502,5,0,5236,0,1,0,1
48,222536,5,2,2241,0,0,0,1
54,108415,3,2,1493,1,0,0,1
24,417241,0,1,5668,1,1,1,0
20,270709,5,1,2371,1,1,0,1
37,286797,0,2,4201,1,0,1,0
30,388267,4,1,2473,1,1,0,1
23,222648,0,4,2205,1,1,1,0
22,435796,2,4,5769,1,1,1,0
48,102360,3,5,4066,0,1,1,0
54,370236,4,5,5382,0,1,0,1
36,235141,1,2,4318,1,1,1,0
32,398920,3,4,5165,1,1,1,0
36,309073,1,3,6888,1,1,1,0
32,402780,2,0,5029,0,1,1,0
24,481778,4,3,4967,1,0,0,1
37,456866,0,0,3676,0,1,0,1
24,431319,2,1,5093,1,1,1,0
38,258187,2,4,5300,0,1,0,1
55,346680,4,2,4163,0,0,0,1
49,280124,1,4,1972,1,0,1,0
46,360428,2,1,5070,1,1,1,0
39,147924,1,4,4474,1,0,1,0
50,215414,1,5,4317,1,1,1,0
39,345447,0,2,6314,1,1,1,0
22,366734,4,1,2537,1,1,0,1
47,269069,4,1,3910,1,0,1,0
36,300883,2,3,7167,1,1,1,0
33,323304,3,2,6715,1,1,1,0
33,422034,1,5,6717,1,1,1,0
35,366618,1,1,4712,0,1,1,0
39,378770,3,2,6726,1,1,1,0
50,311918,1,1,6641,1,1,1,0
52,481710,2,5,7279,1,1,1,0
42,459892,4,1,3824,0,1,1,0
56,108805,3,2,2669,0,1,1,0
35,131610,0,4,4366,1,0,1,0
48,293173,1,4,6485,1,1,1,0
44,481540,1,0,2374,0,0,1,0
49,466220,4,5,4931,1,1,1,0
29,108773,3,0,3899,1,0,1,0
48,420386,3,2,2578,1,1,0,1
40,136481,1,1,4405,0,0,0,0
23,343324,3,5,3164,0,1,1,0
31,266447,1,0,5728,1,1,1,0
35,328186,5,5,6899,1,1,1,0
37,350668,5,3,5069,1,1,1,0
23,322061,4,2,4849,1,0,1,0
31,430238,1,4,5184,1,1,1,0
22,440427,4,3,4469,1,0,1,0
55,225913,3,2,4319,1,1,1,0
47,432700,3,1,6284,1,1,1,0
56,434947,2,3,6413,1,1,1,0
35,213804,2,0,1735,1,1,1,0
29,355457,2,1,4540,1,0,1,0
55,366804,1,1,5743,1,1,1,0
38,70179,1,2,4413,0,1,1,0
42,410289,2,1,5931,1,1,1,0
36,103165,3,0,1931,1,1,0,1
21,183053,4,3,2200,1,0,1,0
29,447600,0,3,2797,1,0,1,0
36,319754,0,4,7055,1,1,1,0
29,374174,2,1,6751,1,1,1,0
50,236781,3,4,4766,1,1,0,0
32,257785,4,3,7118,1,1,1,0
50,191437,3,2,3722,1,1,0,1
50,474970,0,5,1893,0,1,1,0
23,293256,2,3,6126,1,1,1,0
26,194839,3,3,4579,0,0,1,0
52,326230,0,3,6089,1,1,1,0
45,337290,0,2,1933,1,0,0,0
42,306484,2,5,6620,1,1,1,0
30,154225,3,2,2952,1,0,1,0
48,436551,5,3,4978,1,1,1,0
24,287966,3,1,2667,1,0,1,0
48,453529,5,1,1693,1,0,1,0
28,216775,5,5,2727,1,0,1,0
20,439660,0,0,4909,0,1,1,0
40,250733,0,1,7310,1,1,1,0
36,268548,0,4,2254,0,1,0,1
26,235668,0,1,3077,1,1,1,0
26,324019,0,1,5896,1,1,1,0
52,474828,0,2,3590,1,0,0,1
41,368141,1,1,2644,0,1,0,1
42,361967,2,0,1537,0,1,0,0
21,453801,5,2,6451,1,1,1,0
32,458365,5,5,2627,0,1,1,0
39,351221,0,4,3778,1,1,0,1
37,477536,1,3,7079,1,1,1,0
41,377028,5,2,4740,1,1,0,1
52,291327,4,5,6063,1,1,1,0
49,368468,1,4,6880,1,1,1,0
33,391264,2,3,5841,1,1,1,0
35,460139,2,5,6628,1,1,1,0
36,443787,1,0,1814,1,1,0,1
42,200788,2,3,4968,1,1,1,0
55,407528,1,1,3392,1,1,0,0
23,212737,5,0,4331,1,1,1,0
47,361408,5,0,6311,1,1,1,0
46,153389,5,5,5116,1,0,1,0
56,322020,1,2,5053,1,1,0,0
28,488973,4,0,3675,1,0,1,0
24,285164,1,1,4495,0,0,0,1
55,472165,0,1,6185,1,1,1,0
40,68338,4,4,4241,0,0,0,1
31,169716,5,1,3344,1,0,0,1
24,354520,4,1,7166,1,1,1,0
40,362699,1,0,5159,1,1,1,0
26,286934,0,3,7241,1,1,1,0
37,451992,2,3,5655,1,1,1,0
31,326269,3,2,4918,0,1,1,0
35,252044,4,1,2454,0,1,1,0
51,259357,2,4,5407,1,1,1,0
51,370699,1,4,4950,1,1,0,1
36,343811,5,5,4153,0,1,0,1
30,408545,0,1,2148,1,1,0,1
48,462053,3,2,3933,1,0,1,0
20,204185,4,3,2592,0,1,1,0
45,239541,5,4,2813,0,1,1,0
23,84597,4,0,4352,0,1,0,1
43,384560,3,4,5921,1,1,1,0
35,450663,2,3,5880,1,1,1,0
40,420225,5,5,4941,1,1,1,0
34,241162,0,2,2917,0,1,1,0
27,315660,4,5,1708,1,1,0,1
32,96250,3,5,2475,0,1,1,0
42,270429,5,3,2777,0,1,1,0
47,472117,5,2,2481,0,0,1,0
54,441999,5,3,4994,1,1,1,0
27,92135,4,5,4868,1,1,0,1
32,237720,4,5,4392,1,0,1,0
22,201926,3,1,4787,0,1,1,0
44,227059,0,2,5170,1,1,1,0
26,399399,4,5,2292,0,0,0,1
48,270868,3,2,6623,1,1,1,0
45,229596,5,4,5010,1,1,1,0
44,245165,5,1,3554,1,1,0,1
42,469081,3,0,2228,1,0,1,0
20,177386,2,4,3225,1,0,0,1
38,479348,2,0,5342,1,1,1,0
51,401837,1,1,3832,1,1,0,1
37,374129,5,1,3344,1,0,0,0
28,104921,5,2,2760,1,1,0,1
25,253669,2,5,4478,0,1,1,0
20,303331,0,4,2491,1,0,1,0
42,471042,4,1,5794,1,1,1,0
40,223114,0,2,3068,0,0,0,1
49,394399,5,5,1567,1,0,1,0
49,377170,0,1,2327,0,1,0,0
43,449827,1,3,2607,0,1,1,0
55,186357,1,0,3081,1,0,1,0
23,145701,3,3,4840,0,1,0,0
38,293312,5,2,4138,1,0,1,0
51,118226,2,5,3893,0,1,0,1
22,313223,3,1,4860,1,1,0,0
56,292062,5,4,2357,1,1,0,1
24,384642,0,3,5798,1,1,1,0
56,121730,5,2,3972,1,1,0,1
26,273225,3,5,2443,1,1,0,1
30,98555,1,5,2440,0,0,1,0
22,476506,0,1,4295,1,1,0,1
49,427182,1,4,5018,1,1,1,0
44,179689,1,4,5325,0,1,1,0
49,403720,1,0,3465,1,1,0,0
41,355804,3,4,3128,0,0,1,0
33,319136,2,2,5241,0,1,0,1
51,460415,5,2,5831,1,1,1,0
30,223041,3,2,4668,1,1,1,0
43,439473,5,3,6145,1,1,1,0
27,343515,0,2,4048,0,0,0,1
32,462139,0,5,5819,1,1,1,0
40,422149,3,2,5261,1,1,1,0
28,427836,0,0,3334,0,1,1,0
48,455328,0,3,4659,1,0,1,0
22,389865,5,5,4442,1,0,1,0
43,379016,4,2,2272,1,0,1,0
48,306297,5,5,3902,0,1,1,0
39,208831,0,2,2788,1,0,1,0
39,175624,0,1,2874,0,1,1,0
47,224354,1,3,4901,0,0,0,0
42,353515,0,3,3661,1,0,0,1
53,292242,2,1,6853,1,1,1,0
45,241131,0,3,2199,0,1,1,0
21,451625,3,4,5963,1,1,1,0
32,391252,1,5,2587,0,1,1,0
50,210708,3,4,3460,1,1,1,0
48,373449,3,2,2527,0,1,1,0
39,105392,2,5,1648,1,0,1,0
46,178536,5,2,3853,0,1,1,0
24,267398,2,3,5225,1,1,1,0
34,138180,4,2,2140,0,1,1,0
54,208618,3,3,1639,1,1,1,0
42,88525,5,2,4280,0,1,0,0
21,86280,0,2,2603,0,1,1,0
46,228436,0,4,3344,1,1,0,1
32,246811,3,3,2785,1,1,1,0
55,315408,5,2,5743,1,1,1,0
33,162020,3,5,2258,1,1,0,1
48,152296,0,0,2195,0,0,1,0
43,460878,4,4,2138,0,1,1,0
45,270321,3,5,5772,1,1,1,0
27,91440,3,3,3550,1,1,0,1
22,440307,3,1,6084,1,1,1,0
43,248131,0,5,2087,0,0,1,0
49,188593,1,5,5406,0,1,1,0
55,204631,5,2,4174,1,1,1,0
40,485732,4,5,2808,1,0,0,0
55,385292,3,5,5196,1,1,1,0
44,310246,4,2,5523,1,1,1,0
55,487365,1,5,3105,1,0,1,0
45,383118,2,3,3858,1,1,0,1
29,382467,4,3,5286,1,0,1,0
25,300140,2,2,7238,1,1,1,0
44,329055,1,1,4048,0,1,1,0
24,146453,3,5,4634,1,0,0,0
46,230816,1,5,3214,1,1,1,0
49,288638,0,5,6945,1,1,1,0
29,398220,3,5,2825,1,0,1,0
42,101981,5,2,3859,1,1,0,1
32,347986,5,4,6596,1,1,1,0
50,368771,4,3,2831,1,0,1,0
49,302796,2,5,6996,1,1,1,0
25,222506,1,1,3008,1,1,1,0
34,346623,4,0,7102,1,1,1,0
33,306243,3,4,7311,1,1,1,0
28,471929,5,2,7174,1,1,1,0
35,88059,3,1,1964,0,0,1,0
42,68388,5,0,5367,1,1,0,1
36,166924,4,0,3942,0,0,1,0
48,339802,3,5,6031,1,1,1,0
54,289600,5,0,6924,1,1,1,0
54,413138,0,2,6946,1,1,1,0
24,489606,2,1,2855,0,0,0,1
34,200482,3,4,3057,0,0,1,0
51,191655,4,5,4953,1,1,0,1
36,141215,0,4,3094,1,1,0,1
31,305863,5,1,2361,1,1,0,1
47,214159,4,2,3234,1,1,1,0
30,479377,2,5,4983,1,0,0,1
53,214728,0,5,4567,1,1,1,0
53,453360,2,0,3228,0,1,1,0
45,161006,4,5,4530,1,1,0,1
38,439779,3,3,2643,0,1,1,0
38,87251,2,2,2618,1,0,0,1
51,205274,4,2,1898,1,1,1,0
55,444722,4,1,6750,1,1,1,0
51,114324,0,0,4561,1,0,1,0
42,229015,5,0,3277,1,1,1,0
27,355554,5,4,4514,0,1,0,1
42,315466,2,4,6474,1,1,1,0
33,480454,0,0,6289,1,1,1,0
52,234422,2,4,2500,1,1,1,0
42,322972,3,3,4030,0,1,0,0
55,73985,2,0,3541,0,0,1,0
54,331500,2,3,3473,1,1,0,1
31,136062,1,5,2062,1,1,0,0
33,300152,2,2,5281,1,1,1,0
26,100472,3,4,3439,1,1,0,0
38,290886,1,4,6656,1,1,1,0
22,442699,3,3,3257,1,0,1,0
21,241691,3,4,3834,1,1,1,0
25,468619,4,4,4810,1,0,1,0
41,160971,5,0,3073,0,1,0,0
49,212749,4,5,2154,1,0,1,0
33,273480,4,2,1515,0,0,0,1
56,429268,3,5,6554,1,1,1,0
37,220888,2,3,2407,1,0,0,0
42,357272,0,4,4901,0,0,0,1
42,301322,0,3,3147,1,0,1,0
22,403654,2,1,2818,0,1,0,0
22,279847,2,1,4011,1,0,0,1
56,66094,5,3,2252,1,0,1,0
42,249846,2,5,5147,1,0,0,0
45,383126,5,1,7170,1,1,1,0
49,205935,3,2,4425,0,1,1,0
31,327764,3,3,4836,1,1,0,1
27,261030,0,4,7294,1,1,1,0
27,155308,1,0,2206,1,1,0,0
45,202575,0,2,4492,0,0,1,0
39,482899,3,0,5005,0,0,0,1
49,269520,1,4,5094,1,1,1,0
33,229180,4,3,4310,1,1,1,0
55,213872,1,0,1991,0,1,1,0
53,299644,2,0,1788,0,0,1,0
50,201857,4,4,1753,0,1,1,0
24,485616,0,5,6739,1,1,1,0
50,487311,3,2,6338,1,1,1,0
48,313156,4,0,5048,1,1,1,0
23,261440,2,2,2003,0,1,0,0
53,159732,3,1,2721,1,0,0,0
23,431334,0,4,4275,0,0,1,0
23,114323,1,3,3447,0,1,1,0
23,456621,4,5,4280,0,1,1,0
34,392370,3,2,3703,0,0,0,0
26,98949,5,4,4422,1,0,0,1
56,371964,3,1,6771,1,1,1,0
29,366777,2,5,2513,1,0,1,0
53,281996,1,3,4816,0,0,0,0
41,265243,2,0,3842,1,0,1,0
55,373412,0,2,5976,1,1,1,0
30,156746,3,4,2581,1,1,0,1
41,167883,5,1,1612,0,1,0,0
36,133481,0,4,3926,1,0,0,1
30,241061,2,2,2450,1,1,1,0
36,463866,5,1,5269,1,1,0,0
32,283520,5,3,4449,0,1,1,0
35,248658,5,5,1542,1,1,1,0
30,430795,2,2,1821,0,1,1,0
32,118241,5,3,1914,0,1,0,1
45,73285,4,2,2434,1,1,0,1
52,314779,1,0,5419,1,1,1,0
45,448876,5,3,4936,1,1,0,1
52,394082,2,0,3456,1,1,0,1
52,306414,3,4,5626,1,1,1,0
43,237335,3,2,3410,0,1,1,0
38,213525,1,4,4626,1,1,0,1
36,355289,5,4,3770,1,1,0,1
55,377782,2,0,3127,0,1,0,1
32,355693,3,0,3438,1,0,1,0
53,177372,0,2,4961,1,0,0,0
49,400947,0,3,5081,0,1,1,0
54,166051,1,4,2303,0,1,1,0
56,128024,4,5,4110,1,1,0,1
28,454055,0,4,2256,0,1,1,0
45,237986,4,4,1627,1,1,1,0
30,283165,1,2,6321,1,1,1,0
46,235498,2,5,3411,1,1,1,0
21,138251,4,3,4779,0,1,0,1
46,364779,4,2,1866,1,0,1,0
47,171990,4,0,4578,0,1,0,0
22,218265,1,5,5140,0,1,0,1
42,268111,0,5,6461,1,1,1,0
35,435648,4,1,2995,0,1,1,0
23,270949,0,4,7097,1,1,1,0
24,435259,3,4,5490,1,1,1,0
37,232752,5,5,2123,1,1,1,0
26,145041,4,1,4863,1,0,1,0
36,256593,5,2,5073,1,1,1,0
28,344970,5,5,4372,1,0,1,0
39,166482,5,5,2261,1,1,0,1
21,130632,2,1,4640,1,0,0,1
25,357487,1,3,1533,0,1,0,0
22,144413,4,1,3873,0,1,1,0
22,315360,1,1,6255,1,1,1,0
55,321453,0,1,5853,1,1,1,0
52,290498,4,5,5644,1,1,1,0
46,256647,0,4,1760,0,1,1,0
49,285901,5,1,5413,0,0,0,1
23,76259,0,5,2680,1,1,0,1
27,191594,5,2,4882,0,1,0,1
56,464753,5,5,3247,1,0,0,1
41,83849,4,2,5140,0,0,1,0
35,423249,1,2,6762,1,1,1,0
53,290118,2,0,5163,1,1,1,0
26,226985,4,5,5153,0,1,1,0
34,483863,3,1,1595,0,0,1,0
31,82511,1,0,5159,1,0,1,0
53,226653,1,3,2462,1,1,0,1
42,407710,3,0,6861,1,1,1,0
37,345787,0,5,5573,1,1,1,0
51,316600,0,3,4943,1,0,0,1
33,346835,5,2,4907,0,1,0,1
34,475959,4,0,1666,0,1,0,1
26,130162,5,1,4093,0,1,1,0
43,178048,3,5,2359,0,1,1,0
54,227196,0,1,5130,1,1,1,0
35,238967,3,1,5338,0,1,0,1
52,279954,0,0,3304,0,1,1,0
21,378167,1,4,3918,1,0,1,0
52,345966,0,5,6570,1,1,1,0
36,212267,2,4,4745,0,1,0,1
50,439974,3,3,4420,0,1,1,0
46,246687,4,0,2324,1,0,0,1
35,356776,0,1,5981,1,1,1,0
53,256739,3,2,3900,1,1,0,1
31,337355,2,5,1958,0,0,0,1
40,94761,5,0,3865,1,1,0,1
38,262663,4,4,3775,0,1,0,1
30,211323,4,0,1940,0,1,1,0
33,86623,0,3,5296,1,1,0,1
20,185678,0,1,2679,0,1,1,0
55,392863,5,0,3530,1,0,1,0
21,479392,3,1,4247,1,1,0,1
23,261461,3,5,4935,1,1,1,0
49,319951,5,4,3057,1,1,0,1
41,211226,1,3,1593,1,1,0,1
22,378511,1,2,3937,0,1,0,1
29,415893,5,1,6758,1,1,1,0
46,204810,1,0,2078,1,1,0,1
31,147385,4,1,4404,0,0,1,0
31,249205,5,2,1713,0,0,0,1
49,195324,0,4,2511,1,1,0,1
38,83084,3,2,2964,1,1,0,1
47,322386,3,0,3830,0,1,0,1
24,337410,0,1,4398,1,0,1,0
29,339113,1,0,4840,1,1,0,1
47,281405,0,1,6800,1,1,1,0
39,439908,2,0,6083,1,1,1,0
53,205972,1,2,5335,1,1,1,0
50,210883,0,1,2119,1,1,1,0
49,150904,3,3,2316,1,1,0,0
43,463430,3,2,5634,1,1,1,0
51,205821,3,2,3284,0,1,0,0
33,65948,2,0,2620,1,0,1,0
30,318500,3,5,2783,1,1,0,0
21,246686,4,1,1497,1,0,1,0
26,152496,0,0,1518,0,1,0,0
30,478826,3,1,6572,1,1,1,0
52,470710,4,0,1606,0,1,1,0
28,335860,4,0,3944,1,0,1,0
55,184278,5,3,3693,1,1,0,1
55,69097,2,4,4575,0,1,0,1
27,369641,5,1,1871,0,1,1,0
49,271337,0,5,7225,1,1,1,0
30,217976,4,2,1698,1,1,1,0
32,123708,0,1,3708,0,1,0,1
25,382036,3,1,3640,0,0,1,0
35,302202,1,1,4722,1,1,0,1
45,404017,1,0,5865,1,1,1,0
23,100817,0,1,5232,1,1,0,1
54,87483,1,5,5162,0,1,1,0
42,231615,5,3,1500,0,1,1,0
32,109792,4,1,4635,1,0,1,0
30,476243,3,5,6543,1,1,1,0
45,255903,0,2,1612,1,0,1,0
43,175139,5,4,2220,0,1,0,1
56,176265,0,3,2971,0,0,0,1
31,424836,5,5,5118,1,1,0,0
54,381906,1,2,2075,1,1,0,0
45,384930,2,4,6239,1,1,1,0
54,458031,3,1,6812,1,1,1,0
21,425032,0,0,4002,1,0,0,1
46,329524,5,1,7141,1,1,1,0
37,283353,1,2,3302,1,1,0,1
52,345573,0,1,4992,1,0,1,0
22,464821,1,0,1987,1,1,0,1
20,394989,0,5,3483,0,1,0,1
55,391882,0,0,4061,1,1,0,0
50,219605,5,0,2888,1,1,1,0
45,303644,2,1,6241,1,1,1,0
37,403581,1,2,5093,1,0,0,1
34,406933,2,4,4290,0,1,1,0
46,473353,4,4,2467,0,1,0,1
29,414762,2,4,6476,1,1,1,0
25,483404,3,4,5158,0,1,0,1
27,229894,5,1,3592,1,1,1,0
36,210327,5,4,4633,1,1,0,1
51,190471,2,2,4936,0,1,1,0
37,329912,0,5,3316,0,0,1,0
43,375466,3,1,1970,1,1,0,1
42,396558,3,5,3771,1,1,0,1
54,187474,2,0,4710,0,0,0,1
52,222848,1,5,4728,1,1,1,0
33,317262,5,4,6935,1,1,1,0
42,305338,2,4,4655,1,0,0,1
23,260469,2,2,5209,1,1,1,0
21,272253,1,5,2527,1,1,0,1
38,70804,4,2,1735,0,1,0,0
44,415624,1,4,3129,1,0,1,0
35,342468,0,3,2847,0,1,1,0
37,484340,4,0,1557,1,0,0,1
32,343046,1,1,5067,1,1,1,0
36,240429,2,3,4618,1,1,0,0
36,210979,1,4,2152,0,1,0,1
39,410315,3,0,6645,1,1,1,0
55,263633,4,5,3220,0,1,1,0
32,380914,0,5,4425,0,1,0,1
30,277139,1,5,5543,1,1,1,0
41,190953,0,2,4801,0,1,1,0
36,281317,4,1,6002,1,1,1,0
23,144352,5,3,2788,0,0,1,0
41,361118,4,1,2087,1,1,0,0
22,279856,0,4,2594,0,1,1,0
21,341050,1,1,6658,1,1,1,0
22,83322,5,0,2972,0,0,1,0
32,392435,1,0,4321,0,1,1,0
23,416156,1,3,3128,0,0,1,0
38,411760,5,5,6983,1,1,1,0
44,488781,4,1,1739,0,1,0,1
42,299407,5,1,6580,1,1,1,0
54,147745,3,2,1872,1,1,0,1
47,313547,3,1,4943,1,1,1,0
28,464810,4,2,5055,0,1,1,0
29,238926,5,0,4763,1,1,1,0
51,308429,3,4,1483,1,1,0,1
46,360006,0,4,2836,0,1,0,1
25,219017,2,4,2797,0,0,0,0
28,373135,2,2,2888,0,0,1,0
20,351666,3,4,6222,1,1,1,0
45,444293,2,2,3810,0,1,0,1
39,239707,3,5,4542,1,1,0,1
31,369302,4,3,5277,1,1,1,0
22,145460,4,2,4013,0,1,0,1
49,183088,1,3,5084,0,1,1,0
31,411914,3,1,5213,1,1,1,0
34,283593,2,1,1942,1,0,1,0
53,437994,0,3,6400,1,1,1,0
27,273930,3,4,6468,1,1,1,0
47,130123,4,2,1812,0,1,1,0
37,295132,3,5,7252,1,1,1,0
21,268020,2,5,7269,1,1,1,0
25,414345,0,2,5046,1,1,1,0
25,259100,4,4,1476,1,0,1,0
43,470796,1,4,6794,1,1,1,0
55,67427,1,0,2582,1,1,0,1
56,183172,4,1,2990,1,0,1,0
31,265735,2,3,1577,1,0,1,0
47,467573,5,5,5392,1,1,1,0
24,144970,3,1,5162,1,0,1,0
49,341594,2,4,2782,0,1,1,0
41,329827,2,0,2740,0,0,1,0
48,211144,4,4,3865,0,0,1,0
25,358995,5,1,2852,1,0,1,0
34,453314,5,0,2639,1,0,1,0
45,94532,0,0,3857,0,1,0,1
42,226275,1,5,3853,1,1,1,0
33,479020,0,2,6701,1,1,1,0
25,192780,0,1,3736,0,1,0,1
25,217124,3,4,3972,1,1,1,0
36,169459,4,5,4352,0,1,0,1
43,274342,3,1,7059,1,1,1,0
29,398129,5,3,5361,1,1,0,1
56,235483,2,2,5355,0,1,0,1
44,475568,1,1,2654,0,1,0,1
25,343890,1,5,7175,1,1,1,0
46,229426,2,3,5403,0,0,0,0
52,375239,1,5,4452,0,1,1,0
21,320497,2,4,4972,0,1,0,0
34,390831,0,2,2711,1,1,0,1
55,450416,1,1,4978,1,1,1,0
33,305164,3,2,5147,1,1,0,1
27,149525,5,5,3168,1,1,0,1
31,232563,3,2,2255,0,1,0,1
33,176294,1,2,1489,1,0,1,0
43,74569,2,1,3560,1,0,1,0
37,413325,5,4,6931,1,1,1,0
56,293871,1,3,5495,1,1,1,0
26,244540,3,3,4535,1,1,1,0
55,443604,5,5,3949,1,0,1,0
43,399237,2,0,4854,1,1,0,0
41,317499,1,2,7287,1,1,1,0
51,297004,4,3,4499,1,1,0,0
53,445603,2,1,7006,1,1,1,0
20,346684,4,4,2463,1,1,0,0
47,454297,3,2,1607,1,0,1,0
26,157199,4,5,4312,1,1,0,1
53,180044,4,2,3293,0,1,1,0
21,80769,4,3,3585,1,0,0,1
44,278143,0,0,2341,1,1,0,1
43,394320,4,3,3157,0,1,0,0
43,339160,2,3,1898,0,1,1,0
53,375769,1,2,3377,1,0,1,0
47,407881,3,2,6692,1,1,1,0
46,397633,0,5,3581,1,1,0,1
54,138024,4,4,1782,1,0,1,0
39,400551,4,2,4502,1,0,1,0
30,483304,4,5,3682,1,0,1,0
41,391479,2,4,6311,1,1,1,0
42,476687,4,4,5296,1,1,0,1
21,295997,4,1,5255,1,1,1,0
53,278320,0,2,3691,1,1,0,1
31,269140,4,5,2991,1,0,1,0
25,485618,3,2,5203,1,1,1,0
26,258832,1,1,2562,0,0,1,0
24,466639,3,3,6913,1,1,1,0
49,469072,2,1,2336,1,1,0,0
44,301438,5,4,5118,1,1,1,0
21,438982,1,1,5581,1,1,1,0
55,171505,4,4,3555,1,1,0,0
42,386574,4,4,4968,1,1,1,0
37,135817,3,5,5401,1,0,1,0
38,442485,1,2,2308,0,1,1,0
48,374102,0,4,6223,1,1,1,0
40,135193,0,1,3301,0,0,1,0
30,87108,5,4,4651,0,1,1,0
38,347233,4,0,5030,1,1,1,0
24,417543,3,2,7189,1,1,1,0
50,116466,4,4,2775,0,0,1,0
37,217971,5,2,4534,1,1,1,0
20,375773,5,5,3505,1,1,0,0
40,307411,2,5,4478,1,1,0,1
32,263363,2,0,5056,1,1,1,0
24,109437,4,3,1943,1,0,1,0
51,357548,1,5,3275,1,0,1,0
26,248445,3,3,2584,0,1,1,0
42,218716,1,0,4404,1,1,1,0
46,96519,4,2,2674,0,1,1,0
29,299981,2,1,5063,0,1,0,1
23,68176,5,0,4135,1,1,0,1
43,251351,0,5,6878,1,1,1,0
37,170624,3,5,4511,1,1,0,1
38,457071,3,3,5871,1,1,1,0
48,120604,0,4,4563,0,0,1,0
23,153417,3,4,5105,0,0,1,0
29,276627,3,4,6020,1,1,1,0
43,489721,5,3,6058,1,1,1,0
21,348279,0,2,6395,1,1,1,0
45,437273,1,4,5919,1,1,1,0
28,249374,4,5,4669,1,1,1,0
44,171700,5,0,5004,1,1,0,1
35,449017,0,0,6027,1,1,1,0
22,375275,2,4,6599,1,1,1,0
47,336840,5,3,4506,0,1,0,1
50,451095,0,2,5969,1,1,1,0
31,280226,3,1,5285,0,1,0,1
34,250281,1,5,2587,0,1,1,0
50,426989,1,1,2965,0,0,1,0
30,227164,2,2,2023,1,1,1,0
42,255429,4,2,5183,1,1,0,1
35,244699,5,0,4878,0,1,0,1
43,170347,3,4,2152,0,1,0,0
21,340716,3,3,5103,1,1,1,0
36,299243,1,0,2088,0,0,0,0
30,296667,4,2,2618,1,1,0,1
54,403204,3,5,4266,0,1,1,0
25,68256,4,0,2702,0,1,1,0
51,451724,0,1,3833,1,1,0,1
33,173649,2,3,1922,1,0,1,0
53,254727,0,0,2467,1,0,1,0
25,297460,4,4,5226,0,1,0,1
55,279817,4,3,5446,1,1,1,0
40,115915,4,1,2841,0,1,0,1
53,271724,5,3,6777,1,1,1,0
36,77308,5,5,4057,0,0,0,1
35,327095,5,2,5318,1,1,1,0
21,295760,4,3,4824,1,0,1,0
44,422975,5,2,6331,1,1,1,0
53,228557,5,3,5380,1,1,0,1
36,489219,2,0,6644,1,1,1,0
40,228121,3,3,4797,1,1,1,0
53,410464,5,3,5794,1,1,1,0
28,357361,1,4,5736,1,1,1,0
33,252207,2,3,6521,1,1,1,0
40,258864,3,4,5399,1,1,1,0
30,162375,1,5,2626,1,0,1,0
53,70378,1,3,3720,1,0,1,0
54,461514,3,1,2210,0,1,0,0
47,388392,2,4,4367,1,1,0,1
24,467137,1,3,2255,0,0,0,1
22,300224,1,3,6584,1,1,1,0
23,306269,5,2,6766,1,1,1,0
40,376310,5,2,2941,0,1,0,1
43,372726,5,2,4921,1,1,1,0
41,301364,0,3,7009,1,1,1,0
51,192020,3,2,5139,1,1,0,1
48,241524,3,1,4229,1,1,1,0
51,339949,2,5,5673,1,1,1,0
41,353852,5,5,6485,1,1,1,0
55,463224,1,4,2428,0,0,0,1
24,222882,0,4,2047,0,1,0,1
31,231803,2,0,3738,1,1,1,0
38,483942,3,5,6312,1,1,1,0
25,91757,2,3,4158,0,1,1,0
42,70451,4,0,5282,1,0,1,0
26,285704,4,2,1930,1,1,0,1
43,346528,1,1,5548,1,1,1,0
54,378757,5,5,2308,1,0,0,1
36,267064,3,1,4741,0,1,1,0
26,301703,1,2,5949,1,1,1,0
29,440677,1,0,1559,1,0,0,1
39,330023,3,4,2302,0,0,0,1
27,358303,2,2,7066,1,1,1,0
34,104559,3,1,1925,0,0,1,0
50,108537,2,5,3459,1,1,0,1
47,300826,4,1,2519,1,1,0,1
42,244904,3,2,4887,1,1,1,0
48,332961,3,3,4233,0,1,0,1
28,321991,4,5,4600,1,1,0,1
32,241933,5,0,4414,0,0,0,1
51,281129,1,0,3890,1,1,0,1
56,68043,3,2,3006,0,0,1,0
48,278358,0,4,2668,1,0,1,0
36,427852,4,4,5220,1,1,0,1
51,293894,0,5,2682,1,0,1,0
22,245871,5,3,3841,1,1,1,0
28,127290,1,1,5113,0,0,1,0
26,461148,1,5,3119,0,1,1,0
56,161148,5,1,4924,1,1,0,0
31,299547,3,2,4511,0,0,1,0
25,245359,4,3,3175,1,1,1,0
26,177073,4,2,2362,0,1,0,1
54,285088,4,3,2980,1,0,0,1
38,223668,1,1,2165,1,1,0,1
53,232577,2,5,3306,1,1,0,1
56,303818,4,1,3934,0,1,0,0
21,153413,4,4,2139,1,1,0,1
31,420873,4,0,5698,1,1,1,0
52,359816,2,2,5122,0,0,1,0
22,228701,5,5,3166,1,1,1,0
39,228087,1,1,5210,0,0,1,0
34,344550,3,0,3163,1,1,0,1
26,303979,4,1,4513,1,1,0,0
45,113217,1,0,5282,0,1,1,0
32,82433,0,1,2886,1,1,0,0
26,471653,4,3,3110,1,0,1,0
23,152667,0,1,2470,0,1,0,1
40,98807,3,5,3531,1,1,0,1
26,242132,0,2,4896,1,1,1,0
21,235012,2,3,1974,1,1,0,1
42,343841,3,3,6107,1,1,1,0
26,347254,1,1,6686,1,1,1,0
55,338498,2,1,2818,1,1,0,0
43,264223,4,1,3242,1,1,0,0
34,252094,4,0,2833,0,1,1,0
33,175766,5,1,2663,1,0,1,0
43,315139,4,4,6406,1,1,1,0
45,458752,5,1,4401,1,0,1,0
50,160804,1,2,3713,0,1,1,0
23,288362,5,4,6199,1,1,1,0
47,226791,4,5,1845,1,0,1,0
26,418372,0,2,5152,1,1,1,0
21,284869,4,0,4700,1,1,0,1
50,163137,0,1,2925,0,1,0,1
38,258174,3,4,3688,1,0,1,0
29,489368,0,4,6614,1,1,1,0
20,226155,1,1,2978,1,0,1,0
32,413695,3,0,4955,0,0,1,0
39,263197,3,3,2345,0,1,0,0
33,94389,2,5,2303,0,0,0,1
56,426115,0,3,4972,1,1,1,0
44,220942,1,2,3038,1,0,0,0
31,420888,4,0,5887,1,1,1,0
45,211289,3,4,1957,0,1,1,0
23,461892,4,3,1649,1,0,0,1
32,425099,3,1,5234,0,1,0,1
38,402084,4,1,4749,1,0,1,0
37,347375,4,5,6422,1,1,1,0
28,243116,3,2,2125,1,1,0,0
53,339074,3,5,2254,1,0,1,0
22,179987,3,4,4281,0,1,0,0
24,94174,0,4,4763,0,0,1,0
45,448501,4,1,2242,0,1,1,0
24,435946,0,2,6160,1,1,1,0
51,215727,3,3,5264,1,1,1,0
35,454894,5,3,3103,1,0,1,0
39,242771,4,1,4780,0,0,1,0
45,416790,1,3,4567,0,1,0,1
47,220290,3,1,3872,1,1,0,0
31,476425,0,3,2681,1,0,1,0
20,333615,4,3,1625,1,0,1,0
39,183451,3,2,2902,0,1,1,0
33,432380,5,2,6465,1,1,1,0
28,357985,1,4,1897,1,0,1,0
51,383149,0,2,4572,1,1,0,1
23,283012,3,1,6022,1,1,1,0
44,454206,2,2,2126,1,1,0,1
42,86781,5,4,2441,0,1,0,0
41,296072,5,3,1777,0,1,0,1
45,192106,3,1,3533,0,1,0,0
26,344296,2,0,3409,1,0,0,1
25,463386,5,2,6732,1,1,1,0
22,91380,0,2,4879,1,1,0,1
47,195397,1,0,5422,1,0,1,0
39,391199,4,3,7140,1,1,1,0
33,113144,3,3,5232,1,1,0,1
27,185065,3,4,4176,1,0,0,0
28,135215,5,2,3915,1,0,1,0
35,315302,5,1,4366,0,1,1,0
40,484099,0,1,4678,1,0,1,0
41,417527,3,5,4927,0,1,0,0
26,395627,1,3,4553,0,1,1,0
26,172555,2,1,2336,0,0,1,0
44,307055,1,5,4926,1,1,1,0
36,423622,3,3,5040,1,1,1,0
26,385363,3,1,2972,1,1,0,1
42,431684,3,2,5186,1,1,1,0
21,132321,5,0,3088,1,0,0,0
51,453386,3,2,6344,1,1,1,0
20,178665,0,0,2682,0,1,1,0
28,302610,3,2,5069,1,1,1,0
21,243018,5,4,1922,1,1,0,1
22,109045,2,2,2305,1,1,0,0
33,357433,0,1,2911,1,1,0,1
20,92578,4,3,4112,0,0,1,0
47,350409,0,3,4006,1,0,1,0
21,455447,4,0,7094,1,1,1,0
29,295903,5,1,4389,1,1,0,1
44,408208,0,2,4717,0,0,0,0
44,198890,4,2,2518,0,1,0,1
53,324003,0,0,2437,1,1,0,1
55,259666,1,2,6184,1,1,1,0
46,446050,0,5,3878,0,1,1,0
43,240450,5,1,5006,1,1,0,1
37,459115,5,5,6367,1,1,1,0
47,69944,4,2,1985,0,1,1,0
43,122400,1,3,5225,1,0,0,0
36,335664,1,5,3153,0,1,1,0
49,335842,1,1,6740,1,1,1,0
33,393574,2,5,3943,1,0,1,0
50,152911,2,3,4984,1,1,0,0
38,184975,2,4,3608,0,1,1,0
25,196004,3,1,5383,0,0,1,0
24,311091,4,3,2926,0,1,1,0
37,225269,0,2,5405,0,0,1,0
32,467398,2,3,4775,1,1,0,1
50,377896,0,5,1672,0,1,1,0
20,317396,4,2,2934,0,1,1,0
32,311912,3,0,6288,1,1,1,0
21,307699,3,3,1581,1,1,0,1
21,324107,5,5,6375,1,1,1,0
22,486101,2,4,6674,1,1,1,0
34,405867,5,0,5017,1,0,1,0
50,446469,1,1,3092,0,1,0,1
51,215568,0,0,3772,1,1,1,0
35,414583,1,0,6796,1,1,1,0
23,449647,5,0,4022,0,1,1,0
46,204750,1,3,2148,0,1,1,0
48,409755,0,4,5202,1,1,1,0
29,254433,4,4,4029,1,0,1,0
37,120339,0,3,2678,0,1,0,1
33,475627,1,3,2030,1,1,0,1
37,93471,5,2,4144,0,1,1,0
33,156474,0,0,4704,1,0,0,1
44,149992,0,2,3589,1,0,1,0
56,69040,3,5,3062,1,1,0,1
39,271026,5,2,5838,1,1,1,0
48,447521,2,3,6009,1,1,1,0
21,292268,2,4,2192,0,0,0,1
29,154917,2,0,4797,1,1,0,0
25,451990,4,3,2493,1,1,0,1
49,285982,0,5,5699,1,1,1,0
33,163023,2,1,4551,1,0,0,1
25,141735,4,1,3187,0,1,1,0
41,344793,4,4,7015,1,1,1,0
50,476963,4,4,3249,1,0,0,0
40,298088,4,4,1704,0,1,0,0
50,311475,3,2,5605,1,1,1,0
48,308652,4,0,6359,1,1,1,0
20,193094,2,0,2341,0,1,1,0
27,229966,0,1,5045,1,1,0,1
34,73810,2,4,5380,1,1,0,1
48,273993,0,2,2769,1,1,0,0
23,454779,2,1,5637,1,1,1,0
48,453731,0,5,2900,0,0,1,0
28,296525,3,1,5296,1,1,1,0
50,276241,4,4,6005,1,1,1,0
37,255886,0,3,5384,1,1,0,1
25,67377,3,2,1763,1,1,0,0
20,384181,3,5,1755,0,0,1,0
29,478635,3,4,3159,1,0,1,0
35,81549,2,4,4054,0,1,1,0
50,366323,1,3,1788,1,1,0,1
21,302767,1,5,4851,0,1,1,0
37,178561,2,2,3162,1,0,0,0
37,456595,2,1,2525,1,1,0,1
28,382612,2,1,2580,1,1,0,1
24,239841,2,3,4477,1,1,1,0
39,275035,0,1,4125,1,1,0,1
20,292388,0,4,5122,0,0,0,1
39,190857,4,5,4378,0,1,0,0
50,407516,0,0,3301,0,1,1,0
39,156825,3,5,1522,0,1,1,0
27,117715,0,5,2692,1,1,0,1
38,350299,4,5,4744,1,1,0,1
33,331389,0,1,2445,0,0,1,0
45,323339,0,3,2603,1,1,0,0
21,321510,1,5,4644,0,1,0,1
30,170336,2,0,4519,0,1,1,0
21,170105,1,1,3205,1,0,0,1
28,424179,2,0,5432,1,1,1,0
29,85088,1,2,4711,1,1,0,1
24,65605,5,3,4302,1,1,0,1
55,484690,4,5,1797,0,1,1,0
29,324301,0,1,3692,1,1,0,0
22,254804,2,1,2403,1,1,0,0
45,348775,0,0,5081,1,1,1,0
23,349282,4,0,7096,1,1,1,0
38,410532,3,1,2024,0,1,1,0
48,285127,5,2,5289,1,1,1,0
39,105695,5,1,2459,0,0,0,1
42,464397,4,5,5171,1,1,1,0
32,397623,2,2,3901,0,1,0,1
34,387623,4,3,4810,0,0,1,0
53,420848,2,4,6041,1,1,1,0
56,360017,5,4,5285,1,0,0,1
45,357126,2,5,4072,0,1,1,0
39,355979,3,4,5846,1,1,1,0
36,361885,3,2,3966,1,1,0,1
50,267936,2,5,4392,0,0,1,0
45,454976,1,2,4098,0,1,1,0
41,362044,5,4,6305,1,1,1,0
33,130545,0,4,4904,1,0,1,0
24,362792,3,3,4936,1,1,1,0
25,217567,2,2,1664,1,1,1,0
20,460276,5,4,4341,0,1,0,0
38,469541,4,5,5575,1,1,1,0
43,414962,2,3,4745,0,0,1,0
45,207173,4,0,4850,1,1,1,0
36,308845,0,3,6806,1,1,1,0
56,329893,1,5,2044,1,0,1,0
45,427111,5,2,4541,1,1,0,1
46,223288,5,4,2993,1,0,1,0
34,93695,5,4,3990,1,0,0,1
39,84788,4,1,4981,1,1,0,1
49,374163,5,4,3408,0,1,0,0
44,457851,2,1,5534,1,1,1,0
33,389843,2,0,5989,1,1,1,0
45,106376,2,2,2679,1,1,0,0
21,335223,1,2,5332,1,1,0,0
29,348886,0,0,6409,1,1,1,0
54,89194,4,4,3010,0,1,1,0
42,468940,1,3,3258,0,1,1,0
56,410358,5,0,1933,1,1,0,0
35,363663,0,4,4123,0,1,1,0
47,488865,3,2,5773,1,1,1,0
23,436625,3,2,1963,0,1,1,0
21,309260,3,4,3846,1,1,0,1
33,328271,2,2,2857,0,1,1,0
22,116434,2,2,2137,1,1,0,1
35,261616,2,3,6600,1,1,1,0
22,231076,2,1,3222,0,0,1,0
22,75563,3,3,1504,0,1,1,0
53,379303,5,3,5748,1,1,1,0
47,469855,4,3,5339,1,0,1,0
27,326088,3,4,6821,1,1,1,0
29,418088,5,2,2889,1,0,0,1
49,295013,4,2,6372,1,1,1,0
42,285555,0,5,2152,1,1,0,1
34,410715,2,2,3120,0,1,1,0
52,69563,5,0,2907,0,1,1,0
23,270785,2,2,5158,0,0,0,0
38,284762,4,0,6588,1,1,1,0
51,358411,3,4,6557,1,1,1,0
43,239039,5,3,2550,1,1,1,0
21,415275,0,4,2635,0,1,0,0
31,295458,3,2,5778,1,1,1,0
45,368170,1,3,5994,1,1,1,0
54,383635,4,0,2993,1,0,0,1
53,292617,4,5,4475,1,1,0,1
22,411907,3,5,6090,1,1,1,0
56,277285,1,2,5828,1,1,1,0
44,242860,3,5,3420,1,1,1,0
45,348051,4,3,4459,0,1,1,0
49,440283,1,3,2322,0,1,0,0
28,406411,4,0,2156,1,1,0,0
35,316234,2,1,5236,1,1,1,0
45,271912,2,1,5080,1,0,1,0
26,470903,1,1,5433,1,1,1,0
29,108082,4,0,3815,0,1,0,1
51,446340,5,3,6047,1,1,1,0
22,157203,0,4,1521,1,0,1,0
40,283522,3,3,4740,0,1,1,0
24,333258,5,1,7314,1,1,1,0
53,478243,0,1,5944,1,1,1,0
55,288462,1,3,3244,1,0,0,1
36,191796,0,0,3544,1,1,0,0
54,73437,3,0,4269,0,1,1,0
36,378392,1,0,6883,1,1,1,0
53,248009,3,1,1608,0,1,0,1
47,389742,2,3,4922,1,1,1,0
22,484147,1,4,1734,1,0,1,0
42,305623,4,3,7039,1,1,1,0
27,253040,3,0,3786,1,0,1,0
55,424018,2,1,3208,1,0,1,0
35,91374,1,1,3841,1,0,1,0
42,486129,1,1,4988,1,1,1,0
56,421403,5,5,2905,0,1,1,0
55,465900,4,4,7271,1,1,1,0
20,208315,1,4,1946,1,0,0,1
45,344676,2,2,2011,1,0,1,0
21,445605,3,5,6264,1,1,1,0
39,76267,0,3,2956,0,1,1,0
35,465498,3,1,6938,1,1,1,0
28,272168,1,1,6085,1,1,1,0
40,482790,1,3,6506,1,1,1,0
39,180765,4,0,4883,0,1,1,0
43,385825,4,2,3391,1,1,0,1
41,409135,2,4,5493,1,1,1,0
48,83371,3,0,3689,1,1,0,1
35,288007,0,1,3277,0,1,1,0
38,308664,4,5,3249,1,0,1,0
36,241303,5,1,4019,1,1,1,0
54,163738,1,0,3117,1,1,0,1
46,396633,3,3,7032,1,1,1,0
51,397301,0,5,4521,1,1,0,1
26,484448,1,1,5466,1,1,1,0
46,257174,4,2,1654,1,1,0,0
32,335086,4,5,7191,1,1,1,0
55,292930,4,0,3838,1,0,1,0
39,408066,0,0,2759,1,0,1,0
24,294069,1,0,5238,1,1,1,0
48,342426,0,5,2319,1,0,0,1
53,436661,3,1,5676,1,1,1,0
38,478613,1,2,3162,1,0,1,0
33,186880,4,3,4502,1,0,1,0
48,442865,1,4,5888,1,1,1,0
20,473531,4,5,2459,0,1,1,0
24,485485,5,4,5294,1,0,0,1
20,176382,3,5,3633,1,0,0,1
50,243554,4,2,3932,0,1,0,1
37,79395,4,1,1674,1,0,1,0
32,478628,3,2,2187,1,0,1,0
35,225611,2,4,2023,0,1,0,0
28,373513,4,3,2765,1,1,0,1
38,343849,4,1,3201,1,1,0,1
49,80025,2,3,1836,0,1,1,0
48,298443,2,4,3596,0,1,0,1
46,282654,3,4,4496,1,0,0,0
25,333986,5,4,6966,1,1,1,0
35,285130,5,2,2631,0,1,1,0
41,311470,4,2,7215,1,1,1,0
55,295891,2,4,6252,1,1,1,0
50,255909,2,3,6694,1,1,1,0
20,413213,1,4,6768,1,1,1,0
36,172585,4,4,4591,1,1,0,1
50,324934,4,4,3309,1,1,0,0
53,446496,4,0,2343,1,0,1,0
30,315959,1,4,2016,0,1,1,0
33,286514,0,0,1491,0,1,1,0
27,489956,2,1,6480,1,1,1,0
40,93975,0,1,3167,1,1,0,1
36,446797,4,3,2783,1,1,0,1
36,242749,4,3,1720,0,0,1,0
30,253269,3,1,6816,1,1,1,0
36,225572,5,5,3470,1,0,1,0
46,201946,1,2,4809,1,1,1,0
37,322703,4,4,6690,1,1,1,0
20,341018,4,3,3821,1,1,0,1
49,90050,4,5,4539,0,1,0,1
39,166201,1,3,3526,1,1,0,0
45,292003,0,1,3829,0,1,1,0
25,285171,4,5,5416,1,0,1,0
55,206380,2,1,1512,0,1,1,0
24,238088,1,0,4219,1,1,1,0
36,476014,4,4,1829,0,1,0,1
47,451225,3,1,5390,1,1,1,0
24,239110,4,4,4031,1,1,1,0
36,353666,5,5,5327,1,1,0,0
50,97062,3,2,4236,0,1,1,0
29,387077,4,3,7064,1,1,1,0
51,204233,0,0,1647,1,1,0,0
51,402096,4,4,4906,0,1,0,1
42,368043,3,2,6485,1,1,1,0
44,214658,5,0,4050,1,0,1,0
36,316478,1,3,6736,1,1,1,0
23,80820,1,3,2472,1,0,1,0
34,411533,1,3,4511,1,0,1,0
41,310289,1,3,6370,1,1,1,0
35,191694,4,0,2438,0,0,0,1
51,277054,3,1,4811,0,1,1,0
53,315869,2,4,5162,1,1,1,0
54,71568,0,5,4422,1,1,0,0
30,372337,1,1,6289,1,1,1,0
49,263389,5,3,5582,1,1,1,0
40,359095,1,4,1500,1,0,1,0
38,90828,1,0,3436,0,1,1,0
56,451580,5,5,5480,1,1,1,0
26,488087,4,4,4857,0,1,1,0
42,376516,0,4,4905,0,0,0,0
46,254418,0,3,5768,1,1,1,0
28,178093,0,3,5105,1,1,0,1
37,349320,0,1,2931,1,1,0,1
33,427297,4,1,5284,0,1,1,0
43,331332,3,1,1880,1,1,0,0
50,393730,3,3,3308,1,1,0,0
46,448160,5,0,5597,1,1,1,0
39,339013,1,5,4841,1,0,1,0
30,98270,2,2,5335,0,1,1,0
49,257426,0,2,7313,1,1,1,0
47,357050,2,4,2473,1,1,0,0
29,165949,1,4,4759,1,1,0,0
33,180954,3,4,3111,1,1,0,1
21,227440,2,2,1772,1,1,1,0
25,271360,3,4,1636,0,0,1,0
46,466092,3,1,7269,1,1,1,0
39,278519,3,4,1722,1,0,0,0
31,373542,4,3,6975,1,1,1,0
21,296651,5,2,6110,1,1,1,0
38,402463,4,5,4828,1,0,1,0
56,301277,4,3,6676,1,1,1,0
41,117242,2,2,2457,0,0,1,0
41,280571,4,4,4457,0,1,1,0
53,442039,4,0,2329,1,1,0,0
22,120674,1,4,1618,0,1,1,0
29,442421,1,5,4575,0,1,1,0
49,365342,0,2,4837,1,1,0,0
34,306007,4,4,6435,1,1,1,0
37,126835,5,4,2654,0,1,1,0
40,255785,5,1,2886,1,0,1,0
49,151062,2,3,5410,1,1,0,0
34,101856,4,0,4790,1,0,1,0
24,111746,5,5,1841,0,1,1,0
55,245489,1,3,3920,1,0,1,0
28,150475,5,5,2544,1,1,0,1
28,85147,0,2,2326,0,0,0,1
43,272914,2,3,2912,0,1,1,0
33,348291,2,1,4090,1,1,0,1
32,205366,0,2,2029,1,1,1,0
32,268109,2,1,6247,1,1,1,0
45,426771,0,0,7300,1,1,1,0
26,469016,3,1,1614,1,0,1,0
49,388046,5,5,4240,1,0,0,1
43,214427,4,5,4912,1,1,0,1
32,427947,0,3,5328,1,1,0,1
39,418780,0,3,5838,1,1,1,0
55,371281,0,0,7077,1,1,1,0
32,370478,1,0,3628,1,1,0,0
22,319857,0,5,5841,1,1,1,0
49,235876,0,0,3377,1,1,1,0
34,160518,4,4,3275,0,1,1,0
33,208259,2,5,2010,0,1,1,0
49,402274,2,5,6650,1,1,1,0
34,262414,5,0,6234,1,1,1,0
42,379801,3,2,4213,1,0,1,0
25,170589,0,0,4698,0,0,1,0
55,385811,1,2,2616,1,1,0,1
50,336362,3,1,3386,1,1,0,1
40,368791,3,5,2961,1,0,0,0
41,139977,5,1,2494,1,0,1,0
50,114441,1,0,3275,1,0,1,0
55,446885,2,2,2708,0,0,1,0
21,158188,0,0,3158,1,1,0,1
39,399929,0,3,5990,1,1,1,0
23,144456,0,4,3424,1,0,0,1
46,405395,2,2,4119,0,1,0,0
47,440212,1,5,6125,1,1,1,0
27,440517,3,2,5542,1,1,1,0
36,231374,2,1,2759,1,1,1,0
38,68137,3,4,2873,1,0,0,0
40,273083,0,0,7144,1,1,1,0
55,309116,0,2,5175,1,1,1,0
37,440777,4,1,6630,1,1,1,0
24,343783,1,2,1988,1,0,1,0
39,293153,2,5,3214,0,1,1,0
52,182946,5,5,3533,1,1,0,0
48,114336,1,0,2369,1,1,0,1
50,439887,1,4,3955,1,1,0,1
24,316576,5,3,4338,0,1,0,1
35,398231,0,2,5783,1,1,1,0
34,212453,5,0,4274,1,1,0,1
21,293936,3,2,5639,1,1,1,0
37,243070,3,5,4969,1,1,0,1
45,422162,5,4,6621,1,1,1,0
55,377727,5,2,4957,1,1,1,0
46,240610,5,4,1917,0,1,1,0
39,68758,1,2,3576,1,1,0,1
45,228766,2,2,2289,1,1,0,0
28,233422,0,5,2608,0,0,1,0
25,436805,5,5,5609,1,1,1,0
33,332364,1,4,2761,1,0,1,0
43,453853,0,1,5178,1,0,1,0
20,452120,4,1,1833,0,0,1,0
52,356201,0,1,6022,1,1,1,0
42,414439,5,4,5308,1,1,1,0
35,236463,1,5,5137,1,1,0,1
51,270232,4,0,4964,0,0,1,0
22,395024,2,2,6582,1,1,1,0
34,303979,2,3,5512,1,1,1,0
55,480137,0,0,5061,0,0,1,0
24,66421,3,5,4349,1,0,1,0
36,489031,0,1,1771,0,1,1,0
35,248248,3,0,2545,1,1,1,0
54,400539,5,3,2246,1,1,0,0
35,353306,4,3,3605,1,0,0,1
42,124757,0,0,2994,0,0,1,0
48,415772,4,4,2781,0,1,1,0
27,250311,3,2,6537,1,1,1,0
31,144831,3,5,2959,0,1,1,0
20,415030,0,2,5637,1,1,1,0
27,264973,3,5,6218,1,1,1,0
28,297551,2,3,4013,0,1,1,0
27,485686,0,2,2352,0,1,1,0
52,438323,0,1,2270,1,1,0,1
34,346684,5,4,3784,0,0,0,1
33,464968,0,4,6177,1,1,1,0
26,145074,1,1,1907,0,1,1,0
39,395504,0,3,5531,1,1,1,0
40,286223,0,1,5118,1,1,1,0
26,336205,4,4,7038,1,1,1,0
21,141910,4,4,2968,0,1,1,0
40,203056,4,1,3233,1,1,1,0
52,370423,5,5,2575,1,1,0,1
43,451181,4,2,5269,1,1,1,0
24,94134,5,1,5265,1,1,0,1
43,219289,1,1,5397,1,1,1,0
28,358718,3,5,2094,0,1,0,1
45,453563,4,3,3861,1,0,0,1
25,344264,0,2,5540,1,1,1,0
53,136913,1,3,3025,1,1,0,1
45,400702,5,4,2948,0,1,1,0
22,131249,1,4,3082,1,0,0,1
22,217655,1,5,1551,1,1,0,1
46,194316,3,1,5309,1,0,1,0
34,291118,0,1,2489,1,0,0,0
39,219356,4,2,5362,1,0,0,1
41,241611,1,3,2288,1,1,1,0
21,253541,2,3,2537,0,0,1,0
51,209189,4,4,2906,1,1,0,1
42,309116,1,1,7193,1,1,1,0
21,303234,1,0,6389,1,1,1,0
33,128472,4,3,3789,0,0,1,0
44,233668,2,3,2051,0,1,0,0
30,334472,1,5,5901,1,1,1,0
28,470461,0,3,3320,0,0,1,0
36,445421,5,4,2054,0,1,0,0
23,144282,1,0,2910,0,1,1,0
20,217526,5,3,2505,1,0,0,1
38,164154,3,3,5029,0,1,1,0
51,183301,0,2,4155,0,1,0,1
21,243442,1,4,3657,1,1,1,0
27,455838,3,0,6754,1,1,1,0
55,136719,1,5,2227,1,1,0,0
34,247664,4,2,2500,1,1,1,0
27,407402,3,5,5950,1,1,1,0
34,383769,3,3,2694,1,1,0,0
28,348237,0,0,6398,1,1,1,0
29,200617,4,3,3946,1,1,0,0
37,457963,3,4,1694,0,1,0,1
55,371716,0,2,2001,0,1,0,0
40,312128,4,1,2024,1,0,1,0
48,229924,4,0,5088,0,1,1,0
44,245422,0,2,1674,1,0,1,0
54,446398,4,3,2871,0,0,1,0
41,425305,2,3,5165,1,1,1,0
38,479590,3,4,3670,0,1,1,0
29,96539,1,2,4786,0,1,1,0
38,380258,1,0,4580,1,1,0,1
27,199727,5,5,3297,0,1,1,0
30,297980,1,0,4761,0,1,0,1
37,384850,2,3,2256,1,1,0,1
33,426298,2,2,6129,1,1,1,0
38,127768,3,5,5269,1,0,1,0
35,357976,5,0,3317,0,1,0,0
45,362680,5,4,5731,1,1,1,0
29,427424,4,0,3186,0,1,0,1
39,301241,4,1,3768,0,1,1,0
32,70480,1,1,4114,0,0,0,1
30,274355,4,4,4154,0,0,0,1
51,263895,0,0,5095,1,1,1,0
31,71402,1,1,4151,0,0,1,0
35,274170,1,1,1845,1,0,1,0
29,353776,3,2,2045,0,0,1,0
24,462168,3,3,6156,1,1,1,0
29,69301,1,0,3799,1,1,0,1
55,482594,1,5,3856,0,1,1,0
34,264257,1,1,5729,1,1,1,0
42,90958,5,2,3463,0,1,0,1
25,175947,2,1,3177,0,1,1,0
23,261408,3,1,5402,1,1,1,0
48,252861,2,1,7138,1,1,1,0
44,268840,1,5,5413,1,1,1,0
56,238038,3,5,2634,1,1,1,0
40,262452,1,1,2520,1,1,0,1
26,449416,4,5,4839,0,1,1,0
32,316796,3,0,2502,0,1,1,0
22,314676,4,4,5446,1,1,1,0
38,147197,5,5,3624,0,0,1,0
36,423215,4,3,5972,1,1,1,0
41,330240,4,5,2314,1,1,0,0
25,280107,4,5,1979,0,1,1,0
39,276845,0,4,1788,0,1,1,0
35,251371,0,4,4337,0,0,1,0
26,398825,5,3,7110,1,1,1,0
47,141312,0,1,2592,1,0,0,1
33,366754,5,0,4839,1,0,1,0
55,223800,5,0,1656,1,1,1,0
47,439670,0,5,4589,0,1,1,0
32,299521,1,4,5640,1,1,1,0
29,294897,2,0,2307,0,1,0,1
40,78576,3,4,4209,0,1,1,0
41,423549,2,1,2994,0,1,1,0
28,291658,0,2,4186,0,0,0,0
54,222982,5,4,4612,1,0,1,0
41,174175,0,1,4284,0,1,0,1
29,168346,4,5,1665,1,1,0,1
46,321203,1,3,2187,1,0,1,0
24,410929,4,1,6566,1,1,1,0
49,444817,0,5,1499,1,1,0,1
44,301319,5,3,2247,1,0,1,0
22,407729,2,0,5628,1,1,1,0
37,478736,0,2,2540,0,0,1,0
30,360924,5,5,5432,1,1,1,0
37,141391,4,5,3054,1,0,1,0
34,340743,1,1,2028,1,0,0,1
24,318329,1,4,5989,1,1,1,0
23,480374,5,1,1850,0,0,1,0
39,157657,0,0,4239,1,0,0,1
39,384752,3,5,2219,1,1,0,0
49,480707,1,3,2378,1,0,1,0
22,65206,0,2,4691,0,1,1,0
50,379739,2,1,6807,1,1,1,0
40,264922,1,1,5713,1,1,1,0
56,278405,1,5,5090,1,1,1,0
21,266741,5,2,5223,1,1,1,0
52,456311,4,4,1589,1,0,0,1
48,113019,4,3,4312,1,0,1,0
38,430270,0,0,5060,0,1,1,0
31,457699,0,2,6622,1,1,1,0
32,429410,4,1,3270,0,1,1,0
37,449823,5,5,1535,0,1,0,0
47,177821,5,4,4851,0,1,1,0
31,449150,3,4,2559,0,1,1,0
40,476213,4,2,7156,1,1,1,0
38,454006,0,1,1659,0,1,1,0
29,394378,2,3,1525,1,0,1,0
35,399320,2,5,5258,1,1,1,0
50,390377,0,0,4133,1,0,0,1
48,420524,4,1,6228,1,1,1,0
55,437546,0,5,4748,1,0,1,0
37,388240,1,0,2719,0,1,1,0
45,132110,3,1,3649,1,0,1,0
24,135888,2,4,5307,0,1,0,1
45,356484,0,2,3673,0,1,0,1
39,244924,0,5,4501,1,1,1,0
42,321230,2,3,3823,1,1,0,0
38,309240,3,5,4999,1,1,1,0
35,441338,5,4,6010,1,1,1,0
39,335072,3,2,6629,1,1,1,0
38,269880,2,4,4978,1,1,1,0
45,260360,1,4,2421,1,1,0,1
26,345489,4,0,6120,1,1,1,0
49,416695,4,2,6794,1,1,1,0
53,339439,2,2,3734,0,1,1,0
47,192142,4,5,4279,1,1,0,1
22,459982,1,5,7099,1,1,1,0
23,328157,4,3,5546,1,1,1,0
54,390693,2,3,3855,0,1,1,0
55,202356,5,4,2479,1,1,1,0
26,107982,4,4,1925,1,0,1,0
53,350346,2,5,4430,1,1,0,0
56,382900,1,1,3173,1,0,0,1
24,146527,5,2,2864,0,1,1,0
26,205173,5,4,3777,1,0,1,0
22,296001,1,5,2338,0,1,1,0
43,464159,2,5,4491,1,1,0,1
36,406270,3,1,5178,0,1,1,0
22,477607,1,1,1834,0,1,1,0
48,442411,5,3,4079,1,1,0,0
29,381800,0,3,4778,1,0,0,1
52,280517,5,5,6570,1,1,1,0
39,477605,2,3,4688,1,1,0,1
22,349737,3,1,4946,1,1,1,0
32,223955,1,2,2209,0,1,1,0
21,258236,1,5,7084,1,1,1,0
21,199255,3,4,3623,1,1,0,0
35,345281,0,2,5098,0,1,0,1
36,218677,1,2,3679,1,1,1,0
44,190252,4,1,3724,0,1,1,0
25,222474,3,0,2507,1,1,1,0
50,108485,4,1,1560,1,0,1,0
56,318452,1,3,3152,1,1,0,1
51,464055,2,4,4609,0,1,0,1
27,354585,5,4,3436,1,1,0,1
21,146364,1,0,2398,0,1,1,0
34,211557,4,4,2094,1,1,0,1
55,414530,2,3,1519,1,1,0,1
43,343260,4,1,6631,1,1,1,0
35,185752,4,5,2466,0,1,1,0
27,396593,3,4,5140,1,1,1,0
40,415531,5,0,3409,1,0,1,0
32,390587,2,2,5659,1,1,1,0
39,221582,5,1,1635,1,0,1,0
31,401385,2,3,5347,0,0,1,0
50,66494,1,5,5182,0,1,0,1
26,361677,2,0,5627,1,1,1,0
25,358479,3,3,1825,0,1,1,0
21,353227,3,3,2641,0,1,1,0
22,236718,1,1,3503,1,0,1,0
26,344826,5,0,2106,0,1,1,0
50,169044,4,2,2834,0,1,1,0
40,485436,5,2,7005,1,1,1,0
56,241365,5,3,2247,1,1,1,0
20,273900,4,5,2861,0,1,0,1
42,213204,2,2,4338,1,1,1,0
47,459766,3,5,5023,1,1,0,1
33,74343,1,1,2705,0,0,0,1
24,284008,2,2,3430,0,1,0,1
55,347652,1,0,5593,1,1,1,0
22,142460,3,2,3025,0,1,1,0
52,265485,1,0,2865,0,1,0,0
43,366186,3,4,3921,1,1,0,1
47,166950,1,3,2939,0,1,0,1
34,226233,5,0,2232,1,1,1,0
22,322210,3,3,6083,1,1,1,0
36,456430,1,1,3846,0,1,1,0
44,299291,5,1,6999,1,1,1,0
37,65970,5,1,3539,1,1,0,0
33,145164,4,3,2759,0,0,1,0
21,95981,4,4,1538,0,0,0,1
24,296681,1,4,3711,1,1,0,1
41,310431,0,3,7285,1,1,1,0
24,389659,4,2,5887,1,1,1,0
23,443954,5,3,4978,1,1,0,1
42,478587,4,5,3774,1,0,1,0
55,457495,3,3,2675,1,1,0,1
30,128401,5,0,5357,1,0,0,1
56,108918,1,3,4528,1,0,0,0
47,310441,0,1,7184,1,1,1,0
22,345912,2,5,6631,1,1,1,0
47,373331,0,5,6885,1,1,1,0
27,231317,4,3,2374,1,1,1,0
45,419332,3,5,5200,1,1,0,0
32,384849,2,3,2016,1,1,0,1
49,363533,5,1,2623,1,0,1,0
32,271350,1,0,3411,0,0,0,1
41,278370,2,0,2262,1,1,0,1
23,470983,3,3,4136,1,1,0,1
28,200010,5,3,3027,1,1,0,0
33,244264,0,5,4336,0,1,0,0
51,408907,3,1,2872,1,1,0,1
52,274871,0,4,4106,0,1,1,0
29,135320,0,2,1782,1,1,0,1
22,457387,0,5,5237,1,1,1,0
22,341710,5,2,3107,1,1,0,0
40,174652,4,0,2254,0,1,0,1
34,414089,5,0,3564,0,0,1,0
37,383800,1,1,4089,1,1,0,1
54,411855,3,3,6944,1,1,1,0
43,353744,4,2,3905,1,0,0,0
24,475605,4,5,5865,1,1,1,0
34,467712,3,2,6910,1,1,1,0
24,260872,1,3,2697,1,1,0,0
20,393026,0,3,6473,1,1,1,0
46,434931,5,0,2365,1,1,0,1
45,414756,4,1,5870,1,1,1,0
22,329614,4,4,3129,0,1,0,0
28,456569,3,1,2374,0,1,1,0
22,436735,3,1,5776,1,1,1,0
40,474275,0,0,2552,1,0,1,0
41,431396,1,5,5120,1,1,1,0
31,98341,4,1,1603,1,0,1,0
44,219467,2,1,2746,1,1,1,0
30,297652,5,4,1790,0,1,1,0
39,352130,5,1,4765,0,0,1,0
48,266665,0,3,6120,1,1,1,0
47,292596,1,2,5351,1,0,0,0
41,190812,2,3,1774,1,1,0,1
54,456840,3,3,5584,1,1,1,0
30,298625,4,2,3771,1,0,1,0
43,290903,4,3,3802,1,1,0,1
28,221707,5,1,2911,0,1,0,1
43,307527,3,1,5200,1,0,1,0
45,90371,3,0,5358,0,1,1,0
53,424502,3,3,2905,1,0,1,0
48,218761,2,0,1768,0,1,1,0
37,267706,4,0,4079,0,1,0,1
24,203959,2,2,5047,1,1,1,0
43,297182,5,0,3087,0,1,1,0
46,402284,2,0,5416,1,1,0,0
54,178356,5,3,3020,0,1,0,0
54,437705,0,3,4690,1,1,0,1
20,147035,2,5,5254,1,0,1,0
49,480779,0,4,4989,1,0,0,1
51,260917,4,3,5120,1,1,1,0
53,95341,4,5,2501,0,1,1,0
21,189002,3,1,5095,0,0,1,0
21,349925,0,5,5547,1,1,1,0
39,478073,2,5,2936,0,1,0,0
52,229563,2,3,2020,1,1,1,0
26,375376,1,4,3015,1,0,1,0
56,67917,2,1,5155,1,0,1,0
52,424569,3,5,6219,1,1,1,0
26,167213,1,1,3931,0,0,0,1
43,114050,2,5,2061,0,1,0,0
39,348949,2,0,1651,0,1,0,1
48,75538,3,1,4606,0,1,0,1
52,477212,1,4,1514,0,1,1,0
42,88804,4,5,2018,1,0,1,0
47,182135,3,0,1554,0,1,0,0
55,190223,0,4,4931,0,0,0,1
51,92159,1,3,3369,0,1,1,0
54,146563,0,3,3502,1,1,0,0
36,67080,2,2,1609,0,1,1,0
42,450985,0,2,5394,1,1,1,0
35,231710,0,2,2716,1,1,1,0
46,275098,1,3,5525,1,1,1,0
35,66115,1,5,1720,1,1,0,0
38,458977,3,5,5443,1,1,1,0
27,88196,5,4,2950,1,1,0,1
35,320822,2,3,3564,0,1,0,1
35,336102,2,4,1785,0,0,0,0
31,409687,5,4,1998,0,0,1,0
36,374596,0,0,5765,1,1,1,0
28,307209,1,1,3914,0,1,1,0
41,386247,3,4,4624,0,0,1,0
21,467549,4,1,5262,1,0,1,0
38,180619,5,2,3463,1,0,1,0
31,446716,4,4,5192,1,1,1,0
40,429216,2,0,4100,1,0,1,0
44,464941,5,2,7269,1,1,1,0
21,203339,2,4,5217,0,1,1,0
50,342333,2,4,5260,1,1,1,0
56,288330,0,0,3738,1,0,1,0
27,289213,0,4,6508,1,1,1,0
22,475890,5,4,4925,1,1,1,0
39,290355,0,1,5814,1,1,1,0
31,264233,3,5,2890,0,1,0,1
31,461289,3,5,2439,0,1,0,1
50,223590,4,4,3821,1,1,1,0
50,397556,5,3,7053,1,1,1,0
35,328026,1,5,3680,0,1,0,0
36,135497,5,3,2389,1,1,0,1
53,313526,0,1,6429,1,1,1,0
51,91336,2,4,4359,0,1,1,0
31,130733,3,0,2115,0,0,1,0
54,358098,5,0,3815,0,1,1,0
28,181479,0,4,4654,0,0,1,0
27,386551,5,0,5789,1,1,1,0
48,383344,4,5,3402,1,1,0,1
39,220329,4,5,1745,1,0,1,0
32,227781,3,2,2365,1,1,1,0
22,462111,5,4,5524,1,1,1,0
26,202207,0,5,3687,0,1,0,1
44,357721,0,1,6068,1,1,1,0
45,221869,5,0,2412,1,1,1,0
52,272664,3,3,4212,0,1,1,0
56,244328,2,5,4010,1,1,1,0
38,387184,3,2,2611,1,0,1,0
31,206465,3,2,2229,1,0,1,0
55,413997,5,2,5161,1,1,1,0
43,436159,3,3,5156,1,0,1,0
22,79771,3,4,3180,1,1,0,0
46,313675,1,1,6745,1,1,1,0
50,317414,3,2,6902,1,1,1,0
53,444299,0,1,4656,0,1,1,0
38,154809,2,3,2533,0,1,0,1
43,437322,0,2,5418,0,1,1,0
30,194702,0,4,2377,0,1,1,0
35,367691,5,1,5303,1,1,1,0
43,220177,0,0,4659,0,1,0,1
36,72205,2,1,4134,1,1,0,1
45,389591,1,5,5659,1,1,1,0
23,418773,5,4,6030,1,1,1,0
55,67448,0,3,5293,1,1,0,1
37,297154,3,1,4960,0,1,1,0
29,205442,4,2,3217,1,0,1,0
43,78286,4,4,5213,0,0,1,0
50,319182,4,4,5345,0,1,1,0
33,87422,5,4,3036,1,0,1,0
55,442641,4,3,5576,1,1,1,0
34,321022,4,1,7239,1,1,1,0
35,73184,2,2,2335,1,1,0,1
55,356141,3,0,5316,1,1,1,0
28,173811,4,2,1842,1,0,1,0
36,259052,5,5,4440,1,0,1,0
37,295067,2,1,1603,0,1,1,0
48,302196,5,0,2958,1,1,0,1
35,343416,1,3,3986,1,0,1,0
26,470427,1,5,3702,0,0,1,0
28,248496,3,4,3815,1,1,1,0
20,294631,5,0,6622,1,1,1,0
20,316821,1,1,4899,0,1,1,0
40,118171,4,2,4023,1,0,1,0
51,315203,1,2,5889,1,1,1,0
51,406887,3,3,7044,1,1,1,0
49,383677,5,0,6768,1,1,1,0
48,112875,5,3,2661,0,1,1,0
42,199558,0,4,3662,0,1,0,1
42,277805,3,5,5753,1,1,1,0
38,488224,2,0,5836,1,1,1,0
33,323660,2,4,2031,0,1,0,0
23,143836,2,4,2046,1,1,0,1
36,100742,4,3,3382,1,1,0,1
47,217683,5,1,1647,1,1,1,0
52,210092,2,2,5371,1,1,1,0
21,119220,5,1,5338,0,1,1,0
24,179752,1,5,1928,0,0,0,1
55,147166,2,1,2274,0,0,1,0
55,240084,2,3,3075,1,1,1,0
27,383529,5,3,2674,0,1,1,0
39,302876,1,5,2824,1,1,0,1
30,279229,2,2,5400,0,1,0,1
28,340049,2,3,1898,0,1,1,0
20,364550,2,0,5398,0,1,1,0
34,72590,3,2,2956,1,1,0,0
27,223770,5,5,1607,0,0,1,0
29,242497,4,0,2848,0,1,1,0
47,455448,3,4,5172,1,1,1,0
37,80925,1,5,3507,1,0,1,0
28,485203,3,3,6599,1,1,1,0
40,200651,5,1,3621,1,0,0,0
55,264459,4,5,2942,1,1,0,0
46,468522,2,4,2453,0,0,0,0
48,280838,0,5,2446,0,1,0,1
33,300457,0,4,5465,1,1,1,0
27,280452,3,1,4243,0,0,1,0
50,106310,4,1,4663,0,1,1,0
38,399058,1,4,7062,1,1,1,0
23,99054,4,2,4085,1,0,1,0
54,454614,0,5,2914,1,1,0,1
33,316474,5,2,5206,1,1,1,0
42,372565,2,1,5795,1,1,1,0
34,478327,1,0,3279,0,1,0,0
55,485642,4,3,5198,1,1,1,0
42,351839,0,2,1921,1,1,0,0
24,422816,4,0,5362,1,1,1,0
21,290960,2,1,1796,1,0,1,0
25,406374,3,2,3002,1,0,1,0
32,234027,1,3,1522,1,1,1,0
37,384686,0,0,5152,1,1,1,0
49,308615,4,2,4752,0,0,1,0
42,275973,0,4,3482,1,1,0,0
46,464219,0,0,2780,0,1,0,1
25,335578,5,2,5582,1,1,1,0
31,345831,5,1,5248,1,1,1,0
32,324511,5,3,1998,0,0,1,0
43,250348,1,3,4456,0,1,1,0
29,266214,4,2,2119,1,0,0,0
41,393536,5,2,6498,1,1,1,0
47,119173,2,4,2641,1,0,1,0
38,434656,0,3,3972,0,1,1,0
52,94882,5,2,4839,1,1,0,1
21,353387,3,1,5586,1,1,1,0
41,88248,3,1,3966,0,0,0,1
48,343992,5,2,5016,1,1,1,0
55,200832,3,3,5209,0,1,1,0
39,437419,4,0,1776,1,1,0,1
47,423120,2,1,1477,0,0,0,1
39,247937,0,4,1712,1,1,0,0
24,202577,4,5,4470,1,1,1,0
45,380634,4,0,6440,1,1,1,0
23,334010,1,0,2455,0,1,0,1
33,400005,1,2,4693,1,1,0,0
32,261865,4,1,4632,0,1,0,1
47,417009,1,3,2575,0,1,0,1
41,336911,4,3,2080,0,0,0,1
45,399635,1,4,2935,1,0,1,0
26,178537,0,4,4793,0,0,1,0
39,349157,4,4,2000,0,1,0,1
31,213254,4,1,4742,1,0,1,0
32,186195,5,1,4154,1,1,0,1
24,470024,5,2,1606,1,0,0,0
53,387059,3,2,4108,1,0,1,0
46,156036,0,1,3387,0,1,0,1
53,207904,3,1,3624,1,0,0,1
28,127235,5,5,4619,1,1,0,0
37,306961,1,3,5105,0,1,1,0
47,479818,3,0,2745,1,1,0,1
32,361880,0,2,5538,1,1,1,0
25,243200,4,0,4620,0,1,0,1
27,234735,3,2,3648,0,0,1,0
30,437347,0,5,6025,1,1,1,0
44,340629,4,2,1661,1,1,0,1
29,480248,5,4,5408,1,1,1,0
32,454583,3,1,5280,1,0,0,0
46,420352,5,2,1970,1,0,1,0
44,210689,2,5,4358,1,0,0,1
43,251475,4,2,6226,1,1,1,0
48,133326,5,4,2457,0,1,1,0
31,487150,0,5,3303,1,0,1,0
36,231551,4,2,5148,1,1,1,0
46,203255,0,4,3022,0,1,1,0
44,257602,4,0,5492,1,1,1,0
25,322422,0,1,2532,0,1,0,1
24,328236,4,5,5632,1,1,1,0
51,441912,1,3,4997,1,1,1,0
55,378417,3,5,5522,1,1,1,0
38,254285,5,5,5715,1,1,1,0
39,330996,5,4,2851,0,1,1,0
25,270040,4,3,5079,1,1,1,0
46,80972,0,0,4402,1,0,1,0
31,327730,2,1,5405,1,0,1,0
54,296095,3,4,4515,1,0,1,0
29,455230,0,4,5607,1,1,1,0
31,201204,1,1,1942,0,1,1,0
29,314641,4,1,6798,1,1,1,0
21,331618,4,3,3750,0,1,0,1
52,284022,1,4,4296,1,1,0,1
33,221952,0,1,4336,1,0,1,0
30,273664,3,2,6915,1,1,1,0
48,297736,5,3,3227,1,1,0,1
28,93157,2,3,3411,1,0,1,0
45,355818,1,2,5474,1,1,1,0
22,291613,4,4,4888,1,0,1,0
56,409844,5,2,2864,1,1,0,0
33,215395,1,0,1471,1,1,1,0
39,224910,1,4,4838,1,1,1,0
54,184392,1,3,4422,1,0,1,0
29,236717,5,5,3675,1,1,1,0
29,230205,1,3,4362,1,1,1,0
55,377100,4,3,4757,1,0,0,1
33,112750,4,5,2497,1,0,1,0
54,484547,1,0,3688,1,1,0,1
50,453555,1,0,5833,1,1,1,0
22,169745,0,5,1865,1,1,0,1
22,405189,1,1,5820,1,1,1,0
43,295694,3,2,4817,1,0,0,0
35,157249,5,2,3993,1,0,1,0
35,416961,1,3,6869,1,1,1,0
42,180933,3,3,2603,0,1,0,1
48,77601,4,4,2637,0,1,0,1
51,386613,1,0,4618,1,0,0,1
38,419498,5,2,6317,1,1,1,0
54,292295,1,5,2855,0,1,0,1
22,269465,0,1,6099,1,1,1,0
23,481185,0,5,4379,0,1,1,0
44,485011,2,5,4408,0,1,0,1
43,262666,3,5,3617,1,1,0,1
27,479679,2,3,5597,1,1,1,0
46,478880,5,3,3754,1,0,1,0
40,361637,5,1,4594,1,0,1,0
22,489062,5,2,1892,1,1,0,1
26,394132,2,5,2323,0,1,0,1
40,135183,5,0,3746,1,1,0,0
37,122571,5,0,4099,0,1,1,0
20,469882,2,4,5648,1,1,1,0
40,398025,3,3,6939,1,1,1,0
23,275374,2,0,5472,1,1,1,0
52,136681,1,3,2549,0,1,1,0
55,260139,3,0,5259,0,1,1,0
54,418733,2,1,3504,1,1,0,1
35,347133,3,1,5840,1,1,1,0
55,339036,1,0,6466,1,1,1,0
21,306881,4,4,5412,1,1,1,0
38,220839,5,5,3642,0,1,0,1
46,402202,5,4,5024,1,1,1,0
29,484489,5,2,5638,1,1,1,0
41,143001,3,5,4304,1,1,0,1
55,461825,0,4,3530,1,0,1,0
45,431824,2,0,6373,1,1,1,0
28,66646,2,5,1509,1,1,0,0
33,181985,1,1,4332,0,1,1,0
44,483258,1,3,6240,1,1,1,0
55,361707,2,4,3103,1,1,0,1
41,394098,3,0,7264,1,1,1,0
48,283902,2,2,3323,0,1,1,0
38,356338,4,5,2146,0,1,0,0
41,340988,4,3,6742,1,1,1,0
27,252299,2,2,4479,0,1,0,1
42,351179,0,3,2463,0,1,1,0
38,329240,2,5,2875,0,1,1,0
36,283188,2,0,3946,1,1,0,0
25,148845,2,4,2826,0,1,1,0
20,206267,5,0,3198,1,1,1,0
55,306887,0,0,4881,1,1,0,0
27,315811,4,2,6944,1,1,1,0
27,232905,1,3,2288,1,1,1,0
49,280183,5,0,6117,1,1,1,0
43,240714,3,0,1594,1,1,1,0
37,449274,3,0,6577,1,1,1,0
55,77752,3,1,3579,0,0,1,0
21,483975,5,4,4990,1,1,0,1
24,166689,1,5,4758,0,0,1,0
37,355072,5,4,2215,0,1,1,0
45,76384,2,1,2962,0,1,0,1
29,254533,2,1,6804,1,1,1,0
43,230530,3,0,3918,1,1,1,0
32,213025,0,4,1687,1,0,0,1
53,477117,3,5,5326,1,1,1,0
25,380896,3,3,3392,0,1,1,0
48,124827,3,2,3791,0,1,1,0
50,386412,5,4,5937,1,1,1,0
44,489972,2,4,2032,1,0,0,1
41,319145,1,4,2820,1,1,0,1
26,342858,0,4,3508,1,0,1,0
36,367854,1,4,2166,0,0,0,1
22,166995,2,2,4480,0,0,1,0
56,255615,1,3,6100,1,1,1,0
35,233328,4,4,4635,1,1,1,0
48,138393,5,4,5112,1,0,1,0
31,484725,2,3,2500,1,0,0,1
54,349598,4,3,5767,1,1,1,0
26,450271,2,1,5012,1,1,0,1
33,83592,5,4,4070,1,0,0,1
31,306172,1,3,6432,1,1,1,0
39,84022,4,3,4468,1,1,0,0
46,205557,5,1,3445,1,0,0,1
29,220901,0,3,3133,1,1,0,1
22,71927,5,2,5372,1,1,0,1
21,139010,1,3,2029,1,1,0,0
34,461517,3,5,2451,1,0,0,0
53,307377,3,3,2189,1,1,0,1
54,207932,1,1,2449,0,1,0,1
33,240676,1,5,5357,1,1,1,0
42,328005,4,1,2901,0,1,1,0
30,188436,5,2,3303,0,1,1,0
38,341958,4,3,5145,1,1,1,0
37,238226,1,4,4815,1,1,1,0
36,276340,0,3,1664,0,1,0,1
38,102458,1,1,2664,1,0,1,0
53,232909,3,1,3824,0,0,0,0
43,191947,4,1,2906,0,1,1,0
49,216043,2,4,5419,1,1,0,1
38,169267,0,3,2628,0,1,0,1
24,408889,0,1,3040,1,1,0,1
36,258478,3,3,7067,1,1,1,0
29,462908,4,4,4948,1,1,1,0
42,436054,2,0,4517,0,1,0,1
33,216611,3,3,3330,0,1,0,1
45,350375,3,2,5634,1,1,1,0
27,353101,4,0,3239,0,1,1,0
50,477220,0,2,6469,1,1,1,0
33,335648,3,1,5378,1,1,1,0
20,171954,4,5,1889,1,0,0,0
45,293917,0,1,2632,0,1,1,0
31,396530,0,3,4525,0,1,1,0
33,374231,3,2,5368,0,1,0,1
22,475898,2,5,2948,1,1,0,0
44,427929,1,5,4390,0,1,1,0
52,334538,1,3,5982,1,1,1,0
39,237233,1,3,4697,1,1,1,0
38,157043,4,3,5192,1,1,0,1
54,231000,1,0,1493,1,1,1,0
44,443392,4,2,3357,0,1,1,0
36,258717,0,1,4808,0,1,1,0
56,215628,5,2,2803,0,1,1,0
27,364238,2,2,2781,1,1,0,1
38,488896,0,4,5516,1,1,1,0
31,334491,3,1,4978,0,1,1,0
40,161100,5,5,1656,1,0,1,0
42,487134,5,4,5429,1,1,1,0
30,263890,4,1,4595,1,1,0,1
37,102364,5,1,3901,0,0,1,0
37,277274,3,3,5578,1,1,1,0
49,309726,2,0,7194,1,1,1,0
23,172173,0,4,3518,0,1,0,1
40,134311,0,2,2912,1,1,0,1
25,367312,2,3,6068,1,1,1,0
53,223371,5,5,3074,0,1,1,0
42,480710,2,5,5715,1,1,1,0
53,227923,0,5,2920,1,1,0,1
32,223516,4,3,3930,0,1,0,1
54,92149,5,1,3308,1,1,0,0
28,404658,0,4,3222,1,1,0,0
21,256346,0,0,4986,1,1,0,1
21,244495,2,3,3214,1,1,1,0
39,389440,3,4,3298,0,1,1,0
38,385208,1,2,7291,1,1,1,0
45,402380,0,0,5399,1,1,1,0
38,352101,5,3,3666,0,1,1,0
45,363904,2,2,6536,1,1,1,0
49,144731,5,0,2451,1,0,1,0
39,485074,0,5,3336,0,1,1,0
31,251261,0,2,4416,1,0,1,0
40,180386,1,0,3842,0,1,0,0
43,78665,3,0,2949,1,0,0,1
29,450713,1,1,7204,1,1,1,0
44,129464,3,4,3004,1,1,0,1
26,348562,1,2,2013,1,0,1,0
28,346965,0,0,5393,1,0,0,0
37,243459,5,0,3446,1,1,1,0
46,445330,2,0,1783,1,0,1,0
39,425621,2,2,3429,0,0,0,0
44,264764,1,0,7074,1,1,1,0
50,88987,2,3,2122,0,1,1,0
49,299312,5,2,3176,1,1,0,1
21,145425,4,3,1674,1,1,0,0
50,122006,1,5,4823,1,0,0,0
21,120841,5,0,5142,1,1,0,1
47,207456,2,0,2838,1,1,1,0
29,408867,2,4,7052,1,1,1,0
41,152326,4,5,3114,1,1,0,1
43,302189,4,0,4702,1,0,1,0
55,416893,3,1,4094,0,0,0,1
51,425570,5,5,4388,0,0,0,1
25,107087,0,0,2650,0,1,0,0
40,431048,0,1,3920,1,1,0,1
28,70880,2,0,5184,1,1,0,1
45,209996,5,5,4427,1,1,0,1
39,202598,5,2,3029,0,1,0,1
39,260517,1,4,3200,0,1,1,0
22,463219,4,1,5204,0,1,1,0
56,149423,0,0,3756,1,0,0,1
35,206058,4,2,3000,1,1,0,1
37,125306,0,2,1532,0,1,1,0
54,396614,3,3,6734,1,1,1,0
34,450493,5,0,3368,1,1,0,0
27,208621,1,4,2362,0,1,0,1
22,234709,3,2,3985,0,0,0,1
22,376089,4,4,1755,1,1,0,1
40,208675,3,3,3576,1,1,1,0
42,322630,1,3,5306,1,0,1,0
29,439338,3,1,5203,0,0,0,1
53,183955,5,3,3325,0,0,1,0
24,365062,5,4,6969,1,1,1,0
23,237286,3,2,2933,0,1,0,0
45,228477,0,0,2932,1,1,1,0
40,236697,0,4,2308,1,1,1,0
51,273177,5,3,1780,0,1,1,0
56,306217,2,0,4109,0,1,0,1
24,245978,0,5,3850,1,1,0,1
37,378198,2,2,2303,0,0,1,0
23,396060,3,3,4009,1,1,0,1
37,388391,1,4,1674,1,1,0,1
23,421203,4,2,7056,1,1,1,0
22,213115,1,5,4370,1,1,1,0
27,229747,5,2,3570,1,1,1,0
33,277543,4,4,5553,1,1,1,0
33,365907,2,1,1628,0,0,0,1
56,276022,1,0,6773,1,1,1,0
31,458196,2,2,6253,1,1,1,0
25,327178,3,1,5718,1,1,1,0
42,122394,0,1,2096,1,1,0,1
30,413161,0,2,5550,1,1,1,0
34,221478,1,5,2046,1,1,1,0
44,467145,3,5,4080,1,0,0,1
56,321701,0,0,5943,1,1,1,0
52,235586,5,0,2506,1,1,0,1
38,70966,0,3,2153,1,1,0,1
23,455658,1,4,6496,1,1,1,0
30,311615,2,5,6583,1,1,1,0
24,330858,4,5,3301,1,1,0,1
24,143695,0,4,4534,0,1,1,0
36,246949,3,5,4652,0,1,0,1
44,84909,0,0,4245,1,0,1,0
42,252664,0,0,7216,1,1,1,0
32,432942,3,4,3537,1,0,0,1
20,161051,1,0,5326,1,0,1,0
22,237753,2,3,3534,0,0,0,1
35,338776,5,4,2840,1,0,1,0
41,296681,1,3,6290,1,1,1,0
23,351874,3,2,5683,1,1,1,0
53,420980,5,0,3415,1,0,1,0
50,277376,0,0,4225,1,0,1,0
49,269535,5,1,2616,1,0,1,0
29,429089,2,3,2883,1,1,0,1
54,309719,5,1,4711,0,1,1,0
25,322256,3,2,7080,1,1,1,0
32,348136,3,5,5497,1,1,1,0
25,393010,5,0,6189,1,1,1,0
46,83233,3,4,3037,1,0,0,1
45,460641,0,5,3445,1,0,1,0
24,109210,1,5,4751,0,1,1,0
38,117427,4,5,2098,0,1,1,0
33,273712,1,5,3576,0,1,1,0
33,280619,4,3,6612,1,1,1,0
56,488935,1,4,2391,1,1,0,0
21,156346,3,2,3779,1,0,1,0
53,275480,4,2,6173,1,1,1,0
26,287908,0,4,4634,1,0,1,0
47,402709,4,1,4429,0,0,1,0
22,399025,4,0,1627,1,0,1,0
44,159739,3,1,2032,0,1,1,0
28,284719,3,4,5823,1,1,1,0
42,251543,1,0,2668,1,0,0,1
45,462578,4,5,6350,1,1,1,0
28,353006,0,4,5085,1,1,1,0
25,279974,3,1,3896,0,0,1,0
45,326369,3,1,3737,1,1,0,1
34,106883,1,0,4116,1,0,1,0
34,179684,0,3,1759,1,0,0,1
35,437455,3,1,5270,1,1,1,0
53,307963,4,4,1939,1,0,1,0
28,412259,1,4,7012,1,1,1,0
51,161392,3,3,4694,0,0,0,1
28,266519,3,2,5311,0,0,0,1
51,279375,5,5,7253,1,1,1,0
24,280334,1,1,5287,1,0,1,0
54,253781,3,4,6960,1,1,1,0
32,120716,4,2,1869,1,0,1,0
53,415651,4,0,5885,1,1,1,0
49,422616,1,1,6920,1,1,1,0
32,460693,2,5,2264,0,1,0,1
27,203295,2,2,2121,1,0,1,0
24,156948,4,3,1929,1,0,0,1
41,206598,4,2,2459,0,0,1,0
43,452591,3,2,3771,0,1,1,0
46,273002,2,0,6649,1,1,1,0
55,147987,4,4,2883,0,0,1,0
43,473869,1,2,1497,1,0,0,0
48,373343,4,2,4588,1,0,1,0
36,386703,5,5,2371,1,1,0,0
49,191715,3,1,2189,0,1,0,1
32,340794,3,2,7034,1,1,1,0
31,335656,2,4,4031,1,0,1,0
44,283571,3,1,5715,1,1,1,0
21,216807,5,0,3552,1,0,1,0
26,325241,0,3,2156,1,1,0,1
24,201302,1,4,4580,1,1,0,1
22,482457,0,3,4707,1,0,1,0
56,412331,2,4,1719,1,0,1,0
42,374257,4,4,3914,1,1,0,1
42,471607,0,3,2706,0,1,0,1
47,235439,5,1,2134,1,1,1,0
44,325379,0,1,7176,1,1,1,0
43,234583,1,4,2076,1,1,1,0
35,453012,0,2,6962,1,1,1,0
50,320076,2,3,6802,1,1,1,0
34,213556,0,5,4600,1,1,1,0
25,215511,5,2,5131,0,1,0,0
51,309716,2,2,5380,0,0,1,0
20,125099,5,1,3038,0,1,1,0
32,483797,3,4,3605,0,1,1,0
52,350774,0,0,5356,0,0,1,0
23,466849,1,1,3881,1,1,0,1
22,474861,4,3,5103,1,1,0,1
23,441798,4,5,4769,1,0,1,0
50,429287,5,5,3001,1,0,1,0
29,314205,4,3,3763,0,1,1,0
20,454166,2,5,3260,0,1,1,0
30,232801,3,2,1592,0,0,0,1
50,314922,4,0,6736,1,1,1,0
31,232170,1,1,2252,1,1,0,1
51,285113,4,1,6103,1,1,1,0
28,436753,3,3,2249,0,1,1,0
32,200730,1,5,5033,1,1,0,1
27,339768,4,3,2696,0,1,0,1
53,277190,3,2,1527,0,1,1,0
36,392388,3,4,6818,1,1,1,0
40,75878,4,3,2086,0,1,1,0
20,411183,1,2,1506,1,1,0,1
24,112153,2,4,2003,1,1,0,1
43,375267,4,4,3279,0,0,0,0
25,397400,0,0,6875,1,1,1,0
52,356696,0,1,3370,0,1,1,0
26,441419,3,1,1484,0,1,1,0
51,424820,4,3,6013,1,1,1,0
45,69337,5,1,1913,1,1,0,1
32,95340,5,4,5256,1,1,0,1
43,228217,1,3,2347,1,1,0,1
46,221742,2,5,1505,0,0,0,1
55,120045,0,2,4662,0,1,1,0
44,180915,2,5,1954,0,0,0,1
42,425817,5,5,4678,1,0,0,0
25,423582,0,0,5792,1,1,1,0
28,382279,3,3,5989,1,1,1,0
21,299881,1,5,5322,1,1,1,0
38,357139,3,4,5785,1,1,1,0
38,250719,2,0,5744,1,1,1,0
44,136999,1,2,1827,0,1,1,0
30,372647,0,2,1964,0,1,0,1
41,298255,1,3,5319,1,1,1,0
24,411957,2,5,2485,0,1,0,1
47,109000,4,3,2576,0,1,0,0
52,247581,3,1,4205,1,0,0,0
45,133676,2,5,4758,1,1,0,1
46,213980,2,3,1683,1,1,1,0
41,183817,2,3,1918,1,0,0,1
49,90190,1,0,2686,0,1,1,0
45,381583,3,2,6250,1,1,1,0
51,486928,0,3,2987,1,1,0,1
50,175320,4,5,4001,1,1,0,0
28,265050,0,2,2482,1,0,0,1
22,221145,2,4,4076,1,1,1,0
35,432962,2,1,6728,1,1,1,0
40,486049,2,3,4450,1,0,1,0
32,274806,5,3,6256,1,1,1,0
46,418534,1,3,2847,0,1,0,1
41,425112,5,0,6905,1,1,1,0
47,421807,3,3,4513,1,0,1,0
25,429168,0,4,4941,1,1,1,0
21,277361,0,4,4882,0,0,1,0
53,341965,4,5,1592,1,0,0,0
51,277416,5,4,6739,1,1,1,0
47,65095,5,3,3546,1,0,1,0
42,181055,4,1,4937,1,0,1,0
27,255537,5,2,2283,1,0,1,0
38,251884,1,1,3173,0,1,1,0
40,274927,5,3,1851,0,1,1,0
56,215282,5,3,5252,1,1,0,1
34,143957,5,3,4080,1,0,1,0
23,166958,3,1,1770,0,0,1,0
41,364795,5,3,7274,1,1,1,0
36,87603,1,2,3890,1,1,0,1
49,453055,0,3,4733,1,1,0,0
30,310776,1,5,3220,0,1,1,0
43,354057,4,5,4328,1,1,0,1
47,387878,3,4,6656,1,1,1,0
29,321828,0,3,6958,1,1,1,0
41,479169,1,3,6676,1,1,1,0
42,255922,5,2,4826,1,0,0,0
24,273932,4,4,6783,1,1,1,0
22,374558,5,4,2480,1,1,0,1
36,238729,5,5,4712,1,1,1,0
40,488762,1,3,5367,1,1,1,0
29,211657,1,3,4551,0,1,1,0
37,302366,3,2,2752,0,1,1,0
47,367655,5,0,5257,1,1,0,0
50,259991,5,1,5801,1,1,1,0
52,399011,0,5,6051,1,1,1,0
51,401399,1,3,2748,0,1,1,0
47,137711,0,2,4245,1,0,1,0
24,167628,4,1,3236,1,0,1,0
45,213572,1,2,5282,1,1,0,1
20,291656,4,0,2092,0,1,1,0
37,173720,5,2,5015,1,0,1,0
33,132532,1,3,1729,1,1,0,1
30,414190,3,3,5402,1,1,1,0
46,189776,0,2,3379,1,0,0,0
31,366097,2,2,5017,1,1,1,0
40,483830,1,4,4645,0,0,1,0
32,463406,1,4,3490,1,0,0,0
21,152578,3,4,1905,0,1,1,0
34,302205,5,5,3920,0,1,0,1
31,291742,0,1,6975,1,1,1,0
37,313617,2,4,3912,0,1,1,0
45,241727,3,0,3931,1,1,0,1
45,214937,1,3,2836,1,0,1,0
42,309640,2,4,3170,0,1,1,0
28,420642,0,3,5294,1,0,1,0
40,339227,2,0,3723,0,1,1,0
38,363212,1,4,4225,1,0,0,1
41,302235,4,1,5053,1,1,1,0
35,469912,3,1,6765,1,1,1,0
31,186886,0,3,5273,0,1,1,0
37,426972,5,1,4625,0,0,1,0
31,281849,4,1,7184,1,1,1,0
52,275728,1,4,6411,1,1,1,0
38,168016,5,0,3863,1,0,1,0
38,301779,5,4,3769,0,1,0,1
28,73789,1,1,1688,1,1,0,1
51,342591,1,2,7025,1,1,1,0
23,383562,4,1,4159,1,0,1,0
37,90843,2,5,4157,1,0,0,1
23,86206,1,4,2472,0,1,0,1
56,347999,3,0,5402,1,1,1,0
39,302153,4,2,5250,1,1,0,0
50,233045,3,2,2377,1,1,1,0
22,87991,5,0,1642,0,0,1,0
21,212079,5,0,3040,0,1,1,0
32,353193,2,4,6364,1,1,1,0
28,361882,0,4,2111,1,0,1,0
33,332183,1,3,4933,1,1,1,0
56,156327,2,2,2976,0,1,1,0
54,373812,3,1,4578,1,1,0,1
34,361242,4,5,3944,0,0,1,0
36,249293,0,1,2371,1,1,1,0
46,254426,0,4,7184,1,1,1,0
34,118032,0,2,2221,0,0,0,0
35,393603,2,1,2155,1,0,1,0
32,408204,1,4,3264,0,1,1,0
54,285672,1,0,6714,1,1,1,0
48,316321,4,0,6407,1,1,1,0
32,474720,4,5,3542,0,0,1,0
46,387579,4,3,5121,1,1,1,0
33,328007,4,2,2845,1,0,1,0
48,279704,5,1,2307,0,1,1,0
30,205449,0,5,2278,1,1,0,1
54,403100,3,1,7226,1,1,1,0
21,369767,0,0,1728,1,1,0,0
23,133979,3,4,2734,1,0,1,0
28,72980,2,4,4914,0,1,1,0
43,245996,4,2,4760,0,0,0,1
29,406177,5,3,5359,1,1,1,0
46,160163,5,3,3510,1,1,0,0
51,268332,4,1,5090,1,1,1,0
53,162741,3,1,1740,1,1,0,1
52,381136,0,5,1573,1,0,0,1
36,169725,2,5,4589,0,0,1,0
33,320462,2,2,6341,1,1,1,0
44,278590,3,3,5255,1,1,1,0
42,241420,1,4,3106,1,1,0,1
21,266554,1,4,5463,1,1,1,0
26,444096,3,0,1579,1,0,1,0
47,360894,2,3,3042,1,1,0,1
53,167634,2,5,4047,1,1,0,0
34,264017,5,1,7100,1,1,1,0
21,375346,3,1,4134,1,0,0,1
42,474352,5,3,2329,0,1,1,0
43,482258,2,2,3323,1,1,0,1
37,280361,0,2,5353,1,0,1,0
26,477081,2,0,3874,1,0,0,1
54,447607,3,5,6012,1,1,1,0
49,307980,5,5,1771,1,0,1,0
53,139307,1,0,2102,0,1,1,0
43,169691,0,5,2570,1,1,0,1
44,482397,2,3,7135,1,1,1,0
41,296595,3,2,5066,1,0,1,0
34,134366,3,2,4451,0,1,0,1
33,134272,2,2,3319,0,1,0,1
42,69818,3,2,3408,0,1,1,0
49,271920,5,5,4153,0,1,1,0
29,374364,3,2,7079,1,1,1,0
20,388238,4,0,4565,0,0,1,0
20,292275,3,0,7261,1,1,1,0
34,79753,0,5,2051,0,1,0,1
53,263134,5,5,4455,1,0,0,1
20,146890,0,4,5230,1,0,1,0
37,447993,0,0,6307,1,1,1,0
54,431480,1,4,5318,1,1,1,0
36,368554,0,0,7154,1,1,1,0
55,66489,5,4,3595,1,1,0,1
27,387267,1,0,5845,1,1,1,0
53,82717,0,5,4888,1,1,0,0
41,289793,1,1,7153,1,1,1,0
49,204079,4,2,2163,0,1,1,0
20,423116,3,0,1597,0,1,1,0
43,262675,5,3,2890,1,0,0,1
46,271356,3,2,4254,1,1,0,1
38,193456,1,1,4497,1,0,0,1
38,233443,4,4,2041,0,1,0,1
54,467311,2,0,2385,0,1,1,0
40,252551,2,2,6581,1,1,1,0
52,231099,5,4,2554,1,1,1,0
26,142770,1,3,4146,0,1,1,0
32,361887,0,2,3762,0,1,1,0
34,102355,0,5,2609,1,1,0,0
31,184410,5,1,5170,0,1,1,0
37,483182,2,0,2870,1,1,0,1
43,445122,0,2,1856,0,1,0,1
32,378033,0,1,5303,0,1,0,1
37,388015,2,5,5307,1,1,1,0
32,103156,2,0,3014,0,0,0,1
44,68683,1,5,1647,0,0,0,1
20,198402,3,2,2797,0,1,1,0
44,228538,3,0,5025,1,0,0,1
34,464751,5,1,5059,1,1,0,0
40,340049,3,4,6773,1,1,1,0
41,262281,4,0,5210,1,0,0,1
27,453833,4,0,4622,0,1,1,0
51,321494,4,4,2919,1,0,0,1
50,195246,1,4,4423,0,1,1,0
50,308056,0,2,3878,1,0,1,0
25,332746,5,4,6322,1,1,1,0
55,475323,2,0,6046,1,1,1,0
43,480551,0,5,3798,0,1,0,1
32,115906,4,2,4645,1,0,1,0
50,220094,1,5,5329,1,1,0,0
28,374880,4,0,2533,0,1,1,0
46,411656,4,3,2320,0,1,0,0
42,149818,3,1,3633,0,1,1,0
45,262777,3,0,3876,0,1,0,0
48,71688,4,0,5159,1,1,0,0
27,228294,0,0,4686,1,1,1,0
31,259647,2,0,4810,1,0,1,0
22,362242,2,0,4177,0,1,1,0
40,300481,1,2,2254,1,0,0,1
30,354504,4,5,5461,1,1,1,0
40,276496,3,3,4133,0,1,1,0
21,234957,4,5,2351,1,1,1,0
27,393740,4,5,4375,1,0,1,0
50,306573,4,3,3010,0,1,1,0
55,255211,3,2,3053,0,0,0,0
24,200635,4,0,4693,1,1,1,0
43,269677,5,0,4037,1,0,1,0
32,482183,5,5,2101,1,1,0,1
44,230794,0,0,2832,1,1,1,0
46,375380,5,2,3691,1,1,0,1
21,206176,1,3,4927,1,1,1,0
48,457202,1,4,6439,1,1,1,0
44,365480,4,2,7274,1,1,1,0
42,348067,2,0,5159,0,1,1,0
42,169283,0,1,1662,1,1,0,0
30,165361,3,2,4523,1,1,0,1
40,436822,3,4,5474,1,1,1,0
36,324559,3,4,5250,1,1,0,1
49,317212,1,5,6597,1,1,1,0
20,404167,2,3,3179,0,0,0,1
44,190473,0,0,2308,1,0,1,0
41,362627,0,5,5935,1,1,1,0
24,460505,5,2,3712,1,0,1,0
41,286724,3,5,4949,0,0,1,0
43,90184,1,4,2571,1,0,1,0
37,247367,4,5,3247,1,0,1,0
54,160624,1,2,3428,0,0,0,0
50,148804,4,5,3420,1,1,0,0
51,228644,1,3,2222,1,1,1,0
45,341532,1,5,2191,1,0,1,0
53,345657,5,4,5355,0,1,1,0
37,373317,3,3,2315,1,1,0,1
44,270849,1,2,6125,1,1,1,0
22,424087,1,0,6520,1,1,1,0
21,182051,1,3,2116,1,0,0,1
23,476240,0,0,5260,1,1,0,1
46,486236,1,3,5964,1,1,1,0
51,166661,2,1,4888,1,0,1,0
25,432702,0,2,5204,0,0,0,1
56,436319,4,1,2299,0,1,1,0
28,313547,5,2,4032,1,1,0,1
34,175358,3,1,2589,1,1,0,0
56,359165,0,3,4947,1,1,0,0
54,284838,4,1,2118,1,1,0,1
33,449888,4,5,2970,1,0,1,0
23,302080,3,3,5104,1,1,1,0
40,235910,0,3,1717,1,1,1,0
45,270908,1,4,5198,1,1,1,0
55,263749,2,1,2113,1,0,1,0
22,219348,5,3,2469,1,1,1,0
56,218847,2,3,1808,1,1,1,0
33,136184,5,5,2101,0,1,1,0
54,353380,4,0,2265,1,1,0,0
34,417664,1,3,5854,1,1,1,0
42,476073,4,4,4674,0,1,1,0
30,81615,5,3,1974,1,1,0,1
22,121551,5,1,1796,1,1,0,0
39,418469,4,2,6300,1,1,1,0
49,447460,0,1,4106,1,1,0,1
33,311117,2,0,3010,0,1,1,0
44,461364,5,2,5501,1,1,1,0
55,273877,5,1,1795,0,1,0,1
29,395966,5,3,7206,1,1,1,0
37,271621,2,3,6513,1,1,1,0
28,98598,1,2,4966,0,1,0,0
41,184608,5,3,4194,0,1,1,0
33,264921,0,3,2621,1,1,0,0
31,238281,3,5,1905,0,1,1,0
43,289782,2,2,4276,1,1,0,1
32,207986,5,5,5335,1,1,0,1
40,359365,3,1,5461,1,1,1,0
40,230757,2,3,1501,1,1,1,0
43,285681,4,1,6225,1,1,1,0
37,215949,0,0,4281,1,1,0,1
52,453381,1,3,4920,1,1,1,0
54,230663,4,4,3739,1,1,1,0
49,287967,3,2,4947,1,1,1,0
35,233001,0,0,3701,1,1,1,0
53,313263,2,4,3792,1,0,1,0
37,121400,2,0,2864,0,1,1,0
35,339759,2,4,6869,1,1,1,0
30,329893,2,1,4367,0,1,1,0
42,156093,4,5,4060,0,0,1,0
42,374821,0,2,2602,1,1,0,1
56,133179,3,1,1946,0,0,1,0
51,210548,3,0,3640,1,0,1,0
48,445202,1,4,4594,0,1,1,0
51,381964,4,5,5241,1,1,1,0
37,295138,1,3,6745,1,1,1,0
31,433914,0,0,3505,1,1,0,1
39,467760,5,0,1895,1,1,0,1
38,429123,5,4,4644,0,0,1,0
29,92632,2,3,1882,1,1,0,1
33,200472,3,1,4868,0,1,0,1
21,274029,5,5,4591,1,1,0,0
38,345253,0,0,1512,1,0,1,0
43,299401,0,1,2651,0,1,0,1
29,139505,5,2,5370,1,1,0,0
32,224846,2,1,3432,1,1,0,1
55,86882,4,4,3985,1,0,1,0
35,348955,4,3,4008,1,0,1,0
24,383802,4,2,4486,0,1,1,0
41,124328,2,1,2158,0,1,1,0
36,446397,0,0,1922,0,1,1,0
34,254920,1,1,2001,1,1,0,1
55,271561,4,1,5349,0,1,1,0
45,344849,1,4,2970,0,1,1,0
21,222296,2,0,2062,1,1,1,0
56,258333,4,2,5533,1,1,1,0
43,297312,5,0,4911,1,1,0,1
47,274608,3,1,1631,1,0,1,0
45,418633,5,4,2015,0,1,1,0
31,429649,1,3,3174,1,0,1,0
20,76804,1,2,2064,1,1,0,0
20,81681,0,1,4799,1,1,0,1
36,295992,0,2,4966,1,1,1,0
36,186750,0,2,1892,1,1,0,1
43,467057,2,4,3826,1,1,0,1
39,341384,0,4,7038,1,1,1,0
26,234227,5,4,1992,0,1,1,0
52,480525,2,0,7145,1,1,1,0
37,97220,4,0,3616,0,0,0,1
56,97116,3,4,4729,0,1,0,1
26,333995,0,2,6031,1,1,1,0
38,182701,5,3,2862,0,1,1,0
34,447225,4,1,5173,1,1,1,0
45,189147,3,5,4184,0,0,1,0
37,205496,5,1,4023,1,1,1,0
23,407418,5,1,4924,1,1,0,1
55,301408,1,1,4443,1,1,0,1
36,281021,2,1,2049,0,0,1,0
37,340814,1,2,5215,1,1,1,0
53,466864,3,5,5174,1,0,1,0
55,244588,3,5,5064,0,1,1,0
53,78586,4,2,3805,0,1,0,1
21,333903,3,2,5398,1,0,1,0
42,126855,0,5,1997,0,1,0,1
40,331106,2,1,6358,1,1,1,0
52,119728,2,0,4092,0,1,1,0
32,383702,3,2,4282,1,0,0,1
51,372790,0,2,1589,1,1,0,1
25,114205,5,0,2932,0,1,1,0
32,307821,4,2,3943,0,1,0,1
44,328632,3,5,6602,1,1,1,0
47,302003,2,5,6642,1,1,1,0
22,272798,1,3,2902,1,0,1,0
32,226409,4,3,2812,1,1,1,0
23,461456,5,5,5070,0,1,0,1
40,87488,2,0,3087,1,0,1,0
53,259113,0,2,3284,1,0,1,0
33,231430,5,4,5400,1,1,1,0
31,452092,0,1,2296,1,1,0,1
34,272463,5,3,5023,0,0,1,0
37,66743,3,0,5295,0,0,1,0
54,176989,4,3,1731,1,0,1,0
48,488909,1,2,2552,0,1,0,0
35,463682,4,3,2303,1,1,0,1
40,309160,3,1,5274,1,1,1,0
53,190643,3,1,4758,1,1,0,1
25,352045,5,3,5770,1,1,1,0
34,89666,3,4,5047,1,0,1,0
54,282999,3,4,7006,1,1,1,0
50,466500,4,3,5183,1,1,0,1
48,443441,4,0,2513,0,1,1,0
21,378636,5,4,6143,1,1,1,0
22,243418,0,4,4809,1,1,0,0
48,141438,3,1,2115,1,0,0,1
54,270458,1,3,3289,0,0,1,0
38,327020,4,4,3093,0,1,0,1
37,65705,3,0,1742,0,1,1,0
28,240491,1,4,3643,1,1,1,0
41,154825,3,2,3156,0,0,0,0
37,452357,2,1,1855,1,0,1,0
34,105055,5,4,4049,0,1,1,0
38,423696,0,0,3795,1,0,0,1
27,155229,3,3,4452,0,1,0,1
26,290398,1,0,2313,1,0,1,0
29,378385,0,3,5792,1,1,1,0
32,164409,4,4,4489,0,1,0,1
38,462048,4,4,5025,1,1,1,0
27,292726,3,2,7284,1,1,1,0
56,297385,5,2,5009,1,1,1,0
53,294230,0,2,3463,0,1,0,1
25,178096,3,4,4792,1,0,1,0
39,267274,5,4,2577,1,0,0,0
56,318595,5,5,5454,1,1,1,0
30,233130,0,1,2482,1,1,0,1
35,222883,2,0,1675,1,1,0,1
42,227524,5,3,2668,1,1,1,0
33,233534,1,2,3597,0,1,1,0
31,293236,4,5,5958,1,1,1,0
29,409691,3,4,2927,0,0,1,0
27,309245,5,1,3339,0,1,0,1
49,362697,2,2,3777,0,1,0,1
32,398213,3,2,4378,0,1,1,0
55,203445,1,2,2390,1,1,1,0
44,315756,4,5,7269,1,1,1,0
44,387904,0,3,7024,1,1,1,0
45,337325,5,3,4986,0,1,0,1
45,388064,5,2,6343,1,1,1,0
56,300369,4,1,5055,1,1,1,0
20,161633,0,4,1815,0,1,0,1
20,352367,1,5,2259,0,1,0,0
32,453020,3,4,5112,1,1,1,0
42,358946,2,3,4856,1,0,1,0
46,262174,3,4,6132,1,1,1,0
31,384179,4,1,7247,1,1,1,0
20,258541,0,4,7050,1,1,1,0
45,293196,1,3,5100,0,1,1,0
42,208219,4,4,1709,1,1,1,0
33,210049,4,0,5336,1,1,1,0
42,138526,1,2,1988,1,1,0,1
39,478463,3,4,5053,1,0,1,0
44,218720,2,1,5325,1,1,1,0
26,452412,0,5,5174,1,1,1,0
24,404648,5,2,6567,1,1,1,0
56,217414,0,0,3719,1,1,1,0
46,311315,4,5,6318,1,1,1,0
30,427829,1,0,4734,1,0,1,0
38,359653,0,3,6637,1,1,1,0
23,86036,5,5,2577,1,1,0,0
37,135692,2,2,2243,1,1,0,1
52,229276,4,3,4607,0,1,1,0
34,399332,1,2,6750,1,1,1,0
47,167068,2,5,3534,0,1,1,0
21,471533,4,3,4491,1,0,1,0
50,413171,1,0,5420,1,1,1,0
44,185369,5,0,2130,1,0,0,1
40,402191,0,4,4913,0,0,1,0
51,436433,3,1,4774,1,0,0,1
23,140572,4,5,1943,1,1,0,0
48,271793,3,5,2185,0,1,0,0
44,458396,3,5,2494,1,1,0,1
41,239662,2,1,2592,0,1,0,1
54,484832,2,0,4922,1,1,1,0
23,239314,3,5,2490,0,0,1,0
45,410076,1,2,5672,1,1,1,0
30,384767,3,3,6989,1,1,1,0
53,274541,1,5,4035,1,1,0,1
33,349464,3,5,3791,1,0,1,0
28,326567,5,1,5097,1,1,1,0
56,342942,3,1,4254,1,0,1,0
20,345154,5,2,6711,1,1,1,0
48,307258,5,1,1740,0,1,1,0
45,263794,0,5,5830,1,1,1,0
43,403423,1,1,2651,1,1,0,1
28,271368,3,1,5641,1,1,1,0
32,427906,5,2,5293,1,1,1,0
34,151968,2,0,2153,0,0,0,1
40,370327,4,2,2685,1,0,1,0
48,249775,0,3,5206,0,1,1,0
26,275893,1,3,4278,1,1,0,1
25,461854,4,4,6531,1,1,1,0
29,300988,5,3,3603,0,1,0,0
35,379471,3,2,1480,0,1,1,0
30,282781,5,0,4485,1,1,0,0
41,367430,2,1,6313,1,1,1,0
48,393027,1,4,5253,1,1,1,0
43,369680,4,3,2592,1,0,1,0
38,164789,1,0,2772,0,0,1,0
54,171311,2,4,1925,1,0,1,0
38,412303,1,0,2550,1,0,1,0
41,94733,5,1,3992,1,1,0,0
20,253527,3,2,5949,1,1,1,0
47,454708,1,0,6290,1,1,1,0
32,269571,3,4,3021,1,0,0,1
23,487791,2,1,7310,1,1,1,0
50,449783,3,4,1864,1,0,1,0
45,320435,5,5,6121,1,1,1,0
48,310237,0,4,3781,1,0,1,0
50,186268,0,0,1816,1,1,0,1
24,333647,1,2,3471,0,1,1,0
33,199450,1,2,3505,0,0,1,0
55,170955,5,5,4698,0,1,0,1
47,216061,4,1,3120,1,1,1,0
56,326614,0,5,5661,1,1,1,0
29,134864,0,2,2808,1,1,0,1
56,482021,5,0,1931,1,1,0,1
30,344810,1,1,6969,1,1,1,0
23,288987,4,2,7274,1,1,1,0
22,463195,3,0,5587,1,1,1,0
38,399724,3,0,6784,1,1,1,0
30,483236,4,2,1513,1,0,0,1
30,258012,5,5,5176,0,1,1,0
22,441378,3,5,4938,1,1,0,1
37,417455,1,5,5648,1,1,1,0
22,424471,1,3,4545,0,1,0,0
51,223095,3,3,5045,1,0,0,0
51,477982,0,5,5055,0,1,1,0
41,386939,4,5,1859,1,1,0,0
36,284978,4,3,3000,1,0,0,1
37,368420,2,3,1487,1,1,0,1
32,477724,1,5,5272,1,0,1,0
46,289103,1,1,3270,0,1,1,0
44,449323,4,3,4936,0,0,1,0
28,483150,0,1,5933,1,1,1,0
45,351535,0,4,6990,1,1,1,0
56,83878,4,4,3512,0,1,0,1
41,227563,0,2,2350,1,0,0,1
43,139794,3,0,4471,0,1,0,0
42,195753,1,0,5316,1,0,0,1
21,244487,3,2,2330,0,0,0,1
35,227427,2,5,5171,1,0,1,0
21,229158,1,3,2267,1,1,0,1
38,126370,3,0,2853,1,1,0,0
27,74965,4,2,4931,1,1,0,1
51,447693,3,3,4995,1,1,1,0
38,334178,1,4,6144,1,1,1,0
42,453003,2,0,2063,0,1,0,1
21,230602,2,0,4229,0,0,1,0
28,217748,1,5,3222,0,1,1,0
40,373290,5,0,5871,1,1,1,0
32,291744,1,3,7126,1,1,1,0
28,297040,3,0,5386,0,1,1,0
43,483103,4,5,2107,1,1,0,1
42,72342,0,1,4349,0,1,1,0
49,270516,2,4,6494,1,1,1,0
45,482692,2,2,3690,0,1,1,0
39,434032,1,0,4990,0,1,1,0
25,97140,5,4,2146,1,1,0,1
28,427354,3,4,6198,1,1,1,0
41,392395,0,4,4749,1,0,1,0
34,181335,5,0,3261,1,0,0,1
27,451402,1,5,3584,0,1,1,0
55,179461,5,1,3245,1,1,0,1
22,432567,3,3,3097,1,1,0,1
37,110973,0,1,3371,1,1,0,1
40,344182,4,3,5838,1,1,1,0
53,221495,2,0,4964,1,1,1,0
46,349865,5,1,6085,1,1,1,0
31,279003,5,3,2212,1,0,0,1
28,375723,0,0,3807,0,1,0,1
30,355469,4,3,4825,1,0,1,0
46,302598,4,3,4997,1,1,1,0
34,284091,1,0,2292,1,1,0,1
27,392117,2,1,4930,1,1,1,0
22,295031,0,0,2147,1,1,0,0
20,188729,0,1,4524,1,0,0,1
33,447247,1,0,2590,0,0,1,0
41,119130,3,0,2081,0,1,1,0
44,358791,0,4,7264,1,1,1,0
46,210577,4,4,1863,1,1,1,0
50,217328,4,1,3041,0,1,1,0
45,249728,5,5,3959,0,1,1,0
48,405103,3,0,4374,1,1,0,1
28,227660,0,5,2011,1,1,1,0
25,169120,3,3,3799,0,1,0,0
52,404089,5,3,5752,1,1,1,0
27,145860,0,3,2762,1,1,0,1
25,120996,0,1,4455,1,0,0,1
35,376066,1,3,3162,0,1,1,0
22,239906,4,4,3637,0,1,1,0
33,432741,1,2,4454,0,1,1,0
32,298382,5,4,2739,0,1,0,1
26,456012,3,5,7154,1,1,1,0
55,470177,4,5,5767,1,1,1,0
36,471148,5,2,5070,1,1,1,0
41,381465,1,4,4205,0,1,1,0
32,183735,4,2,3982,0,1,0,0
24,432221,2,0,5278,1,1,1,0
24,165398,5,5,3839,0,1,0,0
23,200195,0,0,2983,0,1,1,0
42,241401,1,5,3861,1,0,0,1
34,370197,5,5,2281,1,1,0,0
36,262150,3,3,1882,0,1,1,0
45,485133,4,2,2770,0,1,0,1
21,153454,5,2,1874,0,1,1,0
21,337199,1,2,5275,1,0,0,1
21,225781,3,2,1939,1,0,0,1
53,106087,1,2,2076,0,1,0,1
55,459579,3,0,6691,1,1,1,0
32,360378,2,0,2568,1,0,1,0
48,442028,1,1,5089,1,1,1,0
33,396524,1,3,7217,1,1,1,0
49,208144,1,1,4106,1,1,1,0
55,465016,1,3,2158,0,1,1,0
37,219912,4,1,3168,1,1,1,0
28,355744,1,4,4939,1,1,1,0
35,135372,3,0,3735,1,1,0,1
30,245693,2,2,3881,1,1,0,1
31,294650,4,1,3590,1,0,0,1
22,481406,3,2,4086,1,1,0,0
33,215209,4,1,5401,1,1,1,0
48,395520,4,3,1949,1,0,1,0
48,239597,0,0,5295,1,0,1,0
42,454767,5,2,2424,1,1,0,0
24,464835,1,5,5263,1,1,0,0
50,221599,4,5,4448,0,1,1,0
24,281256,2,0,5903,1,1,1,0
35,338904,0,5,3241,1,0,1,0
30,134319,4,5,4613,0,1,0,1
30,434173,3,0,4473,1,1,0,1
40,389616,4,2,3836,1,0,1,0
29,107322,2,5,1507,0,0,0,1
45,488906,1,4,3544,1,0,0,1
44,237569,5,2,2998,1,0,1,0
39,258642,2,5,4953,1,1,1,0
24,273578,4,3,6708,1,1,1,0
54,217226,1,1,3888,1,1,1,0
41,156749,2,3,3572,0,1,0,1
44,120196,5,0,2584,1,0,1,0
29,146754,5,0,4074,1,1,0,1
55,247204,5,5,3730,1,1,1,0
35,358057,4,4,5238,1,0,0,1
53,273794,3,3,6727,1,1,1,0
56,435194,3,2,5306,0,1,1,0
43,273859,5,2,3227,0,1,0,1
28,180771,0,0,5004,1,1,0,1
26,128010,1,2,2329,1,1,0,1
24,169332,1,1,3067,0,1,1,0
20,488376,2,4,6227,1,1,1,0
38,437237,4,3,4979,0,0,1,0
40,300875,2,1,2145,1,1,0,1
20,475252,2,4,2676,1,0,0,1
54,235717,2,2,5259,1,1,1,0
50,65895,5,3,1711,0,1,1,0
47,362774,4,0,4951,1,1,1,0
26,319470,4,0,5068,1,1,1,0
27,373023,5,2,2192,1,0,0,0
42,208964,3,4,1762,1,1,1,0
54,301923,2,3,5257,0,1,0,0
27,282465,1,4,5858,1,1,1,0
42,482535,0,4,4395,1,0,0,0
48,209578,4,0,2228,1,1,1,0
42,488054,0,0,6266,1,1,1,0
32,383379,5,2,2958,0,1,1,0
42,286399,4,2,5310,1,0,1,0
20,333739,0,1,5048,1,1,0,1
29,216747,2,5,4831,0,0,1,0
50,339781,0,1,4248,1,0,1,0
29,298918,4,5,5548,1,1,1,0
32,423981,0,3,4576,1,0,0,0
33,247907,3,2,5245,1,1,1,0
37,167918,0,3,2399,1,1,0,0
56,438549,5,5,4857,0,1,1,0
39,144394,3,2,3588,1,0,0,0
20,303661,2,3,3351,0,1,1,0
53,157304,0,1,4994,1,1,0,1
40,330999,2,2,2313,1,0,0,0
34,214622,3,2,3591,1,1,1,0
26,77617,3,4,2987,1,0,0,1
27,428262,1,0,6001,1,1,1,0
48,230504,4,3,2382,1,1,1,0
53,122726,0,5,3436,1,1,0,0
48,383551,2,2,7164,1,1,1,0
39,92539,1,3,2397,1,1,0,0
35,278108,2,1,2338,0,1,0,1
42,120201,3,2,4344,1,1,0,0
39,481575,0,3,7306,1,1,1,0
49,415630,0,1,5377,1,0,0,1
54,477478,4,5,5338,1,1,1,0
50,314995,0,5,1705,1,1,0,1
54,361884,4,5,4287,1,1,0,1
23,320468,3,0,7110,1,1,1,0
42,455621,3,1,7210,1,1,1,0
50,139507,5,2,1958,1,1,0,0
36,316461,0,1,2491,1,1,0,1
44,339289,3,1,6375,1,1,1,0
21,274984,1,5,5011,1,1,1,0
21,308795,2,1,3824,1,0,0,1
52,343595,3,5,4360,1,1,0,1
41,277194,2,5,6987,1,1,1,0
38,292473,2,1,6929,1,1,1,0
26,124269,3,4,2771,1,1,0,0
23,315974,2,4,4627,0,1,1,0
28,329005,1,5,4791,0,0,0,0
52,235239,1,5,5335,0,1,1,0
51,450625,1,2,3071,1,0,1,0
51,206477,4,0,5415,0,1,0,0
51,150962,4,4,5386,0,0,1,0
25,365441,3,2,3365,0,1,1,0
56,261392,5,1,1756,1,1,0,1
36,279904,4,0,1830,1,0,0,1
29,390473,2,4,2634,0,1,0,1
54,257458,3,1,1613,0,1,1,0
51,317541,0,3,4143,1,1,0,1
32,273797,5,0,5866,1,1,1,0
33,215588,3,0,4181,1,0,0,1
48,84870,3,2,1727,0,1,0,1
22,280398,2,0,5144,1,0,1,0
27,125134,4,5,4471,1,1,0,1
32,294250,5,0,6533,1,1,1,0
46,274971,0,3,2358,0,1,0,1
43,314644,1,1,6267,1,1,1,0
21,325703,3,0,2822,0,1,0,1
20,359253,0,4,6615,1,1,1,0
36,440447,0,4,2180,0,1,1,0
30,255993,0,0,5453,1,1,1,0
36,321565,2,5,5078,1,1,1,0
20,295627,1,2,5078,1,1,1,0
45,441424,3,0,6345,1,1,1,0
52,283681,0,0,5179,1,1,1,0
39,437090,4,3,6028,1,1,1,0
48,484635,4,3,5420,0,1,1,0
46,375136,0,0,4224,1,0,1,0
38,438894,2,4,3355,0,1,1,0
42,405714,2,1,2115,0,1,1,0
33,308060,2,3,5560,1,1,1,0
47,293171,1,3,5402,1,0,0,0
48,283542,3,3,4181,1,0,1,0
29,292392,4,5,5462,1,1,1,0
26,128464,2,1,2149,1,1,0,1
35,398729,1,3,5367,1,1,0,1
34,199406,3,4,4491,0,1,1,0
37,315573,0,5,5553,1,1,1,0
38,406616,1,1,5994,1,1,1,0
38,336770,0,2,2992,0,1,0,1
25,373681,1,1,2796,0,1,1,0
49,302491,5,2,5639,1,1,1,0
29,388416,4,5,6621,1,1,1,0
45,293224,1,2,7167,1,1,1,0
27,137675,2,4,1572,0,1,0,0
49,449142,5,5,4989,1,1,0,1
55,73068,3,1,5321,0,0,0,0
40,255627,3,5,6575,1,1,1,0
20,351481,2,0,2916,0,0,1,0
25,370286,1,1,1516,1,0,1,0
32,414419,0,5,2323,0,1,1,0
30,327105,2,0,3718,0,1,1,0
20,128839,4,0,2797,0,1,0,1
45,457244,3,1,5802,1,1,1,0
43,255775,3,3,5937,1,1,1,0
34,486053,1,4,5983,1,1,1,0
46,84518,4,5,4065,0,0,1,0
53,224974,0,2,4675,1,1,1,0
49,463672,1,1,3122,0,0,1,0
32,363639,1,5,6247,1,1,1,0
38,360079,3,1,5809,1,1,1,0
27,276421,0,5,2942,1,1,0,0
50,354027,5,5,4066,1,0,0,1
39,238459,3,1,4467,1,1,1,0
23,475282,2,4,5602,1,1,1,0
21,309096,0,3,3709,1,1,0,1
47,327003,4,1,3000,0,1,0,1
52,236899,3,0,3940,1,1,1,0
56,417076,1,5,1885,1,1,0,1
45,127677,3,3,2383,0,0,1,0
21,443720,1,3,6007,1,1,1,0
26,282965,4,4,2628,0,0,0,1
52,436836,0,3,4017,0,1,1,0
34,256037,0,2,6592,1,1,1,0
23,334755,0,5,5128,1,1,1,0
54,473875,2,1,4540,1,1,0,0
40,230841,2,3,4164,1,1,0,1
20,72977,3,3,4678,1,0,0,1
25,302214,5,5,5111,1,1,1,0
49,487389,1,3,4654,1,0,1,0
26,420628,4,3,2666,1,1,0,1
35,106410,4,0,3628,0,1,1,0
23,288207,3,0,5426,1,1,1,0
52,412568,3,5,2541,1,1,0,1
25,464309,3,4,7284,1,1,1,0
26,437799,4,1,5355,1,1,0,1
55,239780,1,3,5288,1,1,1,0
56,330089,5,0,5302,0,1,0,1
54,223900,2,3,5091,1,1,1,0
24,421124,4,2,2392,0,0,1,0
52,430851,4,5,2702,0,1,0,0
37,198042,0,3,4723,1,1,0,0
51,276869,3,2,2169,1,1,0,1
45,254186,0,4,5278,0,1,1,0
26,447342,2,5,6459,1,1,1,0
28,444858,4,0,2341,1,0,1,0
41,271987,1,4,4332,1,1,0,0
32,88361,5,0,4050,0,1,1,0
38,218142,1,5,4082,0,1,1,0
56,474764,3,0,3993,1,0,0,0
31,385406,5,3,6125,1,1,1,0
24,452708,2,4,4891,0,1,1,0
55,80098,2,3,2424,1,0,1,0
26,359353,5,2,3104,0,0,1,0
42,138380,0,3,2391,1,0,1,0
21,278584,0,1,5125,1,1,1,0
40,210393,3,2,4169,0,1,1,0
24,478826,2,5,6605,1,1,1,0
45,487053,0,5,5036,1,1,1,0
32,338968,1,3,5788,1,1,1,0
28,103371,2,3,2440,0,0,0,0
47,390538,1,3,4919,1,0,0,1
56,459632,0,3,1616,1,0,1,0
33,146440,2,1,4549,0,1,1,0
30,141492,4,4,3369,1,1,0,1
47,357195,3,3,6653,1,1,1,0
27,290931,1,5,6884,1,1,1,0
39,153838,5,3,5202,1,0,1,0
54,433503,1,1,6825,1,1,1,0
47,209288,0,2,3938,1,1,0,1
33,436049,4,1,1725,1,0,0,1
22,151904,1,1,2288,1,1,0,0
53,345747,5,2,1763,0,1,1,0
32,301093,3,4,7136,1,1,1,0
32,311579,1,3,2801,1,0,0,1
49,320893,2,4,3122,1,1,0,1
32,389533,4,2,2508,1,1,0,1
44,221852,1,2,4511,1,1,1,0
38,381978,0,3,1734,0,1,1,0
28,117803,4,5,1528,1,0,1,0
46,218242,5,0,3214,1,0,1,0
23,202064,1,2,4740,0,0,1,0
40,233019,1,0,3379,1,1,0,1
22,346100,5,5,4714,0,1,1,0
26,417602,1,2,3799,1,0,0,1
30,450923,4,1,2332,1,0,1,0
40,448264,5,3,5548,1,1,1,0
30,242190,1,0,4120,1,1,1,0
47,386068,5,4,5825,1,1,1,0
24,387917,5,1,5551,1,1,1,0
28,271206,5,3,2725,1,0,0,1
23,122336,5,5,4299,0,0,1,0
31,397920,5,3,5125,0,1,0,0
29,320093,4,4,6884,1,1,1,0
37,283893,3,5,4721,0,1,1,0
56,285068,1,1,3357,1,1,0,1
24,289880,3,3,3529,1,0,0,1
25,209721,3,1,2375,1,1,1,0
46,330520,5,5,6750,1,1,1,0
56,109097,4,2,5184,1,0,1,0
50,482081,2,4,3747,0,1,0,1
30,416503,3,2,6910,1,1,1,0
27,440793,4,2,5806,1,1,1,0
24,368616,2,5,5916,1,1,1,0
36,330846,5,0,4784,1,1,0,0
45,318696,5,2,3842,0,1,1,0
55,317987,3,2,4077,1,1,0,1
23,255203,4,4,4623,0,1,1,0
46,355230,2,0,4670,0,0,1,0
44,68222,5,2,3903,1,0,1,0
38,394724,5,2,5204,0,1,1,0
41,316346,0,0,5092,1,1,1,0
27,359169,1,2,5384,1,1,1,0
55,332992,2,4,3347,0,1,1,0
21,331635,0,5,6058,1,1,1,0
55,393948,4,1,2198,1,1,0,1
56,301465,3,3,1720,1,1,0,1
36,360656,2,5,1708,1,0,1,0
49,238027,3,5,2441,0,0,1,0
53,489050,0,5,5295,1,1,0,1
48,403131,2,2,2585,0,0,1,0
31,306889,3,5,6992,1,1,1,0
40,230778,1,2,4216,0,1,1,0
49,116748,4,5,2093,1,1,0,1
21,468595,1,3,2644,1,0,0,1
42,314586,3,4,3429,1,0,0,0
32,436852,2,1,6094,1,1,1,0
24,434976,5,1,6726,1,1,1,0
30,291968,5,4,3394,1,1,0,1
56,261390,5,4,5913,1,1,1,0
42,372669,5,4,5634,1,1,1,0
20,377473,2,5,4544,1,1,0,1
56,200894,0,4,5299,1,1,1,0
27,274435,1,2,2558,1,1,0,0
30,349718,5,1,4512,0,1,1,0
34,454205,1,2,3401,1,0,1,0
50,361060,0,1,3643,0,1,1,0
45,222595,3,5,1973,0,1,1,0
40,330107,1,1,4731,1,1,0,0
48,145153,0,4,4499,0,1,0,0
49,468102,4,5,4422,1,0,0,1
47,345085,2,2,4223,1,0,0,1
49,182093,3,3,3269,0,0,1,0
34,340229,5,0,1892,1,0,1,0
24,81554,2,3,4484,0,1,1,0
44,470465,3,3,6877,1,1,1,0
47,180528,2,0,3968,1,1,0,0
22,241538,0,3,2748,1,0,0,1
38,103638,2,2,5224,1,1,0,1
35,395005,5,5,5569,1,1,1,0
55,309054,0,1,7247,1,1,1,0
38,483704,5,0,2872,1,1,0,0
51,288030,0,5,1765,0,1,1,0
37,270533,2,3,5689,1,1,1,0
40,181781,0,2,4271,1,1,0,1
36,200939,0,0,4056,1,1,1,0
34,409297,5,0,4036,1,1,0,0
49,421801,0,2,6791,1,1,1,0
43,459323,1,1,6438,1,1,1,0
56,474108,3,4,4821,0,1,1,0
49,380922,1,0,2529,0,1,0,1
26,472410,4,4,3663,0,1,1,0
51,473593,5,4,3202,0,1,1,0
25,377325,4,3,2014,1,0,1,0
52,340937,3,1,3950,0,0,1,0
37,478506,2,0,2071,0,0,0,1
44,316082,3,4,6340,1,1,1,0
39,295510,0,3,5123,1,0,1,0
34,453771,5,5,4347,1,1,0,0
40,252200,0,2,3645,0,0,1,0
39,438403,5,2,4986,1,1,1,0
50,442736,0,5,4519,0,1,0,1
31,296238,4,0,4113,0,0,1,0
34,437150,0,0,4877,0,1,0,0
23,118415,3,4,4780,0,1,0,1
45,460822,2,2,1735,0,1,0,1
52,117160,4,4,2500,0,1,0,1
48,431243,3,3,7229,1,1,1,0
36,205052,0,2,3194,1,1,1,0
40,376911,2,2,5190,1,1,0,1
28,382952,4,0,2077,1,1,0,1
38,304382,4,3,1858,1,1,0,1
36,389464,1,4,2097,0,0,1,0
28,445019,2,4,5671,1,1,1,0
30,192310,1,5,2756,0,1,1,0
37,391849,4,0,3742,0,1,1,0
56,317775,2,1,2950,1,0,0,0
22,371709,0,2,7049,1,1,1,0
20,111517,5,0,4360,0,0,1,0
38,361390,5,0,2733,1,1,0,1
46,363197,4,4,2557,0,1,1,0
48,339092,1,1,7084,1,1,1,0
54,375438,1,5,1925,0,0,1,0
42,102918,5,0,4355,0,1,1,0
50,270306,5,0,3381,0,1,0,0
48,261049,1,2,4064,0,1,0,1
36,352941,5,0,7036,1,1,1,0
52,322740,1,1,6895,1,1,1,0
20,216452,0,0,2258,1,1,1,0
20,264590,5,2,3143,0,1,1,0
51,289288,3,5,3171,1,1,0,1
27,356598,5,3,1539,0,1,0,1
53,219056,5,4,4210,1,0,0,0
53,100253,5,5,5117,0,0,0,0
31,364546,5,4,1799,1,0,1,0
22,139296,1,0,5048,0,1,0,0
21,103320,1,4,2992,1,1,0,1
47,244294,2,2,3979,1,1,1,0
43,414840,5,0,2399,0,1,1,0
39,293491,4,5,2771,0,1,1,0
31,207371,3,0,4819,0,0,0,1
42,357204,0,4,2084,0,1,1,0
45,287311,4,2,6781,1,1,1,0
46,263906,1,4,1876,0,1,1,0
20,316265,1,4,1693,0,1,0,1
38,371186,0,3,4320,0,0,1,0
27,267471,4,5,3065,1,0,1,0
39,275176,0,3,5827,1,1,1,0
55,434280,1,2,4092,1,0,1,0
30,307085,5,5,4579,0,1,1,0
23,230992,5,5,4271,1,1,1,0
33,337889,3,4,3492,1,0,1,0
23,386390,1,0,6532,1,1,1,0
51,237200,0,3,2937,1,1,0,1
42,202045,0,1,2612,1,1,0,0
47,475269,0,1,4584,0,0,1,0
54,252555,2,2,2361,1,0,0,1
52,410518,2,4,5708,1,1,1,0
20,71287,1,2,4343,0,0,1,0
22,400081,2,1,6082,1,1,1,0
24,268059,5,5,6362,1,1,1,0
20,477710,1,3,6772,1,1,1,0
23,292291,2,0,2749,0,1,1,0
48,326771,0,3,3912,1,1,0,1
26,133266,0,5,3982,0,1,0,0
48,225413,5,1,3732,1,0,1,0
41,442333,4,3,5506,1,1,1,0
41,400827,5,5,7227,1,1,1,0
43,403075,1,2,5640,1,1,1,0
50,384763,2,3,5254,0,1,1,0
49,462811,4,1,4838,1,0,1,0
44,340000,0,2,6213,1,1,1,0
41,400993,2,4,2139,0,1,1,0
27,364856,3,1,2214,0,1,1,0
55,361838,2,4,3421,0,1,0,0
41,126973,3,3,1710,1,0,1,0
32,437910,5,4,5224,1,1,1,0
47,92931,4,5,1789,1,0,0,0
41,361625,0,2,6891,1,1,1,0
36,219843,5,1,4360,0,1,0,1
20,414369,1,3,3209,1,0,1,0
30,382874,5,1,6451,1,1,1,0
50,315198,5,0,5808,1,1,1,0
21,291666,4,4,2767,1,0,1,0
24,387276,0,4,5987,1,1,1,0
52,462762,2,2,1541,1,1,0,1
42,80453,0,4,1525,1,1,0,1
43,413176,3,4,4420,1,0,0,1
46,201499,1,5,4160,1,1,0,1
47,337004,0,3,5243,1,1,0,1
23,78119,5,2,1984,1,0,0,0
52,336328,3,1,3668,1,1,0,0
37,278087,0,1,2579,0,1,0,1
44,323845,3,3,6520,1,1,1,0
20,311655,3,2,4076,0,1,0,0
44,175080,5,4,1637,0,1,1,0
42,256885,3,3,4645,1,0,1,0
49,331499,2,3,4797,0,1,0,1
35,240466,1,3,1500,1,1,1,0
25,81069,0,3,2456,0,0,1,0
33,296035,0,4,5938,1,1,1,0
21,343561,2,1,1766,0,0,0,1
41,230124,5,0,1796,1,1,0,1
56,182366,1,3,3516,1,1,0,1
25,479647,0,2,3168,1,1,0,1
32,80376,4,2,3781,1,0,1,0
20,405490,4,3,6064,1,1,1,0
52,73093,3,1,4732,1,0,0,0
56,265929,5,3,2240,0,1,0,0
54,235925,4,2,4321,1,1,1,0
49,224576,2,5,1913,0,0,1,0
34,245627,5,5,4790,1,1,0,1
32,421225,0,0,6436,1,1,1,0
34,461804,1,1,2609,0,1,1,0
54,323105,3,3,2939,1,1,0,1
47,155005,5,1,4578,1,1,0,1
52,176481,3,1,4783,1,0,1,0
29,460600,5,4,1903,1,1,0,1
24,237106,3,1,2417,1,1,1,0
36,273162,2,3,1559,1,1,0,1
33,86442,3,5,4413,1,1,0,0
55,488043,5,4,4559,1,0,0,0
43,305597,4,1,6498,1,1,1,0
45,403242,4,0,5220,1,1,1,0
24,402176,4,3,5856,1,1,1,0
53,477540,3,5,6131,1,1,1,0
45,247983,0,4,4367,1,1,1,0
52,373649,3,1,4564,1,0,1,0
52,206692,0,3,4267,1,1,1,0
56,122887,5,5,4599,0,1,1,0
48,170098,3,0,1655,0,0,1,0
25,260315,4,5,4609,0,0,1,0
53,457472,3,0,3015,0,1,1,0
29,438175,0,0,4932,0,0,0,1
25,343993,5,0,3860,0,1,1,0
21,243459,0,2,2487,1,1,0,1
29,214958,0,3,2837,1,1,1,0
31,348522,1,1,6488,1,1,1,0
54,350830,4,1,5394,1,1,1,0
50,208120,0,1,4651,1,0,0,0
50,117648,0,5,2913,1,1,0,1
37,225739,0,2,4965,1,1,1,0
52,85101,2,1,5293,0,1,0,1
30,418618,1,5,4344,0,0,1,0
46,283042,2,1,1848,1,1,0,0
52,74196,1,5,2722,1,1,0,1
54,393430,5,2,4741,0,1,0,1
52,213850,2,5,5232,1,1,0,1
20,203009,5,0,3805,1,1,1,0
37,390829,5,5,2786,0,1,1,0
34,326695,5,2,1682,1,0,1,0
23,443031,3,1,5021,1,1,1,0
35,421636,4,1,4160,1,1,0,1
53,400427,5,0,1632,0,0,0,0
47,190269,3,4,5337,1,1,0,0
26,410431,4,4,4426,1,0,1,0
47,136145,1,2,4390,0,1,0,1
35,382619,5,2,6964,1,1,1,0
46,370641,5,3,5734,1,1,1,0
23,257393,2,1,6240,1,1,1,0
36,109396,2,5,3546,1,1,0,1
32,290197,3,3,6575,1,1,1,0
50,224257,3,1,3966,0,1,1,0
36,361138,0,5,2100,0,0,0,1
38,330919,2,4,7085,1,1,1,0
37,474288,5,1,5265,1,1,1,0
54,225233,1,3,3868,1,0,1,0
37,483781,2,1,2446,0,0,1,0
42,296589,1,5,7027,1,1,1,0
26,388987,5,5,3266,0,1,1,0
25,67027,4,5,2972,1,0,1,0
53,278872,1,4,5249,1,1,1,0
22,231135,0,1,5053,1,0,0,1
38,280832,2,3,5505,1,1,1,0
24,165417,0,5,3623,1,1,0,1
28,164473,4,1,3102,0,1,1,0
24,132248,4,0,3679,0,1,1,0
55,309100,5,4,4335,0,1,1,0
27,354430,0,4,5578,1,1,1,0
42,164003,2,1,1743,0,1,1,0
50,174800,5,5,2099,0,1,1,0
33,378790,0,4,1838,1,1,0,1
54,428658,3,2,2570,0,1,1,0
50,85090,3,5,2897,0,1,1,0
34,340158,5,3,3864,0,1,1,0
38,472256,2,1,6216,1,1,1,0
56,481328,2,2,3240,1,0,1,0
38,410480,1,3,7037,1,1,1,0
22,292441,4,3,2211,1,0,1,0
54,340909,0,1,2453,1,1,0,1
25,223897,2,5,2112,1,1,1,0
24,375531,3,1,7111,1,1,1,0
30,400948,3,4,3718,0,1,0,1
56,343382,2,0,5915,1,1,1,0
44,163756,3,3,1741,1,0,0,1
47,289085,4,1,4145,1,0,0,1
42,68237,0,0,3603,0,1,0,0
31,222244,5,4,2828,1,1,1,0
51,385561,4,3,3362,1,1,0,0
47,206685,0,5,5390,0,1,1,0
42,199299,2,4,2992,1,0,1,0
22,256274,2,5,2369,1,1,0,1
27,308577,1,1,7026,1,1,1,0
49,208011,5,4,2525,1,0,1,0
34,310360,1,4,2507,0,1,0,1
39,455418,5,4,6070,1,1,1,0
44,247227,1,4,3323,0,1,1,0
43,300279,1,0,4129,0,1,1,0
30,335414,4,2,5594,1,1,1,0
46,369730,4,5,5438,1,1,1,0
30,396037,5,0,5392,1,1,0,1
28,341761,5,2,3310,0,1,1,0
54,131425,1,3,3391,1,0,0,1
53,418604,3,1,6218,1,1,1,0
40,271536,2,3,5415,1,1,1,0
21,456285,0,3,2920,0,1,0,1
52,357476,2,4,3617,1,0,0,1
55,354363,0,0,1838,1,0,0,1
29,249701,5,4,3697,0,0,1,0
39,230435,5,5,3405,0,0,1,0
39,348811,0,2,3144,0,1,1,0
39,165129,3,3,3126,0,1,0,0
52,440960,3,1,5152,0,0,1,0
31,452868,3,4,2902,1,1,0,1
22,392756,1,0,2310,1,1,0,0
52,336596,2,5,3077,0,0,1,0
23,159647,4,5,5108,1,1,0,1
50,65216,3,1,4655,0,1,0,1
33,265884,3,1,5268,1,1,1,0
26,309910,1,1,1507,1,0,0,0
41,465962,4,0,4701,1,1,0,1
52,366648,5,5,3954,1,1,0,0
36,382182,1,0,5058,1,0,0,0
25,294015,3,5,4829,1,0,1,0
50,312022,3,4,5287,0,1,1,0
46,228345,0,5,3677,1,0,1,0
21,166678,0,1,5394,1,1,0,0
53,242684,1,4,2872,1,0,1,0
28,242097,1,3,4884,0,0,1,0
43,162074,3,4,3542,0,0,0,0
38,487297,1,4,2410,1,1,0,1
41,328495,1,2,4122,1,1,0,1
26,300733,1,4,2295,1,1,0,1
31,208251,4,4,3534,1,1,1,0
30,176542,1,0,4950,0,1,1,0
27,108486,2,3,2862,1,0,1,0
49,471322,4,4,5382,1,1,1,0
26,157713,1,2,4692,1,0,0,1
51,240605,1,4,2948,1,1,1,0
39,71099,5,2,2151,1,0,1,0
39,284798,4,4,6023,1,1,1,0
34,404877,4,4,4065,1,0,0,1
24,182645,0,5,4166,0,0,0,1
51,380393,3,3,1953,0,1,1,0
37,300305,5,0,3498,1,1,0,1
54,281081,2,5,6947,1,1,1,0
38,360103,2,5,2685,0,1,1,0
29,415697,3,5,4866,0,1,0,1
21,253675,2,2,4993,1,1,1,0
35,254148,2,1,5789,1,1,1,0
41,91961,4,5,2299,1,0,0,1
39,273526,0,4,1754,0,1,0,0
26,417770,5,2,2250,0,1,1,0
37,307129,3,2,4153,1,1,0,0
47,414683,3,1,5124,0,1,1,0
20,359471,1,0,5034,1,1,1,0
32,300876,2,4,2211,0,0,0,1
35,336589,2,2,6473,1,1,1,0
26,457686,5,4,3000,0,1,0,1
27,198325,4,5,2941,0,1,1,0
30,204141,0,0,5332,1,1,1,0
52,467424,2,5,6998,1,1,1,0
28,348756,3,3,6928,1,1,1,0
21,244284,2,2,4659,1,1,0,0
33,329398,5,1,7094,1,1,1,0
21,250321,4,1,6837,1,1,1,0
35,292721,4,2,6147,1,1,1,0
56,237001,2,0,2516,0,1,1,0
32,253531,0,5,6012,1,1,1,0
45,410254,2,3,6487,1,1,1,0
39,232421,0,4,2978,1,1,1,0
27,488327,0,4,3741,1,1,0,1
22,179771,2,5,4692,1,1,0,0
55,448101,3,3,5780,1,1,1,0
47,469613,5,1,2173,0,1,1,0
34,462947,2,1,4092,1,1,0,1
22,239952,5,1,4047,1,1,1,0
34,447423,0,4,7078,1,1,1,0
23,384562,0,3,3412,0,0,1,0
55,371518,5,2,4624,1,1,0,0
55,83991,3,1,2687,0,0,1,0
48,409445,1,5,2356,1,0,1,0
42,191854,3,0,2453,0,1,1,0
29,487293,2,0,3400,1,1,0,1
52,120971,0,0,4749,1,1,0,1
29,194206,1,2,4647,1,0,0,0
21,343012,0,3,1486,0,0,1,0
28,331121,4,3,6569,1,1,1,0
54,411820,5,5,5306,1,1,1,0
39,96724,3,5,4679,0,1,0,1
28,393697,4,2,5344,0,1,0,1
43,457720,5,0,4590,0,0,0,1
45,259588,1,2,2540,1,1,0,1
29,275343,0,1,4921,1,1,1,0
21,116052,4,0,2245,0,1,1,0
48,69368,3,0,4772,1,1,0,1
35,249740,4,0,2976,1,1,1,0
30,357093,4,2,4934,1,1,0,1
31,245560,2,1,5351,1,1,1,0
36,240799,0,4,2106,0,1,1,0
40,469099,3,3,1933,1,0,1,0
27,403579,4,3,4813,1,1,0,1
38,68123,4,3,5156,1,1,0,1
38,445309,4,3,2427,0,0,1,0
52,258225,3,2,3333,1,1,0,1
26,480489,3,3,5887,1,1,1,0
37,264516,1,2,4003,0,1,0,1
44,452267,1,5,3459,1,0,1,0
43,257072,0,2,6136,1,1,1,0
32,397619,3,3,2084,0,0,1,0
23,301567,5,1,2407,1,1,0,1
56,192179,3,2,4253,1,0,0,1
29,252381,0,5,3511,0,1,1,0
53,231378,1,0,1687,0,1,0,0
48,332538,4,3,5303,1,1,0,0
55,438618,2,3,2733,1,0,1,0
54,409080,2,4,7148,1,1,1,0
54,94725,3,4,4913,1,1,0,1
38,313736,2,0,5788,1,1,1,0
32,440200,0,2,4184,0,0,1,0
38,486369,0,5,2327,1,1,0,1
34,469648,0,4,5246,1,1,0,1
43,475113,5,2,3674,1,0,0,1
34,349920,4,2,5568,1,1,1,0
25,118775,2,3,4096,1,0,1,0
35,454649,0,2,5351,1,1,0,1
41,392881,4,1,4479,1,1,0,0
49,284583,5,3,3293,0,1,0,1
35,429445,1,3,5111,0,0,0,1
34,181835,5,1,1622,0,0,0,1
39,232407,0,0,3537,0,1,1,0
46,122873,3,1,2932,0,1,1,0
31,393779,5,0,2290,0,1,0,0
23,231243,2,2,2699,1,1,0,1
54,236651,3,4,5125,1,0,1,0
34,104148,4,0,1865,0,1,1,0
24,425574,0,4,6570,1,1,1,0
44,261572,1,5,5867,1,1,1,0
33,341880,4,4,3097,0,0,1,0
29,294818,0,2,2140,0,1,0,1
48,366020,1,3,7126,1,1,1,0
50,361277,0,1,2735,1,1,0,1
56,238905,0,3,4016,0,1,1,0
45,395630,0,3,2778,0,0,0,0
56,137577,3,2,5174,0,1,1,0
21,243786,1,2,4691,1,0,0,1
44,339935,0,5,6639,1,1,1,0
35,260936,2,4,3521,0,1,1,0
28,77971,5,4,1626,0,0,1,0
46,162790,0,0,4922,0,0,1,0
38,167252,2,1,1539,0,1,1,0
47,250969,5,5,5517,1,1,1,0
42,269687,4,5,5089,1,1,1,0
50,273112,3,5,6782,1,1,1,0
36,377484,0,3,5160,0,0,0,1
20,487241,5,5,2130,1,0,1,0
23,120434,2,1,1940,1,1,0,1
32,235629,3,2,4289,1,1,1,0
35,89865,3,1,5157,1,0,1,0
38,288238,5,2,6665,1,1,1,0
31,195669,5,4,4053,0,1,0,0
48,440940,5,3,5938,1,1,1,0
26,472348,4,1,3988,0,1,0,0
38,465268,5,4,6764,1,1,1,0
27,441144,1,1,2830,1,1,0,1
36,101595,3,2,2856,0,0,0,0
54,291490,3,5,3263,0,0,1,0
54,489314,1,5,2031,0,1,1,0
29,145020,4,5,3639,0,0,1,0
43,296920,3,4,4447,0,1,0,0
39,457095,4,1,4393,0,0,1,0
51,394223,5,3,5311,1,1,1,0
24,438674,1,1,5581,1,1,1,0
46,463938,1,0,2730,1,1,0,0
22,449534,0,3,5424,1,1,1,0
24,349213,3,5,2792,1,1,0,1
32,217235,4,0,2758,1,1,0,1
45,401790,3,0,2857,0,1,0,1
54,333027,3,5,5444,1,1,1,0
48,300545,1,4,6064,1,1,1,0
47,159214,2,4,3162,1,0,0,0
53,425707,4,4,3078,0,1,0,1
22,421538,2,3,5957,1,1,1,0
48,361648,4,5,3413,1,1,0,1
31,396066,2,1,3418,1,0,1,0
54,293540,0,0,1927,0,1,1,0
26,71851,2,4,1697,1,0,1,0
51,366637,2,1,5990,1,1,1,0
20,262786,1,2,6472,1,1,1,0
28,188314,3,3,2712,0,1,1,0
47,81086,3,3,4354,1,0,0,0
29,216589,3,2,1533,1,1,1,0
52,433257,3,4,1957,1,0,1,0
50,394981,4,2,5111,1,1,0,0
44,468048,3,3,5502,1,1,1,0
36,283394,2,0,6585,1,1,1,0
54,301696,1,1,5911,1,1,1,0
37,322608,1,3,1729,0,0,1,0
25,106937,4,1,3491,0,0,0,1
42,331559,4,2,4333,1,0,1,0
45,335347,3,1,7294,1,1,1,0
22,117773,5,4,3144,1,0,1,0
25,274776,3,4,6414,1,1,1,0
33,408753,1,2,7290,1,1,1,0
47,340396,2,2,5937,1,1,1,0
31,293643,4,4,2885,0,1,1,0
20,351153,2,4,2616,1,1,0,1
29,306233,1,5,5227,1,0,1,0
42,207627,2,4,2089,1,1,1,0
24,274484,4,5,5745,1,1,1,0
27,107674,0,3,4520,0,0,1,0
49,374048,0,2,1610,1,1,0,0
28,138867,1,3,1518,0,1,1,0
37,402722,5,3,7048,1,1,1,0
23,471256,1,4,1806,1,1,0,1
38,287480,4,3,4934,1,1,0,1
50,425551,2,3,4427,1,1,0,0
27,439097,1,2,5331,1,0,1,0
26,222788,1,2,2226,1,1,0,1
34,296784,5,1,5062,1,1,1,0
31,377752,4,2,6618,1,1,1,0
43,444915,3,2,4311,1,1,0,1
41,347351,1,5,3473,1,1,0,1
50,477072,5,2,4921,1,1,1,0
53,209481,1,5,4957,1,1,1,0
47,234450,2,1,4881,0,1,1,0
42,250588,5,0,5228,1,1,1,0
22,414835,5,0,6063,1,1,1,0
30,92888,5,1,3645,1,0,1,0
56,411950,3,0,5014,1,1,1,0
43,450356,1,4,6162,1,1,1,0
44,315734,4,0,3044,1,0,1,0
34,284890,1,3,4869,1,0,1,0
29,405057,1,2,4986,1,1,1,0
50,89583,3,5,4062,1,0,0,0
44,101623,5,5,3249,0,1,0,1
37,156021,1,0,3963,1,0,1,0
33,426767,0,2,1881,1,1,0,1
37,324945,2,0,3947,1,1,0,1
41,145691,2,5,2218,0,1,1,0
27,323147,2,3,5555,1,1,1,0
29,159202,4,3,3365,1,1,0,1
28,463585,5,2,5051,1,1,1,0
25,255718,2,4,2300,1,0,1,0
34,112291,5,1,1618,0,1,0,1
36,403112,0,1,5805,1,1,1,0
34,280410,3,0,6008,1,1,1,0
31,125642,4,5,2222,1,1,0,1
52,408532,0,0,2941,1,1,0,1
46,212404,3,3,3360,1,0,0,1
55,421252,2,4,6018,1,1,1,0
40,222367,4,3,1641,1,0,0,1
38,311185,4,4,1531,1,0,1,0
41,420468,5,4,5425,1,1,1,0
38,382004,3,1,5480,1,1,1,0
34,216341,3,0,2943,1,1,0,1
56,391276,3,3,5352,1,0,0,0
49,338555,5,0,1748,1,0,1,0
31,159612,3,1,2730,1,1,0,1
32,107453,2,4,5077,0,1,1,0
52,311247,0,4,3806,0,0,1,0
40,125660,1,0,5178,1,0,0,0
32,405596,4,0,5924,1,1,1,0
39,350397,3,5,1705,1,0,1,0
40,75468,3,2,2679,0,1,1,0
54,373747,1,1,6171,1,1,1,0
40,458660,2,2,6941,1,1,1,0
39,205161,1,3,2290,0,1,1,0
20,328992,4,4,6004,1,1,1,0
33,109678,0,2,3860,1,1,0,0
48,226281,0,0,4809,0,1,1,0
51,421281,0,0,5108,1,1,1,0
48,215042,1,1,2311,1,1,0,1
33,251824,5,1,4389,0,1,0,1
47,78098,1,4,4520,1,1,0,0
40,184944,2,4,5039,1,0,1,0
51,335854,1,0,7200,1,1,1,0
30,223904,2,4,3199,1,1,1,0
42,152518,2,3,2311,0,1,1,0
49,103458,2,3,3504,1,0,0,1
20,286431,4,4,2815,0,1,0,1
25,300538,0,0,5631,1,1,1,0
32,396938,2,2,3454,0,0,1,0
30,240862,4,1,2735,1,0,1,0
28,224252,1,5,2740,0,1,0,0
35,233883,0,1,4162,1,0,1,0
47,255468,0,0,5118,1,0,1,0
56,403114,1,5,5216,0,1,1,0
54,84506,1,3,4267,1,0,0,1
21,393154,1,1,6123,1,1,1,0
28,450313,3,2,2880,1,1,0,0
45,369080,0,2,2851,0,1,1,0
48,259740,4,2,5397,0,1,0,1
20,480735,4,1,6478,1,1,1,0
24,359843,0,4,1922,1,1,0,1
41,183417,1,0,3412,0,0,1,0
32,120228,2,0,4748,1,0,1,0
41,425376,1,0,3238,0,1,0,0
41,266659,1,3,5388,1,0,0,1
22,409110,4,4,5588,1,1,1,0
28,316273,2,5,2388,1,0,0,1
34,260272,5,3,6483,1,1,1,0
40,291169,3,2,5720,1,1,1,0
53,309345,4,4,3487,0,1,1,0
21,286795,4,1,4486,0,1,1,0
20,214919,4,0,3981,1,1,1,0
32,298554,3,4,6094,1,1,1,0
42,454969,0,3,7257,1,1,1,0
20,255246,5,1,5269,1,1,1,0
21,93813,1,4,2699,1,1,0,0
40,313039,0,5,5869,1,1,1,0
40,284991,2,4,3732,0,1,0,1
22,196059,3,4,4365,1,1,0,1
52,433618,5,1,5208,1,1,1,0
51,132280,5,1,2864,0,1,1,0
41,482844,4,5,5798,1,1,1,0
29,280487,4,5,6278,1,1,1,0
37,200894,2,4,1779,1,1,1,0
20,193177,4,2,2719,0,1,1,0
34,209446,3,2,3947,1,0,1,0
28,108118,2,4,2813,1,1,0,1
35,295988,4,5,7089,1,1,1,0
53,456018,3,2,5030,0,1,1,0
47,151489,4,0,1818,1,0,1,0
20,393078,5,4,7201,1,1,1,0
33,407437,0,1,4358,0,1,1,0
43,402390,4,4,4106,1,1,0,1
33,356522,3,4,5374,1,1,1,0
37,443547,4,3,4956,0,0,1,0
46,482085,2,3,5240,1,1,0,0
42,90073,2,5,2478,1,1,0,1
43,126857,0,3,4918,1,1,0,0
22,375995,3,3,1665,0,0,0,1
26,311394,3,2,3569,1,1,0,1
55,449169,1,2,2001,0,1,1,0
50,277072,1,5,4588,0,0,1,0
34,400612,0,4,5032,1,1,1,0
50,355112,4,0,5883,1,1,1,0
47,94853,5,4,3744,0,1,0,1
46,443070,3,3,4527,0,1,1,0
50,198387,0,2,4063,0,1,0,1
32,325806,1,1,4967,1,1,1,0
34,290616,0,5,3872,1,1,0,1
24,99749,1,3,2213,1,1,0,1
46,328905,0,5,4091,1,0,0,1
22,401551,2,3,2897,0,1,0,1
40,78605,5,1,4001,1,1,0,1
35,179185,2,0,2392,1,0,1,0
35,241275,2,3,3111,1,1,1,0
41,448611,3,5,3508,0,1,1,0
52,441393,3,4,3735,0,1,1,0
33,261948,4,0,6119,1,1,1,0
39,102249,5,4,2983,1,0,0,1
20,319069,3,1,5109,0,1,0,1
48,65108,0,2,3159,1,1,0,1
46,337172,0,4,3025,1,1,0,1
26,242485,1,0,2902,1,1,1,0
27,123955,0,4,4590,0,1,1,0
43,322625,0,4,2651,1,1,0,0
38,364142,2,4,5061,1,1,1,0
42,414314,1,5,3979,0,1,1,0
41,374039,5,3,4824,1,1,0,0
50,484925,1,2,4195,0,1,0,1
45,309344,4,0,5972,1,1,1,0
28,392125,5,2,3841,1,1,0,0
25,465009,0,0,3077,1,1,0,1
29,251640,2,5,2318,0,1,0,1
52,253049,5,2,7160,1,1,1,0
31,396801,4,2,1482,0,1,1,0
42,215306,3,2,1535,1,1,1,0
39,109102,0,1,3011,1,0,1,0
55,475268,2,0,5097,1,1,1,0
47,309236,4,5,4635,0,1,1,0
26,453233,1,1,1699,0,0,1,0
26,387855,5,1,3029,1,1,0,1
55,238750,5,4,3731,1,1,1,0
56,295982,2,5,2491,1,0,1,0
39,150650,1,0,3709,1,0,0,0
35,403936,5,1,5526,1,1,1,0
27,207510,2,2,5053,1,1,1,0
38,367997,4,2,3602,1,1,0,1
40,474616,2,0,2009,1,1,0,1
20,488291,5,1,4681,1,1,0,0
54,324939,0,1,5631,1,1,1,0
25,377368,4,0,6747,1,1,1,0
32,428057,0,5,5962,1,1,1,0
42,128689,0,1,3647,0,0,0,1
43,250335,4,0,5090,1,1,0,0
25,205064,5,1,1749,0,1,1,0
45,294275,5,4,6527,1,1,1,0
32,279018,5,2,7049,1,1,1,0
35,234199,5,5,3344,1,0,0,1
25,269250,4,5,6744,1,1,1,0
53,254652,1,3,5376,0,0,1,0
50,454505,4,4,1555,1,0,1,0
43,392334,1,0,4928,1,1,1,0
37,421986,0,4,5525,1,1,1,0
26,276504,3,4,4033,0,1,0,1
34,489696,5,5,2998,1,1,0,1
34,324617,0,4,5682,1,1,1,0
30,433873,4,1,2193,1,1,0,1
21,192695,1,2,2768,0,1,0,1
54,422023,0,1,5606,1,1,1,0
38,389967,5,0,2912,1,0,0,0
20,345199,1,2,5261,1,1,1,0
47,446889,0,3,7160,1,1,1,0
54,209990,4,4,3542,0,1,1,0
44,221066,2,4,4680,0,1,1,0
20,179646,1,0,2714,1,1,0,0
46,222207,2,3,2116,0,1,0,1
41,461874,3,2,6581,1,1,1,0
47,275961,2,5,2354,1,0,0,1
55,391645,1,5,6677,1,1,1,0
44,242832,3,3,2940,0,1,1,0
40,401345,1,4,3210,1,1,0,1
39,475727,5,0,5318,1,1,1,0
46,260907,3,0,4170,1,0,0,0
51,334063,5,5,2002,0,1,0,1
42,475350,1,2,3578,1,0,1,0
56,79778,5,3,5311,1,1,0,1
56,326055,1,0,4857,1,1,0,1
36,145299,0,4,5008,1,1,0,1
32,194522,0,5,3974,0,1,1,0
48,138811,0,5,2316,1,1,0,1
32,363389,3,2,6029,1,1,1,0
50,447418,3,2,7018,1,1,1,0
49,123779,2,0,3115,1,1,0,0
25,235480,5,3,3814,1,1,1,0
27,477623,1,4,3292,1,0,1,0
37,123697,2,3,4558,1,0,0,1
27,303784,3,5,1939,0,1,1,0
42,237827,2,4,3280,0,0,0,0
33,108807,1,1,2199,0,0,1,0
30,360730,5,4,5898,1,1,1,0
55,440722,2,4,1978,1,0,1,0
49,373316,3,1,6684,1,1,1,0
23,120234,5,3,2110,0,0,1,0
52,275431,0,5,4726,1,1,0,1
25,415361,3,4,5236,1,1,1,0
56,445869,1,1,4080,1,1,0,0
49,131755,4,3,2023,0,1,1,0
29,321556,4,2,6265,1,1,1,0
54,393059,4,4,6341,1,1,1,0
51,366546,5,5,6952,1,1,1,0
31,372451,4,0,5730,1,1,1,0
20,409635,3,0,4492,0,1,1,0
22,177452,3,3,2702,1,0,1,0
29,210737,1,5,2672,1,1,0,1
32,191611,5,3,4923,0,1,1,0
43,489359,5,2,5006,0,1,1,0
20,471720,5,2,1516,1,1,0,1
37,417093,2,5,6499,1,1,1,0
25,401814,4,1,4611,0,1,1,0
42,217658,1,4,3662,1,1,1,0
37,411342,5,5,1748,0,1,0,1
20,485594,2,3,6247,1,1,1,0
32,318046,5,4,3818,0,0,1,0
40,203508,1,0,3349,1,1,1,0
22,174885,3,1,4994,0,0,1,0
23,160831,4,3,3887,1,1,0,1
28,489187,5,3,3193,1,1,0,1
51,214579,3,0,3861,0,1,0,1
43,210725,0,4,3839,1,1,1,0
37,215921,1,5,5256,0,1,0,1
52,243768,3,5,2727,0,1,1,0
34,131322,2,1,1520,1,1,0,1
25,332706,0,2,2844,1,1,0,1
41,442129,3,2,5501,1,1,1,0
55,107564,1,5,2635,1,0,0,0
56,401912,1,5,7213,1,1,1,0
41,292122,5,1,3313,1,0,0,0
30,317004,4,0,4331,0,1,0,1
55,73654,2,0,1697,1,1,0,0
35,165247,4,4,4042,0,1,0,1
22,166110,1,1,1773,0,1,0,1
41,219127,4,2,4192,0,0,1,0
51,373014,0,0,6305,1,1,1,0
32,450701,0,0,4210,1,1,0,1
21,297689,5,2,3424,1,1,0,1
25,326143,4,3,1506,0,1,1,0
48,263017,2,5,5468,1,1,1,0
48,94507,4,1,5214,0,1,0,1
52,282794,5,0,4549,0,1,1,0
46,163363,5,4,3153,0,0,1,0
38,137101,0,0,3209,0,1,1,0
45,198011,3,1,3186,1,1,0,0
43,222012,3,1,5100,1,1,1,0
40,307274,1,1,7027,1,1,1,0
51,256041,5,2,6814,1,1,1,0
26,171315,0,1,3208,0,1,0,1
41,186225,0,4,2349,0,1,1,0
30,297913,1,4,1576,0,1,0,1
31,248427,5,3,2950,0,1,1,0
43,284213,2,2,6908,1,1,1,0
55,189049,4,2,4926,0,0,1,0
20,421538,1,2,1517,1,0,0,0
21,371578,5,4,2403,1,1,0,0
39,402420,2,0,6882,1,1,1,0
45,409903,1,3,2687,1,1,0,1
45,276185,1,2,5289,1,1,1,0
51,67060,5,5,1741,0,1,0,1
31,412836,4,1,3249,0,0,1,0
46,107924,0,2,3118,1,1,0,1
23,102437,0,1,3283,0,1,1,0
54,310037,4,0,6448,1,1,1,0
53,360931,4,1,6328,1,1,1,0
49,256339,1,0,4955,0,1,1,0
54,392718,5,2,2389,1,1,0,1
53,428474,3,1,5298,1,1,1,0
22,226626,0,3,4200,1,1,1,0
43,459068,2,2,4572,1,1,0,1
56,148760,4,4,2942,1,1,0,1
35,199561,1,3,5319,0,1,1,0
36,269167,0,5,2637,0,0,0,0
46,358400,0,1,3467,1,0,1,0
44,421667,3,1,1597,0,0,0,0
49,367853,5,3,5926,1,1,1,0
43,184236,4,1,5215,1,0,1,0
26,276243,2,3,6027,1,1,1,0
55,142838,4,5,2728,0,1,1,0
35,189775,5,1,2286,1,1,0,1
36,216459,5,1,4837,0,0,1,0
33,353316,0,3,1808,1,0,0,1
23,241005,3,4,4836,1,1,1,0
54,257641,1,4,6326,1,1,1,0
35,343515,0,3,5999,1,1,1,0
21,353726,5,3,2152,1,1,0,1
55,191216,3,4,4244,0,1,1,0
28,438486,3,2,2106,0,1,1,0
54,196916,1,3,2973,1,0,1,0
36,335966,2,3,3107,1,1,0,1
24,307909,2,3,2459,0,1,1,0
38,245046,2,4,3511,0,1,1,0
29,169751,0,3,1943,0,1,1,0
20,362862,4,2,3707,1,0,1,0
41,174579,4,5,4699,0,1,1,0
31,364945,4,3,5399,0,1,1,0
29,405081,1,4,3792,1,0,1,0
47,279062,3,1,4134,1,1,0,1
38,340857,4,5,1918,0,1,0,1
53,174309,4,5,3582,0,1,1,0
47,386584,5,1,6437,1,1,1,0
43,239739,4,0,1926,1,1,1,0
23,419223,1,2,1769,1,0,1,0
35,273343,2,2,6894,1,1,1,0
24,486079,2,3,5056,0,1,1,0
49,249790,5,4,4342,0,0,1,0
28,374325,0,1,7284,1,1,1,0
23,459960,0,2,4284,1,0,1,0
26,227397,5,0,3082,1,1,0,1
39,342716,1,0,6468,1,1,1,0
42,311404,4,0,7067,1,1,1,0
33,357485,0,3,1702,1,0,1,0
46,225564,5,1,3306,1,1,1,0
50,280337,2,2,3564,1,1,0,1
45,475430,3,2,6796,1,1,1,0
47,303420,1,3,5328,1,1,1,0
20,276047,5,3,5131,1,0,0,1
27,218252,2,5,1626,1,1,0,0
29,289112,3,0,1941,0,1,0,1
50,170239,0,0,1503,1,1,0,1
42,424085,0,2,5366,1,1,1,0
32,355115,1,1,4874,1,0,1,0
41,263477,4,2,6283,1,1,1,0
44,342573,1,2,1749,1,0,1,0
34,206976,4,0,3377,1,1,1,0
36,368681,4,3,4196,1,0,0,1
38,145352,3,3,2451,1,1,0,0
27,343616,5,3,5025,1,0,1,0
29,366034,1,4,4125,1,0,1,0
49,141289,2,3,4397,0,1,0,0
54,342997,2,3,6492,1,1,1,0
35,263663,1,5,6901,1,1,1,0
34,332272,3,0,6178,1,1,1,0
25,358097,0,4,4627,1,0,1,0
52,416049,1,2,2472,1,1,0,1
47,365169,2,5,4765,1,1,0,1
53,129780,0,4,2632,0,0,1,0
40,232125,2,4,4952,1,1,1,0
40,400307,3,1,3179,1,0,1,0
24,196856,1,4,3189,1,0,1,0
29,429503,2,1,4055,0,1,1,0
55,361129,4,1,4367,1,0,1,0
47,226854,0,2,4234,1,1,1,0
25,401859,0,1,1667,1,0,1,0
52,314350,5,2,3571,0,0,1,0
46,454420,2,5,5254,1,1,1,0
29,454900,5,1,4401,1,1,0,1
31,335963,3,3,3940,0,0,1,0
32,109840,4,2,2773,1,1,0,1
25,309369,0,0,4954,1,1,1,0
26,479194,1,2,5590,1,1,1,0
38,295096,1,4,2111,0,0,1,0
20,424252,3,3,5183,0,1,1,0
22,108071,5,3,2653,1,1,0,1
44,297665,3,5,7226,1,1,1,0
51,300561,3,4,5356,0,1,0,1
31,417239,3,3,5657,1,1,1,0
39,231264,2,1,3433,1,1,1,0
45,109203,1,1,3795,1,1,0,1
35,338211,1,4,4149,1,1,0,0
27,471893,1,1,5215,1,1,1,0
55,121235,0,3,2097,1,1,0,1
31,485688,5,3,6017,1,1,1,0
51,295897,2,2,2190,0,1,1,0
55,259273,4,2,1550,0,1,1,0
31,80811,3,5,5387,1,1,0,1
45,235446,0,1,3187,1,1,0,0
47,469750,3,0,3803,1,0,0,1
32,266538,3,1,5801,1,1,1,0
28,85595,0,5,1659,0,1,1,0
51,320398,3,1,2524,0,1,0,1
41,280346,2,2,5100,1,1,1,0
35,398795,2,0,5316,0,1,0,1
47,136113,0,3,2133,1,0,0,1
45,278564,0,5,4948,1,1,1,0
38,86566,1,0,3377,0,1,1,0
24,222798,1,0,3862,1,0,1,0
37,397721,4,1,2806,0,1,0,1
35,360343,0,2,5439,1,1,1,0
23,399734,1,5,3194,0,1,1,0
53,68898,2,3,2780,1,1,0,0
23,236161,4,3,2813,1,1,0,1
43,203595,2,5,4570,1,0,1,0
38,192412,4,1,4903,1,0,1,0
26,394472,3,4,5900,1,1,1,0
32,376129,3,3,5199,0,1,0,1
28,170861,3,1,5148,0,0,0,1
22,368572,0,3,1817,0,1,0,0
27,263680,5,5,1761,1,1,0,1
54,270269,0,4,5196,1,1,1,0
49,273228,0,3,5657,1,1,1,0
40,393349,1,5,5282,1,1,1,0
46,405384,1,3,4580,0,1,1,0
30,192110,1,1,2684,0,0,1,0
23,438523,1,1,7135,1,1,1,0
55,375346,3,1,5517,1,1,1,0
34,360798,1,5,6196,1,1,1,0
26,287856,1,3,5671,1,1,1,0
56,144276,1,5,4780,0,1,0,1
38,206192,4,4,3052,1,1,1,0
24,334043,5,0,5368,0,1,1,0
35,233080,4,1,4993,1,1,0,1
33,417781,0,5,2979,1,1,0,1
31,235702,5,1,1475,1,1,0,1
31,425877,4,3,5236,1,1,1,0
34,431065,5,4,5947,1,1,1,0
28,470829,4,5,1948,1,1,0,1
53,331598,5,2,5358,1,1,1,0
31,353350,2,0,6208,1,1,1,0
47,371921,1,0,7134,1,1,1,0
22,415936,5,2,5176,1,1,1,0
33,340820,1,5,6547,1,1,1,0
56,279046,2,1,1562,1,1,0,1
48,425564,4,1,6619,1,1,1,0
40,382310,1,0,2327,0,1,0,1
27,330632,4,0,6922,1,1,1,0
51,161575,1,1,4325,1,0,0,1
45,104868,3,1,1852,0,1,1,0
50,354710,5,2,6362,1,1,1,0
44,353351,4,5,2289,1,1,0,1
54,452673,4,3,6804,1,1,1,0
49,436433,5,3,6769,1,1,1,0
38,139089,0,2,2911,1,1,0,1
36,201983,4,4,1538,0,1,1,0
46,261472,0,3,3251,0,1,1,0
44,363889,1,5,5437,1,1,1,0
35,393877,5,1,1755,0,1,0,1
48,232481,0,5,1549,1,1,1,0
27,477060,4,2,5073,1,1,1,0
53,213701,4,2,5280,1,1,1,0
33,127553,2,0,4415,0,1,1,0
28,430939,0,4,5196,1,1,1,0
40,375090,1,5,2883,0,1,1,0
20,451002,4,3,2694,0,0,0,1
51,158208,1,2,5107,0,1,0,1
37,161932,3,4,2571,1,1,0,1
41,150422,4,3,5052,0,1,0,1
28,487411,1,4,4295,0,0,1,0
28,282064,4,4,1719,0,1,0,0
29,255278,4,3,5425,1,1,1,0
45,168126,2,3,5150,1,1,0,1
45,204028,3,4,1667,1,0,1,0
21,217593,2,5,3827,1,0,0,0
30,264324,2,5,2731,1,0,1,0
24,147144,1,0,2727,0,1,1,0
22,208329,2,4,4481,1,1,1,0
33,85392,2,5,5157,1,1,0,0
49,444089,0,4,3459,1,1,0,0
43,488471,4,3,7056,1,1,1,0
23,472775,1,1,3617,1,0,0,1
47,277307,5,3,2229,0,1,1,0
43,348962,5,1,4762,1,0,1,0
30,280924,5,5,3314,0,1,0,1
25,445529,4,4,3188,0,0,1,0
26,465507,2,0,2176,1,0,0,0
55,333783,1,2,2248,0,1,1,0
26,183155,0,2,2537,0,1,0,1
26,488062,4,3,6190,1,1,1,0
40,407665,2,3,7131,1,1,1,0
51,78189,5,5,1770,1,1,0,1
40,440075,4,3,2261,1,1,0,1
32,118201,3,3,5181,1,1,0,1
47,409515,3,1,5154,0,1,0,1
56,377824,0,3,2377,0,1,1,0
52,447576,3,0,5081,0,1,0,1
27,250257,4,5,2709,1,0,1,0
25,327061,5,2,2035,0,1,1,0
32,369217,1,5,4373,0,1,1,0
23,430897,2,2,3222,1,1,0,1
40,120221,0,1,3142,1,0,0,1
30,221279,1,3,1809,0,1,0,0
23,163345,4,1,4560,1,1,0,1
39,254518,5,2,6662,1,1,1,0
47,172505,2,0,3023,1,1,0,1
51,294924,2,1,4519,0,0,1,0
43,469248,3,0,5543,1,1,1,0
53,329309,5,3,4599,1,0,0,1
48,465876,3,1,4696,0,1,0,1
40,259363,0,0,7133,1,1,1,0
47,203123,4,5,2333,1,0,1,0
43,326847,4,3,4961,1,1,0,0
41,243937,3,1,2971,0,1,0,0
39,356093,2,3,5962,1,1,1,0
20,380430,2,2,4980,1,1,1,0
20,190183,5,0,4490,1,1,0,1
56,299482,1,3,3401,1,0,0,0
38,220709,5,2,4643,1,1,1,0
48,470031,5,2,4645,1,1,0,1
27,261367,1,1,3301,0,1,1,0
56,193826,0,1,4866,1,0,0,0
34,226619,2,5,1926,1,1,1,0
22,265885,0,0,4187,1,1,0,1
27,449847,5,3,4260,1,1,0,1
55,206268,4,0,2718,1,0,0,0
53,337679,2,2,2694,1,1,0,0
33,204324,1,5,3934,1,1,1,0
23,383518,4,4,1606,0,1,1,0
27,177730,1,2,2016,1,0,1,0
40,446200,4,4,2200,1,1,0,1
44,238647,2,3,3569,1,1,1,0
28,378653,4,3,4925,1,1,1,0
30,340807,1,5,2144,1,0,0,1
41,428110,0,1,4773,1,0,1,0
32,331675,1,2,6129,1,1,1,0
28,172948,3,3,1611,1,1,0,1
55,412115,2,2,2967,0,1,0,1
28,325916,2,5,4935,0,1,0,1
50,436087,5,1,2298,0,1,1,0
36,317658,5,1,2046,1,1,0,1
33,213860,3,3,2040,0,1,0,1
54,250470,2,0,3268,0,1,1,0
25,456430,2,5,2235,1,1,0,1
27,227541,1,3,4502,1,1,1,0
42,389534,5,3,4266,0,0,1,0
25,323022,5,4,6840,1,1,1,0
29,122229,5,1,1895,0,0,1,0
35,207234,2,3,4205,0,1,0,1
45,119509,1,5,3423,1,0,1,0
32,224255,1,4,3072,1,1,0,0
39,192119,2,2,2636,0,0,1,0
40,316726,4,0,2941,1,0,1,0
20,366785,2,3,5652,1,1,1,0
40,468012,0,1,1818,1,0,1,0
39,439004,4,3,3778,1,0,0,1
55,90009,5,3,2972,1,1,0,0
36,345262,3,0,5990,1,1,1,0
52,428204,5,2,5528,1,1,1,0
50,372340,1,1,5410,1,1,1,0
34,299852,2,2,5054,0,0,1,0
23,476590,0,5,3522,0,1,0,1
36,293932,1,4,4610,1,0,1,0
52,359630,4,3,5371,1,1,1,0
26,408844,5,2,5826,1,1,1,0
43,274925,2,1,3607,0,1,1,0
23,347316,4,0,7076,1,1,1,0
22,283862,4,3,2981,0,0,1,0
33,418965,0,0,3120,0,1,0,0
46,401908,4,4,6375,1,1,1,0
49,437002,0,0,4005,0,1,1,0
51,273792,4,0,3758,0,1,0,1
51,283837,3,5,5136,1,1,1,0
44,79372,0,1,4925,0,1,1,0
47,286477,4,3,1634,1,1,0,0
49,353038,4,3,1489,0,1,1,0
23,450999,1,2,3519,0,1,1,0
38,417126,0,0,4912,1,1,0,0
52,289181,4,5,2270,1,1,0,0
29,254325,2,5,5034,1,1,0,1
20,73730,2,0,3585,0,1,1,0
38,447565,1,0,5356,1,1,1,0
53,313183,5,2,2806,1,0,1,0
54,354400,5,0,2604,1,0,1,0
36,275681,0,2,2716,0,1,1,0
39,332307,5,2,4924,1,1,1,0
56,447900,2,3,7114,1,1,1,0
51,134777,3,4,4015,1,0,1,0
29,295313,1,2,4078,0,1,1,0
21,382184,0,5,5566,1,1,1,0
23,450459,0,2,5783,1,1,1,0
29,298570,2,0,6709,1,1,1,0
47,119657,1,4,3948,1,1,0,1
46,172840,4,5,2373,1,1,0,1
41,343994,2,0,4228,1,1,0,1
56,111861,0,5,4181,1,0,1,0
25,238826,0,5,4142,1,1,1,0
30,422501,4,5,5002,1,1,1,0
24,200122,0,0,4886,0,1,1,0
27,85393,3,5,3195,0,1,1,0
42,289220,3,0,3291,1,1,0,1
56,401184,3,5,5418,1,1,1,0
44,333513,1,3,3107,0,1,1,0
22,157136,5,2,5171,0,0,1,0
49,319437,0,5,5121,1,1,1,0
22,220947,3,5,3368,0,1,0,1
54,73874,2,3,2518,1,0,0,1
45,265531,0,1,3562,0,1,0,1
29,309049,1,0,5227,0,1,1,0
46,380836,2,1,7201,1,1,1,0
22,229865,5,4,2935,0,1,1,0
33,276148,2,0,3799,1,1,0,1
38,482576,5,3,5755,1,1,1,0
45,427467,1,5,6676,1,1,1,0
38,340859,2,4,5099,1,0,0,0
45,451853,5,3,5298,0,1,0,1
41,443916,3,0,4993,1,1,1,0
46,350050,2,5,2959,1,1,0,1
28,225596,3,4,2848,1,1,1,0
54,347563,5,1,7213,1,1,1,0
29,80436,4,1,2697,1,1,0,1
29,236672,4,1,1583,0,0,0,1
31,421506,0,0,5687,1,1,1,0
37,104094,0,2,4100,0,1,1,0
44,376868,3,1,1824,0,1,0,0
43,419349,3,1,5920,1,1,1,0
56,264805,5,2,5005,0,1,0,1
46,226201,1,2,5304,0,0,1,0
46,107889,0,2,1556,0,1,1,0
35,243251,0,0,3209,1,1,0,1
46,450941,1,5,3240,1,0,1,0
35,219418,3,0,2189,0,1,1,0
36,158303,0,5,3308,0,1,0,1
41,440243,3,1,4548,0,0,1,0
48,328439,4,4,6638,1,1,1,0
34,347559,0,5,6244,1,1,1,0
48,256272,2,0,4503,1,0,1,0
52,268747,2,4,4576,1,1,0,1
56,473221,3,3,3344,1,0,1,0
36,471241,4,5,2738,1,0,0,0
40,310229,4,5,2336,1,1,0,1
38,394165,0,0,2831,0,0,1,0
43,161515,5,4,3598,0,1,0,1
26,325145,0,3,2201,0,1,1,0
39,354538,1,4,5701,1,1,1,0
31,152159,1,0,4875,0,1,0,1
54,248467,0,2,3039,0,1,0,0
44,180223,3,3,3758,0,1,0,0
55,324164,3,1,4264,1,1,0,1
26,126988,1,2,2288,0,1,1,0
46,321721,5,5,5531,1,1,1,0
44,184307,5,4,5223,1,0,1,0
25,273858,4,2,1709,1,0,1,0
44,299556,0,1,5464,1,1,1,0
30,151290,2,2,4777,1,1,0,1
55,280991,4,1,5269,1,1,1,0
30,158412,0,2,3365,1,0,1,0
34,370687,1,2,4474,0,0,0,0
22,375776,1,2,4172,0,1,1,0
32,219864,2,2,1475,1,1,0,1
44,315054,1,2,6088,1,1,1,0
28,281657,2,5,7106,1,1,1,0
49,467956,2,3,4917,0,1,1,0
26,383335,1,4,5073,1,1,1,0
54,253867,2,4,3062,0,0,1,0
21,312206,5,1,6988,1,1,1,0
23,230428,2,2,4917,1,1,1,0
45,99961,4,5,2166,1,0,1,0
26,438671,5,0,6325,1,1,1,0
33,427280,5,2,1947,1,1,0,1
40,452698,4,5,5588,1,1,1,0
53,439023,4,4,5306,1,1,1,0
39,252725,2,2,2865,0,0,1,0
28,469265,2,4,1737,0,1,0,1
44,427196,1,1,5035,1,1,1,0
43,262426,1,5,6822,1,1,1,0
28,454584,3,4,6970,1,1,1,0
27,282983,4,5,4735,1,1,0,0
44,412052,1,1,3993,1,1,0,1
43,448211,4,0,4927,0,1,1,0
54,371811,0,4,5195,1,0,1,0
47,362778,2,2,4162,1,1,0,1
39,217184,0,1,1761,0,1,1,0
28,401390,1,2,1469,1,1,0,1
39,378011,5,5,5391,1,1,1,0
20,348391,2,1,5254,0,1,1,0
47,318627,3,4,6626,1,1,1,0
51,204664,0,0,3018,1,0,1,0
21,107184,2,5,5192,0,1,1,0
56,336880,2,5,2510,0,0,0,0
21,90125,4,5,3307,1,0,1,0
28,368958,3,4,5040,1,1,1,0
48,300379,3,1,3173,0,1,1,0
21,234846,1,3,3247,1,1,1,0
38,474274,4,3,7312,1,1,1,0
53,223028,4,5,3469,1,1,1,0
49,122194,5,5,1944,1,1,0,1
47,212027,2,4,3847,1,1,1,0
41,270610,0,5,3659,0,1,0,1
28,312427,0,5,2044,1,0,1,0
27,66008,2,0,4775,0,1,0,1
41,93602,5,4,2888,0,1,1,0
37,349947,0,3,6801,1,1,1,0
24,195340,1,1,3110,1,1,0,0
52,126464,3,2,4031,0,1,0,1
32,402979,5,2,6444,1,1,1,0
49,240119,5,2,5186,0,0,1,0
32,281135,3,3,3008,0,1,1,0
29,104750,2,1,3510,1,1,0,1
46,81307,2,5,4370,1,0,0,0
35,362389,4,1,5721,1,1,1,0
37,280149,5,1,3964,1,0,0,1
45,345655,2,0,5508,1,1,1,0
37,250831,1,0,5160,1,1,1,0
24,133352,3,4,2697,1,1,0,1
56,204601,4,5,2994,0,0,0,0
44,456441,0,3,2440,0,1,0,1
35,461447,4,3,6172,1,1,1,0
39,478638,2,5,6843,1,1,1,0
38,449627,1,2,4544,1,1,0,1
37,437196,0,5,3575,0,0,0,1
52,361164,4,0,4427,1,1,0,1
25,153406,1,0,4349,1,1,0,1
31,407616,2,4,3942,1,1,0,1
35,330343,3,0,3828,1,0,1,0
44,394285,3,1,1735,1,0,0,1
44,83076,0,2,4866,0,1,0,1
29,430481,2,4,5789,1,1,1,0
50,246858,2,0,3830,0,1,1,0
30,270659,4,1,3039,0,1,1,0
41,389051,1,0,5068,1,1,1,0
20,238868,1,4,5269,1,1,0,1
31,86217,3,5,3848,1,0,1,0
22,190898,4,4,2619,0,1,1,0
47,414834,3,4,5296,1,1,1,0
32,290871,3,3,5282,0,0,1,0
51,213193,3,5,2990,0,1,1,0
40,447564,3,4,5094,1,1,1,0
53,362037,3,5,1811,0,0,1,0
42,98174,5,1,2398,1,1,0,1
27,238059,5,2,4842,1,0,1,0
48,248384,1,5,3230,0,0,1,0
53,345504,0,0,2885,0,1,0,1
48,368794,4,5,2034,1,0,1,0
48,335557,3,1,6715,1,1,1,0
24,392964,1,2,5276,1,1,1,0
48,356181,4,5,3151,0,1,1,0
21,487474,3,0,5038,1,1,1,0
23,253352,2,3,5400,1,1,1,0
33,225886,2,3,5416,0,1,0,0
48,477593,3,3,2716,0,1,0,0
33,229545,1,0,4698,1,1,1,0
28,392867,1,4,7114,1,1,1,0
41,342772,0,3,1709,1,1,0,1
27,342426,2,4,4102,1,1,0,0
34,304713,5,5,5711,1,1,1,0
37,100227,0,4,5305,1,1,0,1
38,434332,0,0,5397,1,1,1,0
30,134113,2,5,2237,1,0,0,1
26,86935,3,3,5139,0,1,1,0
39,210638,2,4,1559,1,1,0,1
32,65955,3,0,3219,1,0,1,0
47,321786,3,4,6192,1,1,1,0
34,225254,2,1,4941,1,1,1,0
30,281103,4,1,7063,1,1,1,0
40,223272,3,2,2982,1,0,0,0
29,350685,0,0,2254,1,0,1,0
32,405763,3,5,3352,0,1,1,0
44,298709,4,0,4632,0,1,1,0
20,370156,2,4,1675,0,1,0,1
26,469125,0,2,5970,1,1,1,0
50,334134,5,0,6095,1,1,1,0
23,467517,2,4,5101,1,1,1,0
32,177625,2,2,4317,1,1,0,1
32,334274,0,3,6539,1,1,1,0
47,398643,0,0,7008,1,1,1,0
40,479670,5,2,3593,0,1,0,1
55,443825,2,0,6553,1,1,1,0
40,225463,3,1,2066,1,1,1,0
27,66419,4,1,5366,1,0,0,1
45,391792,5,0,3495,1,1,0,1
26,346638,4,5,3901,0,1,1,0
22,166584,3,3,3619,1,1,0,1
48,419882,4,2,5290,1,1,1,0
35,417462,0,4,5270,0,0,1,0
26,152147,3,0,4430,1,1,0,0
38,453807,0,3,5595,1,1,1,0
49,152316,2,4,1578,1,1,0,1
36,454508,3,5,4514,0,0,0,1
56,215496,1,5,1837,0,1,1,0
48,185346,4,1,3551,1,1,0,1
52,388948,4,1,5009,1,1,1,0
35,196338,5,1,4021,1,1,0,0
50,409363,5,1,4838,0,1,1,0
48,389007,2,2,5389,1,1,1,0
38,408378,0,3,2347,1,0,1,0
34,451506,3,2,3720,0,1,0,1
28,290155,5,3,7227,1,1,1,0
50,473385,0,4,6948,1,1,1,0
48,380499,5,1,2333,0,1,1,0
23,106431,1,4,2972,1,0,1,0
20,271073,1,5,4888,1,1,0,1
21,477577,0,4,4552,0,0,0,1
26,345097,2,5,4317,0,1,1,0
51,73192,0,5,1530,1,1,0,1
36,315093,4,4,5135,1,1,1,0
31,348034,5,4,4074,0,1,0,1
25,235732,4,0,2529,1,1,1,0
34,398209,4,3,6001,1,1,1,0
35,279843,3,3,5272,1,1,0,1
56,230304,5,1,1790,1,1,1,0
48,458090,2,0,5854,1,1,1,0
26,125647,4,4,4118,0,1,1,0
23,436807,2,5,5789,1,1,1,0
37,454958,5,1,6647,1,1,1,0
39,83814,5,1,2597,0,1,0,1
29,217587,2,5,3284,1,0,1,0
45,411744,3,1,4785,1,1,0,1
26,245879,5,0,2179,1,1,1,0
50,208352,4,2,2738,1,1,0,1
55,449395,2,5,5356,1,1,1,0
48,485532,1,0,6043,1,1,1,0
22,326335,0,3,3302,1,1,0,1
51,450841,0,1,4998,1,1,0,1
22,400834,2,1,5171,0,0,1,0
52,434857,0,3,6451,1,1,1,0
38,108418,5,5,4210,1,0,0,0
47,438245,3,1,4410,0,0,1,0
55,319018,4,2,7130,1,1,1,0
22,379686,2,2,4823,1,0,0,1
42,447980,1,2,6534,1,1,1,0
34,379569,2,0,6215,1,1,1,0
23,379203,2,5,7256,1,1,1,0
20,228099,4,0,1655,1,0,1,0
26,242107,1,4,3709,0,1,1,0
22,185372,1,2,3385,1,1,0,1
32,284451,0,1,6339,1,1,1,0
47,468442,1,0,6162,1,1,1,0
29,435819,4,1,4739,1,1,0,1
43,256780,0,4,4243,0,1,1,0
21,86536,4,2,2583,1,0,1,0
29,119468,4,1,4242,0,1,0,1
47,460579,0,0,4498,0,1,1,0
54,295711,0,4,5404,1,1,1,0
26,388405,1,5,3997,1,1,0,1
55,407725,0,2,3100,1,1,0,1
55,242042,5,1,4664,0,1,1,0
54,150229,0,1,4170,0,1,0,1
44,293573,4,2,4429,0,1,1,0
52,265089,0,4,5738,1,1,1,0
33,315775,0,4,3522,1,1,0,1
39,346220,1,5,4268,0,1,1,0
48,455972,3,0,2726,1,1,0,1
50,292448,1,2,5695,1,1,1,0
43,475977,1,0,6076,1,1,1,0
30,209452,3,4,1599,1,1,1,0
20,403665,3,5,1747,0,1,1,0
51,200036,4,2,3779,1,0,0,1
27,230535,1,0,5231,1,1,0,1
32,381956,4,2,7273,1,1,1,0
34,239142,5,3,3350,1,1,1,0
33,244755,1,1,2621,1,1,1,0
35,201030,3,4,1603,1,1,1,0
45,481547,1,1,6947,1,1,1,0
35,374677,3,3,1868,1,1,0,1
31,72313,5,0,4819,0,1,0,1
55,71625,2,0,5137,1,0,1,0
30,461957,3,0,6137,1,1,1,0
20,417288,4,2,2880,1,1,0,1
43,294126,4,1,2612,1,1,0,1
34,270902,5,5,6336,1,1,1,0
43,369065,5,1,2379,1,1,0,1
53,269597,2,5,3089,0,0,0,1
27,428756,5,5,5060,1,1,1,0
20,209422,4,0,3231,1,1,1,0
29,454484,2,1,3706,0,0,0,1
43,403445,5,3,4603,1,1,0,1
35,418162,3,3,5940,1,1,1,0
47,247431,4,3,4446,1,1,0,1
54,143140,5,2,2836,0,0,1,0
29,390572,3,5,2099,0,0,0,0
20,462025,3,5,6139,1,1,1,0
31,80438,0,4,4870,1,0,1,0
48,196708,2,1,5226,0,1,1,0
36,113012,2,3,3270,0,0,1,0
56,347836,5,5,5780,1,1,1,0
34,329594,0,2,5998,1,1,1,0
47,378760,3,0,4287,1,0,0,1
39,307096,0,4,5157,0,1,1,0
20,212527,5,1,2121,1,1,1,0
35,436444,2,5,3198,1,1,0,1
28,316257,4,0,2309,0,1,1,0
32,289479,0,1,5724,1,1,1,0
35,241214,3,4,2986,1,0,1,0
27,462059,1,3,1738,0,1,1,0
32,310857,1,2,3211,0,0,1,0
49,469891,2,2,6030,1,1,1,0
53,122640,4,1,4097,0,1,0,1
24,67143,2,0,2257,0,1,1,0
24,326461,4,2,2366,1,1,0,0
22,339023,5,2,1513,1,0,1,0
26,272015,4,4,5610,1,1,1,0
30,70203,3,2,3604,0,1,1,0
29,352892,4,5,4222,0,1,1,0
43,357418,1,5,6317,1,1,1,0
22,83564,5,0,4873,1,1,0,1
30,119660,3,0,4886,1,1,0,1
30,314629,0,2,2597,1,1,0,0
54,86505,5,1,2069,0,1,0,1
37,95248,4,1,3190,1,1,0,1
47,484701,3,0,5043,1,1,0,0
51,199255,1,5,2191,1,1,0,1
44,270739,1,4,4037,1,1,0,1
40,447843,0,2,5304,0,1,1,0
53,468991,5,1,3951,1,0,1,0
38,459583,1,5,2322,0,0,1,0
49,276973,5,2,2376,1,1,0,0
28,457383,4,1,5742,1,1,1,0
29,216528,5,0,3534,1,0,0,1
51,415665,4,5,3504,0,1,0,1
27,462579,3,4,5999,1,1,1,0
44,210072,0,0,2523,0,1,0,1
39,332157,3,5,4148,0,1,1,0
52,364077,0,0,5321,1,1,0,1
52,462151,2,4,3544,0,0,0,1
40,266425,3,2,5360,0,1,1,0
23,345646,5,5,5326,0,1,1,0
20,176346,3,0,2180,0,1,1,0
29,288471,5,4,3935,0,1,0,0
45,72537,1,4,3674,1,1,0,0
54,474582,5,2,5001,1,0,1,0
53,301956,2,1,5116,1,1,1,0
32,222658,3,0,2057,1,0,1,0
42,411164,2,3,3009,0,0,0,1
47,208165,3,1,5186,1,1,1,0
29,437564,5,2,1956,1,1,0,1
24,452272,5,1,5223,1,1,1,0
27,230073,0,3,5168,1,1,1,0
54,328127,2,5,3263,1,1,0,1
20,409095,5,4,5823,1,1,1,0
46,126056,2,0,3854,1,0,0,0
43,371896,1,2,5877,1,1,1,0
42,225570,1,3,2579,1,1,1,0
27,261715,1,5,6542,1,1,1,0
25,434861,4,0,4688,1,1,0,0
29,72859,0,0,4057,1,0,0,1
25,240883,3,0,3561,1,1,0,1
39,428511,2,5,6864,1,1,1,0
34,388135,1,3,1587,0,1,1,0
45,319848,3,5,3147,1,0,1,0
20,333590,3,0,3729,0,0,1,0
28,334971,1,4,2251,0,1,0,1
36,278729,5,4,6193,1,1,1,0
27,361659,0,2,5293,1,1,1,0
48,416237,4,2,2077,0,1,1,0
54,266797,1,2,2244,1,0,0,1
33,454167,4,2,4717,0,1,0,1
35,202856,4,4,3541,1,0,1,0
31,193638,0,2,3092,1,1,0,0
41,151075,0,4,3201,0,1,1,0
50,79547,0,1,3275,0,1,1,0
32,216221,5,2,1634,1,1,0,0
29,152731,5,1,4831,1,0,1,0
36,275844,4,3,1825,1,0,0,1
29,101300,5,1,5196,0,1,0,1
26,84396,1,5,1879,1,1,0,0
26,325654,4,4,2361,0,1,1,0
34,291671,1,0,5955,1,1,1,0
23,260446,5,1,5766,1,1,1,0
48,257541,1,5,4814,1,0,1,0
44,300410,0,1,7054,1,1,1,0
51,235028,3,0,4220,1,0,1,0
51,413822,2,2,7304,1,1,1,0
43,246251,4,1,2588,0,1,1,0
29,147133,4,3,4730,0,0,0,0
29,198359,2,3,3812,1,1,0,0
26,201925,2,2,2063,0,1,1,0
33,263678,5,5,6753,1,1,1,0
39,454052,0,2,2764,0,0,1,0
35,127272,4,4,3748,1,0,1,0
24,381359,0,5,5307,1,0,1,0
25,264371,3,0,5030,1,1,0,1
30,328653,1,1,4757,0,1,1,0
41,186727,0,5,5024,1,1,0,1
49,300039,0,3,7223,1,1,1,0
25,484488,4,5,4503,0,1,1,0
42,174675,2,3,2009,0,1,1,0
21,347353,3,1,6667,1,1,1,0
23,316204,2,2,5010,1,1,1,0
26,320790,5,1,6166,1,1,1,0
39,402325,0,0,6943,1,1,1,0
23,285554,2,1,6619,1,1,1,0
28,142999,3,4,2373,0,1,1,0
31,88822,3,0,3031,0,0,0,1
40,282202,5,2,2257,1,0,1,0
52,256842,2,0,5028,1,1,1,0
38,314893,3,5,1768,1,0,0,0
21,332099,2,5,4847,1,0,1,0
27,403884,5,1,3050,1,1,0,1
43,203064,5,3,5272,0,1,1,0
27,413587,1,0,6092,1,1,1,0
24,291656,3,1,5496,1,1,1,0
45,227135,4,4,2322,1,1,1,0
30,462228,5,2,1951,1,0,1,0
41,310229,0,5,1903,1,0,0,1
46,440515,4,0,6780,1,1,1,0
32,418915,2,1,4119,1,0,1,0
38,217060,5,2,4676,0,1,1,0
40,199639,3,5,3718,1,1,0,1
39,166906,5,2,3849,1,0,1,0
29,239342,4,5,4349,0,1,0,0
54,77125,5,5,2084,1,0,1,0
44,295843,5,0,4927,1,1,1,0
39,363581,3,4,3107,1,0,1,0
40,84747,1,1,3294,1,1,0,1
56,474540,5,1,5307,1,0,1,0
53,434912,3,5,6451,1,1,1,0
28,329053,3,0,4238,1,1,0,1
47,477965,2,5,6167,1,1,1,0
26,364050,4,5,1890,0,0,1,0
40,424728,0,1,6041,1,1,1,0
29,255248,1,2,6049,1,1,1,0
22,481753,2,5,5149,1,0,0,1
48,88137,5,2,1820,1,0,0,1
43,446383,4,2,4805,0,1,1,0
39,238846,0,5,1770,1,0,1,0
29,246688,4,4,2670,1,1,0,1
34,354955,5,4,4430,0,1,1,0
39,485374,5,3,4542,0,0,1,0
53,341427,3,5,3175,1,0,1,0
33,268122,1,1,1825,1,0,0,0
56,276246,3,5,5546,1,1,1,0
51,417368,1,2,3586,1,0,1,0
50,458131,1,2,6267,1,1,1,0
22,412644,0,0,6143,1,1,1,0
21,412076,3,2,4174,0,1,0,1
56,428942,2,4,5768,1,1,1,0
20,193010,0,3,2966,0,1,1,0
25,256466,3,5,4850,1,1,0,1
24,379517,2,0,5254,0,1,1,0
40,309481,2,3,1964,1,0,1,0
21,299386,1,3,4527,0,1,1,0
43,230963,5,1,2882,1,1,0,1
50,310652,4,4,4500,1,1,0,1
22,384246,4,5,5500,1,1,1,0
48,303555,1,2,4948,0,1,0,1
21,450792,4,1,1529,0,1,1,0
46,456913,3,3,5107,1,1,1,0
27,446981,3,3,2872,0,0,1,0
23,178237,1,3,3911,0,0,0,1
44,180929,2,5,1740,0,1,0,1
21,337448,3,1,6063,1,1,1,0
36,205670,3,3,2231,1,0,1,0
37,397418,1,5,4152,0,1,1,0
21,391537,3,5,2617,1,1,0,0
56,473188,3,2,4922,1,1,1,0
27,379991,2,1,2904,0,1,0,1
32,363241,5,5,2031,1,1,0,0
34,350547,4,1,6421,1,1,1,0
55,383959,3,4,3931,1,1,0,0
27,307836,0,5,2568,1,1,0,1
42,169300,2,4,5034,1,0,1,0
40,244971,0,2,4638,1,1,0,1
38,373164,3,1,1769,0,1,1,0
48,272004,2,3,6612,1,1,1,0
26,445927,0,2,5151,1,1,1,0
55,188971,0,2,3184,0,1,0,1
54,275795,5,3,7066,1,1,1,0
47,455990,4,3,5080,1,1,1,0
51,204205,3,1,2230,0,1,1,0
51,359952,3,0,6536,1,1,1,0
49,373903,0,3,1887,1,0,0,0
42,472551,3,5,6577,1,1,1,0
39,415184,0,1,4404,0,1,0,1
40,293602,4,1,3785,0,1,0,1
24,297203,5,0,2316,1,0,1,0
51,114551,0,2,3872,1,1,0,1
38,92040,0,4,5158,0,0,0,1
26,288610,5,0,6673,1,1,1,0
32,189297,3,1,3645,1,0,1,0
34,185766,2,1,5129,1,0,1,0
55,253686,0,4,3029,1,0,0,0
38,154208,3,4,5053,0,0,1,0
21,251602,5,3,2560,0,1,1,0
20,405267,3,2,3070,0,1,1,0
40,403660,2,2,5514,1,1,1,0
39,261869,4,4,2326,0,1,1,0
49,150937,2,4,3572,0,0,0,0
29,437417,5,1,6937,1,1,1,0
50,143775,0,3,4320,0,1,1,0
39,287640,1,5,6338,1,1,1,0
23,258679,1,5,6195,1,1,1,0
23,422661,0,1,5368,1,1,1,0
45,418438,3,3,5272,0,1,0,1
31,141784,2,2,1503,1,0,1,0
49,246583,4,3,4084,0,0,1,0
42,342855,1,0,1677,1,1,0,1
49,480075,2,1,6219,1,1,1,0
31,267574,5,4,5714,1,1,1,0
48,459491,4,3,1505,0,0,0,0
21,348391,3,0,3394,1,0,0,0
54,325399,2,1,6784,1,1,1,0
44,301128,5,0,7222,1,1,1,0
23,302510,3,5,5732,1,1,1,0
39,261261,4,5,1904,1,0,0,0
38,306946,3,5,1986,1,0,1,0
21,254660,3,1,5396,0,0,0,1
47,244316,2,1,2647,1,1,1,0
51,306376,3,4,3435,0,1,0,1
42,86478,1,5,1860,1,1,0,1
24,475719,1,4,4801,1,0,1,0
27,459744,1,4,4893,1,0,1,0
32,273361,2,4,6284,1,1,1,0
31,167019,0,1,2648,0,1,0,1
53,470066,2,0,3708,0,0,1,0
54,390979,5,2,5077,1,1,1,0
21,486576,2,4,6029,1,1,1,0
23,361542,0,4,5627,1,1,1,0
26,73143,1,0,4124,1,1,0,1
21,109349,1,1,2341,1,1,0,1
35,247907,0,0,2509,1,1,1,0
31,429923,4,2,5298,0,0,0,1
55,320379,3,5,5440,1,1,1,0
24,238057,3,5,2117,1,1,1,0
50,337563,5,0,6679,1,1,1,0
42,427150,0,5,7174,1,1,1,0
50,276269,2,1,1876,1,0,1,0
55,488660,0,4,5784,1,1,1,0
21,418337,2,4,2716,0,1,0,1
54,336658,4,4,3759,0,1,0,1
21,403910,2,4,4706,1,1,0,1
52,326627,1,5,2852,0,1,1,0
41,404315,5,4,6727,1,1,1,0
49,487297,4,1,6940,1,1,1,0
34,308368,3,0,5298,0,1,1,0
45,459823,3,4,5249,1,1,1,0
35,487483,4,5,2619,0,1,1,0
40,410533,0,4,5371,0,0,0,1
45,122966,3,3,2258,0,1,0,0
53,234693,4,0,1614,0,0,0,1
30,84580,1,3,4098,1,1,0,0
27,346458,3,4,5461,1,1,1,0
54,466283,1,1,4141,1,1,0,1
25,389694,5,5,2754,0,1,1,0
27,216632,4,4,4794,1,1,1,0
45,481080,3,3,1906,1,0,0,1
52,489352,4,2,7143,1,1,1,0
26,475151,5,2,6068,1,1,1,0
20,321626,2,0,1553,0,0,1,0
37,224170,4,5,2699,1,1,1,0
37,472825,5,5,6318,1,1,1,0
25,306339,3,2,2320,1,0,0,1
25,119766,3,0,3610,0,1,1,0
34,204131,5,3,4124,1,1,1,0
21,217888,0,1,2488,0,0,1,0
31,209312,5,3,4791,1,0,1,0
21,245499,4,2,3677,1,1,1,0
21,489627,5,4,5277,1,1,1,0
52,413636,5,0,6780,1,1,1,0
55,407568,3,5,2883,0,1,1,0
31,142928,2,3,2113,0,1,0,1
31,107192,0,4,1922,0,1,0,1
53,227638,5,5,2350,0,1,1,0
56,156754,0,3,4751,0,1,1,0
40,466158,3,5,2857,1,0,0,1
54,325769,4,3,6900,1,1,1,0
51,253348,5,0,2963,0,1,0,1
34,304420,5,1,6935,1,1,1,0
41,272531,1,0,3181,0,1,0,0
31,416433,5,2,6356,1,1,1,0
23,281206,2,2,4932,1,1,1,0
27,315095,5,4,1956,1,0,1,0
29,211443,4,5,4493,1,1,1,0
21,131138,2,3,4604,0,0,1,0
50,255158,4,5,2813,1,1,0,0
23,177324,4,5,3786,1,1,0,0
34,423521,1,5,5654,1,1,1,0
36,300764,0,2,4164,1,0,1,0
33,437911,5,3,4007,1,0,1,0
47,366672,1,5,6788,1,1,1,0
51,280002,0,1,5172,1,0,1,0
21,452098,2,2,6055,1,1,1,0
51,335265,2,5,6024,1,1,1,0
21,309243,3,4,6588,1,1,1,0
38,239757,5,0,1838,0,0,1,0
26,267886,3,2,4970,1,1,1,0
47,367891,2,3,3990,1,1,0,1
39,453024,2,0,5985,1,1,1,0
21,424060,5,2,2957,0,1,0,1
25,380745,4,3,2250,1,0,1,0
44,154005,3,2,3725,0,0,1,0
36,431719,2,0,5630,1,1,1,0
56,352451,0,5,2443,0,0,1,0
21,444081,3,1,3694,1,1,0,1
28,444914,4,5,7026,1,1,1,0
38,264143,0,1,2799,1,0,1,0
22,240317,3,4,3646,1,1,0,0
30,230677,3,2,3995,1,1,1,0
49,65170,0,1,4214,1,1,0,0
41,384766,5,0,2230,0,1,0,1
29,75893,3,5,3843,0,1,0,1
30,284491,1,3,2131,0,1,1,0
25,228754,4,5,5068,1,0,1,0
38,268696,0,2,4209,1,1,0,1
35,377216,1,1,4154,1,1,0,1
30,357429,4,3,6139,1,1,1,0
27,366677,1,2,2259,0,1,0,1
37,475767,4,2,5464,1,1,1,0
36,425217,1,4,3365,1,1,0,1
38,486559,0,5,2456,1,0,0,1
23,220879,0,1,3319,1,1,0,1
31,402512,4,4,4949,1,1,1,0
29,460777,1,4,6810,1,1,1,0
45,168099,5,1,2692,1,0,1,0
34,128877,4,4,1596,1,1,0,1
23,346512,5,0,4115,1,1,0,1
23,483946,4,2,2330,0,0,1,0
55,204817,1,1,4648,1,1,0,0
39,224540,5,2,3323,1,0,1,0
39,260077,5,0,2670,0,1,1,0
42,254960,5,0,2367,0,1,0,1
56,163051,5,5,5109,1,1,0,1
51,423429,1,5,4839,1,0,1,0
31,267617,0,2,5470,1,1,1,0
46,180373,3,4,4843,1,0,1,0
21,313450,1,1,1976,0,1,0,0
47,419093,0,4,4956,1,1,1,0
37,160549,3,0,3699,0,1,1,0
33,251410,4,2,4828,1,0,1,0
21,412243,3,1,1822,1,1,0,1
30,310133,4,4,3329,1,0,1,0
34,149326,3,5,2953,0,1,0,1
53,302180,0,3,1611,0,1,0,1
27,261190,0,4,6957,1,1,1,0
32,284688,0,1,4931,0,1,0,1
34,363661,4,3,7133,1,1,1,0
32,248419,5,0,3094,1,1,1,0
44,145183,4,2,3479,1,1,0,1
40,459629,5,1,5182,1,1,1,0
44,440210,0,4,4542,0,1,1,0
30,176861,2,0,3837,1,0,1,0
56,284378,4,2,4150,1,1,0,1
38,435602,3,3,1741,0,0,0,1
52,428808,3,5,2799,0,1,1,0
33,443309,3,1,4573,1,0,0,1
45,119735,0,1,4780,0,1,1,0
31,452806,5,4,5292,0,1,1,0
35,431334,4,1,6037,1,1,1,0
44,327621,3,2,5384,0,1,0,1
37,354846,1,1,1511,0,1,0,1
25,427380,2,0,4940,0,1,0,1
46,247720,5,5,4780,1,1,1,0
28,105624,0,2,1480,0,1,1,0
47,307009,5,4,3250,0,0,1,0
45,331563,4,3,7259,1,1,1,0
45,196882,0,3,1474,1,1,0,0
47,229716,3,5,3379,0,1,1,0
48,420925,0,5,3077,1,1,0,0
22,274379,0,2,5602,1,1,1,0
35,406103,1,0,5479,1,1,1,0
48,168722,2,0,1966,0,0,0,1
40,354514,1,5,5885,1,1,1,0
24,309183,5,5,3788,0,1,1,0
43,237973,4,0,5183,1,1,1,0
26,370911,0,1,3721,0,1,1,0
51,146987,0,4,3302,0,1,1,0
34,381432,1,1,6596,1,1,1,0
55,211658,2,3,1786,1,0,1,0
43,292809,2,4,6904,1,1,1,0
37,405032,3,3,3923,0,1,1,0
50,488945,5,2,4980,1,1,1,0
29,242625,3,1,1679,1,0,1,0
46,314756,4,2,7107,1,1,1,0
46,391134,2,1,7218,1,1,1,0
51,390634,3,1,2658,1,0,0,1
50,470181,2,3,2577,1,1,0,0
45,180885,3,5,4897,0,1,1,0
28,485212,2,5,5186,1,1,1,0
48,456671,1,5,6695,1,1,1,0
54,222730,1,4,3256,1,1,1,0
26,433956,0,5,5351,1,0,0,0
34,339877,4,5,2904,0,1,0,0
50,479758,4,1,6954,1,1,1,0
36,355716,4,3,1478,1,0,1,0
53,290431,3,0,2897,1,1,0,1
47,239866,1,2,3922,1,1,1,0
42,471505,2,0,2507,0,1,0,0
56,120393,1,3,5102,0,1,1,0
23,319333,3,0,5110,1,1,0,1
31,481169,4,4,5877,1,1,1,0
37,321840,0,4,2429,0,1,1,0
31,418480,0,5,2838,0,0,0,0
31,254466,3,0,2788,0,1,1,0
46,343329,1,3,2673,0,1,1,0
48,334456,0,3,2596,1,1,0,1
30,449403,3,1,4395,1,0,0,0
39,72992,3,5,4696,0,0,1,0
36,152476,5,1,3464,1,1,0,0
38,341006,0,0,1484,0,1,1,0
46,119158,2,3,3254,0,0,1,0
53,296880,2,4,4903,1,0,1,0
43,389076,0,5,6769,1,1,1,0
40,373242,0,4,2389,0,1,0,1
53,300439,2,5,2583,0,1,1,0
31,191761,4,3,4668,1,0,1,0
32,397351,4,1,4212,1,0,1,0
22,427063,1,0,3340,1,0,0,1
40,260144,5,3,2459,0,1,1,0
38,445142,5,3,6008,1,1,1,0
54,373919,3,1,6498,1,1,1,0
20,343728,4,2,2566,1,0,0,0
37,366457,2,3,4771,1,1,0,1
33,182874,3,3,1981,0,1,1,0
25,374149,0,4,4120,0,1,1,0
29,486774,1,1,2766,1,1,0,1
23,248001,1,5,2940,1,1,0,1
52,477232,0,4,2749,0,1,1,0
33,445992,5,5,2533,0,1,1,0
22,477757,0,3,5768,1,1,1,0
53,193065,3,0,1837,1,0,1,0
29,268579,4,3,2211,1,1,0,1
30,128297,0,0,4916,1,1,0,0
44,258268,3,0,5052,0,1,0,1
45,290107,3,3,4038,0,1,1,0
52,461502,3,3,4758,1,1,0,1
26,179032,3,5,3888,0,0,0,1
42,342705,5,2,1787,0,1,1,0
40,433578,1,2,3680,1,0,0,1
30,400396,3,5,4672,1,1,0,1
38,307214,3,0,6661,1,1,1,0
36,421972,1,3,3542,1,0,0,1
47,121272,2,4,5017,1,0,0,0
25,279607,0,3,5007,1,1,1,0
55,393262,3,4,6194,1,1,1,0
54,483871,5,4,3647,1,0,1,0
44,347128,1,4,2908,0,1,1,0
55,215819,0,5,2453,1,0,1,0
23,204794,3,4,1698,1,1,0,1
36,195596,5,0,3423,0,1,0,1
28,484933,4,0,7302,1,1,1,0
44,333031,1,1,3728,1,0,0,1
39,387807,0,4,2792,0,1,0,1
29,116129,5,3,1974,0,1,0,0
54,337702,3,1,5017,0,1,1,0
31,211246,2,3,4778,1,1,1,0
37,308120,0,4,6076,1,1,1,0
54,197246,2,3,3209,1,1,0,0
55,277037,5,4,5239,1,0,1,0
32,388017,0,4,3299,1,1,0,1
37,214705,3,4,5215,1,1,1,0
51,197415,2,4,4241,1,0,0,1
31,310265,3,0,5294,1,1,1,0
48,382217,1,0,1870,1,1,0,0
56,281712,1,0,1485,1,0,1,0
39,179595,4,0,2572,1,1,0,1
47,205279,3,0,2417,0,1,1,0
53,259657,2,4,3708,1,0,0,1
21,72501,3,4,5247,1,0,0,0
25,258506,0,0,5192,1,1,1,0
38,263607,1,4,5385,1,0,1,0
56,359803,5,0,5354,0,1,0,1
31,308488,5,4,4679,1,1,0,1
45,244919,5,5,4844,1,0,1,0
51,100309,0,3,3241,0,1,0,1
20,438928,5,0,4450,1,0,1,0
44,308877,0,0,6670,1,1,1,0
45,215074,5,0,3716,0,1,1,0
51,355377,3,0,6476,1,1,1,0
43,156373,1,3,4248,1,0,1,0
53,296142,1,3,4446,0,1,1,0
31,209780,0,3,3914,0,0,1,0
35,325281,0,5,2994,0,0,0,0
44,347623,4,4,4109,0,1,1,0
22,322040,1,2,4169,1,0,1,0
21,267194,5,3,2375,1,0,1,0
41,322214,3,1,5592,1,1,1,0
43,453887,2,4,5330,1,1,1,0
51,111563,5,3,5325,1,1,0,1
28,324221,5,3,5235,1,1,1,0
28,275125,1,5,6552,1,1,1,0
33,356298,3,4,4008,0,1,1,0
56,443039,5,1,4930,0,1,0,1
53,472232,3,1,6850,1,1,1,0
21,282737,5,0,4126,0,1,1,0
23,348719,2,1,4067,1,1,0,0
22,335423,0,5,3301,1,1,0,1
54,353641,2,2,4842,1,1,0,1
38,214026,0,2,1850,0,1,0,1
50,384715,3,0,4657,0,0,1,0
44,456902,2,0,6026,1,1,1,0
46,213551,4,2,4941,1,1,1,0
30,245019,0,1,1830,1,1,1,0
37,418603,2,5,5918,1,1,1,0
27,258184,2,4,6189,1,1,1,0
54,436199,5,0,6500,1,1,1,0
28,399833,3,3,2397,0,1,0,1
42,261202,4,5,5341,1,1,1,0
49,393658,3,2,5543,1,1,1,0
25,466399,5,1,5483,1,1,1,0
29,441698,4,0,3650,1,1,0,1
30,289030,0,1,4051,1,0,1,0
40,487686,2,3,6451,1,1,1,0
56,446950,1,1,6826,1,1,1,0
41,486710,2,4,4538,1,0,1,0
27,81088,0,5,2761,1,1,0,1
52,137279,1,4,4698,0,0,1,0
40,285451,5,1,3095,1,0,1,0
24,449828,4,0,3683,1,0,1,0
52,427564,3,1,2203,0,1,1,0
29,364774,5,2,3266,1,1,0,0
20,452619,1,1,4436,0,1,0,1
30,321527,1,4,2751,0,1,0,1
31,226032,0,0,1495,1,1,1,0
25,318295,2,3,6623,1,1,1,0
50,243248,5,1,3525,1,1,1,0
46,318450,1,2,2651,0,1,0,1
52,449865,1,0,3360,1,1,0,1
24,383474,3,2,2177,0,1,0,1
20,230688,5,5,5338,1,0,1,0
56,489390,3,2,2401,1,0,1,0
42,129273,4,3,2781,1,1,0,1
29,201088,1,2,2500,0,1,1,0
25,202811,3,2,4103,1,1,1,0
20,351565,2,5,4273,1,0,0,0
50,439193,0,1,5148,1,1,0,1
22,306411,1,5,7134,1,1,1,0
21,245866,4,4,2637,1,0,0,0
30,213666,5,1,2143,1,1,1,0
40,280582,5,4,1618,0,1,0,1
25,381640,4,5,2198,1,1,0,1
32,307484,3,2,5131,1,1,1,0
51,298264,4,4,5969,1,1,1,0
25,184440,0,0,2554,1,1,0,1
31,329381,5,5,4521,1,1,0,1
48,349945,4,4,2979,0,0,1,0
32,396289,2,3,5014,1,1,1,0
26,433067,0,5,2719,0,1,0,1
49,373787,0,4,2800,1,0,0,0
53,380351,1,3,3297,1,1,0,1
33,198456,1,1,2998,1,1,0,1
23,368779,2,5,6841,1,1,1,0
38,432268,0,0,2760,0,1,1,0
47,161393,3,3,2976,0,0,1,0
36,343653,2,5,7250,1,1,1,0
21,393839,3,0,5002,1,1,1,0
26,299302,1,1,3490,0,1,0,0
20,458930,2,0,6714,1,1,1,0
40,410498,5,3,6580,1,1,1,0
24,413005,1,2,2394,1,1,0,1
29,282326,4,0,2246,0,0,0,1
29,388949,0,5,5503,1,1,1,0
56,271045,5,2,5148,1,0,1,0
35,191289,3,0,1720,1,0,1,0
38,165354,5,3,2617,1,0,1,0
20,349825,4,3,2929,1,1,0,1
32,431563,0,5,5144,1,1,1,0
34,186264,3,2,5120,0,1,0,1
30,202720,2,2,3750,1,1,1,0
53,212279,1,2,2734,1,1,0,1
34,357278,4,3,2639,1,0,1,0
21,412198,4,2,1569,0,0,0,1
39,285705,1,2,6864,1,1,1,0
27,108802,4,4,2987,0,1,1,0
44,390152,4,0,6951,1,1,1,0
55,80679,2,4,2764,0,1,1,0
41,363661,5,3,5488,1,1,1,0
46,73615,2,2,1978,1,1,0,1
40,294236,3,0,3853,1,0,0,1
22,377763,2,5,5588,1,1,1,0
20,263110,5,0,2893,1,1,0,0
53,305301,4,5,2053,0,1,1,0
32,125467,4,1,4906,0,1,1,0
28,449489,3,2,5773,1,1,1,0
24,329285,4,5,5567,1,1,1,0
30,209990,1,1,2470,0,0,0,1
50,316207,3,5,6538,1,1,1,0
20,412832,1,3,3456,1,0,1,0
56,190889,4,3,4490,1,0,0,1
31,356438,2,3,2291,0,0,0,1
43,480051,4,5,3261,0,0,0,1
27,389431,2,3,2456,1,1,0,1
51,310155,1,1,2759,1,1,0,1
23,185954,3,4,2795,0,0,1,0
54,478146,0,4,5932,1,1,1,0
47,409799,1,0,3019,1,1,0,0
25,368582,0,3,4538,0,1,1,0
45,204506,5,2,3709,0,0,0,0
23,317189,0,5,6699,1,1,1,0
32,435473,1,5,3409,1,0,0,1
28,354521,5,4,3031,1,0,1,0
24,464319,3,3,3934,1,0,1,0
53,132956,4,1,4045,1,1,0,0
51,363100,4,2,2405,1,1,0,1
40,66410,0,3,2269,1,0,1,0
37,446406,1,2,3004,0,0,1,0
37,368476,4,3,5291,1,1,1,0
38,357285,5,4,2577,1,0,1,0
40,196492,1,2,3025,1,1,0,1
36,202659,1,1,2876,1,0,1,0
48,363011,2,4,4665,1,1,0,1
39,424296,0,1,5670,1,1,1,0
43,176266,2,2,1515,1,1,0,0
51,444685,4,0,4355,0,1,1,0
36,336826,4,2,6052,1,1,1,0
24,426190,0,2,2638,0,1,0,1
21,432255,2,3,5965,1,1,1,0
56,367367,3,5,6638,1,1,1,0
29,458813,0,3,2295,1,0,1,0
45,265379,5,0,7218,1,1,1,0
33,402170,4,3,2717,0,1,1,0
25,323401,2,2,4897,0,1,1,0
53,475740,2,4,6038,1,1,1,0
21,158729,2,3,3722,0,1,1,0
41,453080,3,0,5278,1,1,1,0
49,262977,5,3,7032,1,1,1,0
29,123151,2,1,2034,0,1,1,0
22,315479,5,0,1883,1,1,0,1
55,298392,3,5,2869,1,1,0,1
51,68392,3,5,1710,1,0,1,0
51,478443,2,2,4861,0,0,1,0
46,309558,5,1,1669,0,1,0,1
48,377801,3,1,2431,1,1,0,1
47,395944,4,3,3714,1,1,0,0
21,468174,2,1,2505,0,1,0,1
21,416982,0,4,3630,0,0,1,0
55,406347,0,3,5847,1,1,1,0
40,389087,5,1,3098,1,0,0,1
21,381293,2,3,1571,0,1,1,0
32,478971,2,5,4872,0,1,0,1
38,442140,2,1,5177,1,0,0,1
51,470088,5,4,7158,1,1,1,0
46,104809,0,1,3146,0,1,1,0
31,374951,2,5,5131,1,1,1,0
55,480929,1,0,2126,1,0,1,0
44,332430,3,2,2056,1,1,0,1
36,479106,0,3,7035,1,1,1,0
29,436263,2,4,4537,0,1,1,0
36,356705,2,2,6429,1,1,1,0
21,89653,2,1,3323,0,1,1,0
41,363639,1,0,7272,1,1,1,0
31,282321,4,3,3168,1,1,0,1
23,88700,4,1,2605,0,1,1,0
40,102786,2,3,2606,1,0,1,0
33,272483,0,0,4208,0,1,0,1
34,411365,5,1,4920,1,1,0,0
45,384869,5,4,7113,1,1,1,0
49,333946,1,4,2248,1,1,0,1
35,298999,4,5,6292,1,1,1,0
23,142903,1,3,1826,1,0,0,1
55,88562,4,3,2394,0,1,0,1
22,321636,1,5,7255,1,1,1,0
50,447798,2,4,5330,1,1,1,0
28,250948,2,3,3959,0,1,1,0
27,353949,3,4,2892,0,0,1,0
29,159982,0,3,1553,0,1,0,0
47,418580,3,4,6969,1,1,1,0
33,142668,0,2,1949,1,0,1,0
21,483437,5,1,6913,1,1,1,0
25,268207,3,2,6568,1,1,1,0
27,278264,1,1,4832,1,0,1,0
30,448070,1,2,5281,1,1,1,0
50,344106,3,5,3380,0,1,1,0
21,273125,5,1,2361,0,1,1,0
22,390891,4,5,4877,0,1,1,0
42,477679,1,3,2450,1,0,1,0
48,289249,4,3,5303,0,0,0,1
38,476999,2,3,4841,1,0,1,0
39,130662,2,1,2120,0,0,0,0
44,222516,2,5,1650,0,1,0,0
44,276795,3,4,6212,1,1,1,0
28,454229,2,4,4968,0,1,1,0
53,192556,3,4,3680,1,1,0,1
49,275492,1,0,6127,1,1,1,0
50,426346,1,3,4446,0,0,1,0
33,210782,5,2,1788,1,1,0,1
53,289548,4,5,7248,1,1,1,0
33,269882,2,0,2109,0,0,1,0
48,338893,5,4,3806,0,1,0,1
48,472398,0,2,6248,1,1,1,0
28,169311,4,0,4448,1,1,0,0
43,182510,4,3,2000,0,1,0,1
25,268021,4,5,1483,0,1,1,0
50,413546,4,0,6676,1,1,1,0
32,245587,5,0,2051,1,1,1,0
53,243720,4,3,3827,0,0,1,0
31,66132,1,3,4716,1,1,0,0
20,107157,1,3,3915,1,1,0,0
21,364483,5,0,2515,0,0,1,0
27,446646,1,5,2812,0,0,1,0
34,181050,2,2,2856,0,0,1,0
31,173389,2,0,4209,0,0,1,0
46,140791,2,3,4182,0,1,0,1
33,416177,4,2,2070,0,1,1,0
22,233731,4,4,1598,0,1,0,1
50,227757,2,3,4156,1,1,0,1
41,174897,3,5,3265,1,1,0,1
24,314749,4,0,4300,0,1,0,1
28,217840,5,5,3569,1,1,1,0
37,311040,4,0,4292,1,1,0,1
35,423486,4,2,3855,1,0,1,0
53,367671,4,3,6789,1,1,1,0
51,427152,4,5,4988,1,1,1,0
26,485640,1,5,5110,1,1,1,0
35,180338,3,0,4503,1,0,1,0
40,273409,5,5,3995,1,0,1,0
39,345761,5,4,3806,0,1,1,0
56,282955,2,0,3259,0,1,1,0
22,209229,4,3,4241,1,1,0,1
37,402234,1,2,5815,1,1,1,0
37,401710,1,2,6441,1,1,1,0
30,74823,4,2,3841,1,0,1,0
23,167450,0,3,2823,1,0,1,0
51,343154,1,2,3361,0,0,1,0
23,185594,4,3,2843,0,1,1,0
48,200472,0,3,2247,1,1,0,1
53,200466,0,2,3732,1,1,1,0
51,104684,5,3,2288,0,1,0,1
56,427499,5,1,3045,0,0,1,0
42,358625,3,5,2463,1,1,0,1
50,417100,0,5,2377,1,1,0,1
34,161493,4,4,3080,1,1,0,1
45,239651,2,5,3609,1,1,1,0
53,158774,2,2,5249,1,1,0,1
55,442011,3,0,6863,1,1,1,0
28,233653,2,4,2214,1,1,1,0
48,204885,5,2,3135,0,1,0,1
20,434198,5,3,5303,1,1,1,0
25,168824,5,5,2913,1,0,1,0
40,227719,4,3,2396,1,1,1,0
46,351473,1,0,2911,0,1,0,1
46,477950,1,2,4995,1,1,0,1
36,336742,3,0,3608,1,1,0,1
26,237018,4,1,1476,1,1,1,0
28,370000,4,2,7215,1,1,1,0
37,199995,0,4,4301,1,0,0,1
39,65075,3,1,3176,1,0,1,0
52,460456,4,5,1796,0,0,1,0
30,403204,5,4,5828,1,1,1,0
26,232174,5,0,1678,1,0,0,1
20,388981,5,5,1992,1,0,1,0
25,335514,1,0,6416,1,1,1,0
40,481066,5,1,1706,1,1,0,0
37,211924,5,5,5161,1,1,1,0
23,389267,4,1,2740,1,0,1,0
48,221225,1,0,3662,1,0,1,0
51,408930,2,2,2287,1,1,0,0
54,470872,3,1,3365,0,1,1,0
49,249152,1,0,4395,0,1,1,0
33,425971,3,3,4580,0,0,1,0
34,431721,4,2,4323,1,1,0,0
21,413150,4,4,4135,0,0,1,0
32,183952,2,2,2678,1,1,0,1
42,290156,0,4,1828,1,0,1,0
36,352468,2,3,5314,1,1,1,0
21,350994,5,1,3206,0,1,0,0
34,229884,1,1,4533,1,1,1,0
41,411077,0,2,2932,0,1,1,0
54,188988,5,5,4162,1,1,0,0
56,395934,0,1,5555,1,1,1,0
31,315365,2,5,1688,1,1,0,1
55,124225,3,4,1607,0,1,1,0
54,267232,1,1,1711,0,1,0,0
24,396102,3,0,5089,1,0,1,0
42,210265,1,5,4657,1,1,1,0
51,315960,4,4,6139,1,1,1,0
31,379444,5,2,4649,1,1,0,1
25,163618,5,5,2423,0,0,1,0
43,250520,0,1,3142,0,1,0,1
49,400106,0,3,2078,0,0,1,0
45,362524,0,0,2743,0,1,1,0
29,399999,5,2,1571,0,1,0,1
38,326020,2,1,6909,1,1,1,0
52,296280,2,0,5262,0,1,1,0
54,265257,4,3,2939,0,0,0,0
23,265046,3,1,4647,1,1,0,1
50,274852,5,1,6828,1,1,1,0
26,357297,2,5,4947,1,1,1,0
29,201959,0,5,1594,1,1,0,0
25,155191,0,0,3014,0,1,1,0
43,244060,4,0,2918,0,1,1,0
47,103793,2,3,5109,1,0,1,0
49,233954,5,4,4390,1,1,1,0
22,161614,1,0,4114,1,0,0,1
22,201895,2,0,1943,1,1,0,0
33,304326,2,2,5965,1,1,1,0
52,65393,5,4,2373,1,0,1,0
22,392447,3,2,3436,1,0,0,1
48,334626,5,5,6432,1,1,1,0
53,313970,0,4,5634,1,1,1,0
27,297362,0,4,5368,1,0,1,0
32,459527,3,3,6611,1,1,1,0
32,321245,4,1,5219,1,1,1,0
34,470515,5,3,7060,1,1,1,0
47,350162,1,5,2860,0,1,1,0
36,143298,1,3,1922,1,0,1,0
31,393608,0,3,5364,1,1,1,0
56,430090,5,1,5482,1,1,1,0
34,231137,4,3,2399,1,1,0,1
47,157627,2,3,4645,1,0,1,0
27,106742,3,1,3144,0,1,1,0
39,375662,2,5,3531,1,0,1,0
51,436616,5,4,5849,1,1,1,0
38,357568,0,4,2546,0,1,1,0
42,476655,2,3,3832,0,1,0,0
28,150708,3,2,2865,0,0,0,1
42,357244,3,3,2417,1,0,1,0
53,239798,3,1,2463,0,1,1,0
20,281454,1,5,5682,1,1,1,0
37,484178,4,3,6674,1,1,1,0
28,482893,1,3,3237,1,1,0,1
24,221884,0,5,3770,1,1,0,0
53,184167,4,5,3289,1,0,1,0
52,220992,3,0,1856,1,1,1,0
41,175827,3,5,3888,1,0,0,0
44,361947,3,5,2172,1,0,1,0
29,429013,5,4,5022,1,1,0,1
48,156943,5,3,1626,0,0,0,1
22,474023,0,3,5982,1,1,1,0
32,139736,3,3,1934,0,1,1,0
35,201158,3,3,2464,1,1,1,0
46,218005,4,0,5235,1,1,0,1
38,350142,3,0,3366,0,1,1,0
21,394974,2,2,4156,1,0,1,0
38,267464,5,1,5085,1,1,1,0
43,195903,3,3,3860,0,1,1,0
42,363601,0,0,3543,0,1,0,1
23,366256,1,4,5143,1,1,1,0
46,354174,5,5,5093,1,1,1,0
33,224202,3,0,4253,1,1,1,0
51,70047,5,5,2105,0,0,1,0
43,235759,2,3,4938,0,1,0,0
52,179570,5,5,5115,1,0,0,1
55,450653,3,0,5768,1,1,1,0
52,441021,1,2,4933,0,1,1,0
44,483692,3,2,2183,0,0,0,1
28,410703,0,0,5350,1,1,1,0
30,378134,0,3,6221,1,1,1,0
25,392419,3,4,4128,0,1,1,0
56,348700,2,4,6996,1,1,1,0
36,269404,1,1,4956,0,1,1,0
50,268864,5,3,6108,1,1,1,0
49,208314,1,3,4068,1,1,1,0
44,258702,4,2,5726,1,1,1,0
42,212327,1,1,4007,0,1,1,0
20,445980,0,4,3500,0,0,1,0
50,387559,0,4,2645,0,1,0,1
36,100929,3,0,3323,0,1,1,0
22,366918,1,5,5322,0,1,0,1
43,390324,1,4,5768,1,1,1,0
23,237850,1,5,4868,1,1,0,0
34,87743,2,5,4346,0,0,1,0
55,68882,3,3,3585,1,0,1,0
22,477484,2,0,3622,0,0,0,0
37,454517,1,2,3018,0,1,1,0
40,87605,4,1,2572,0,1,1,0
39,212166,1,1,2544,1,1,1,0
44,484188,2,2,7031,1,1,1,0
27,253166,0,1,5462,1,1,1,0
51,281469,5,2,3024,1,1,0,1
45,278437,1,0,6000,1,1,1,0
41,273164,4,3,4968,1,1,1,0
52,377359,0,2,5380,1,1,1,0
39,276906,2,4,3056,1,0,1,0
23,180717,5,4,3359,0,0,1,0
48,398181,0,4,5630,1,1,1,0
27,416756,5,5,6440,1,1,1,0
41,348892,3,1,3788,0,1,1,0
24,382948,2,1,4529,0,1,1,0
42,366585,1,2,3555,0,0,0,1
53,227707,3,2,2189,1,1,1,0
34,284249,0,4,1935,0,0,1,0
41,291352,1,3,4229,0,1,1,0
49,213932,0,0,5375,1,1,1,0
47,434092,0,5,5133,1,1,1,0
56,211697,1,4,4459,1,0,1,0
54,66998,2,0,4149,1,1,0,1
31,230750,3,5,2126,1,0,0,0
48,484396,2,4,5311,1,0,1,0
43,143995,5,2,4293,0,0,0,1
41,463343,1,1,3994,0,1,0,1
43,135624,1,2,1896,1,1,0,1
36,224590,3,1,1891,1,0,0,1
31,284655,0,3,6416,1,1,1,0
46,297980,3,2,2934,0,1,0,1
43,406544,1,2,5207,1,1,1,0
56,390527,2,3,6886,1,1,1,0
34,138617,2,3,5072,1,1,0,0
25,325586,1,0,2318,0,1,1,0
22,422256,2,5,4997,1,1,1,0
52,448456,2,0,3723,0,0,0,1
35,338882,5,4,1980,0,1,1,0
21,144427,2,3,4833,1,0,0,1
25,178578,5,0,3447,1,1,0,1
37,370894,2,1,5110,0,0,1,0
31,461449,2,3,3964,0,1,1,0
36,266081,3,1,2199,0,1,1,0
25,298850,1,5,5112,1,1,1,0
49,319925,1,2,6190,1,1,1,0
36,316767,4,0,4463,0,0,1,0
53,448985,4,5,3688,1,1,0,0
55,286486,4,1,2969,1,0,0,1
53,211409,1,4,2373,1,0,1,0
31,426004,4,2,2871,1,1,0,0
20,267491,0,3,3821,1,1,0,1
38,273442,5,0,2716,0,0,1,0
43,383028,3,5,6342,1,1,1,0
55,484343,1,4,4480,1,1,0,0
43,73738,4,3,2740,1,1,0,0
54,474114,5,5,7068,1,1,1,0
49,128127,4,5,3346,1,1,0,1
29,250887,5,2,3009,1,1,0,0
31,388159,3,0,3250,0,1,1,0
33,439993,4,5,5140,0,1,0,0
34,157299,3,1,4098,1,0,0,0
39,355625,5,2,3267,1,1,0,1
37,265267,0,4,6964,1,1,1,0
29,468973,5,1,2407,1,1,0,1
22,83924,0,4,5248,1,0,1,0
27,461749,4,1,5008,1,1,1,0
23,440622,4,0,1984,1,0,1,0
53,118255,4,5,2026,0,1,0,0
22,420632,4,2,3416,1,0,1,0
44,395068,1,2,4835,0,0,1,0
27,310406,1,0,1536,1,0,1,0
41,331724,4,3,1976,0,0,1,0
27,246099,4,5,3843,1,1,1,0
21,435185,0,4,3601,0,1,0,1
51,243277,0,1,3230,0,1,1,0
37,237386,3,4,5013,1,1,0,1
24,148120,3,0,5207,1,1,0,1
53,111491,2,5,3056,1,1,0,1
27,273903,3,3,3106,0,0,0,1
40,372746,0,4,2686,0,1,0,1
52,456164,2,4,2978,0,1,1,0
34,139389,3,2,3266,0,1,0,0
24,446256,3,0,2767,1,1,0,1
43,107455,5,1,5298,1,0,1,0
45,322654,4,3,2434,1,1,0,1
45,454846,4,1,3779,0,1,1,0
32,209189,0,5,4006,1,1,1,0
45,238856,1,2,2456,0,1,0,1
30,393738,5,0,2925,0,1,0,0
41,176361,3,2,5310,1,0,0,0
21,287882,5,3,5334,1,1,1,0
26,381702,0,3,5110,1,1,1,0
20,217784,5,0,2051,0,1,1,0
44,156886,4,0,3591,1,0,1,0
25,467379,1,1,1872,1,1,0,1
22,233976,3,2,5313,1,1,1,0
56,279823,5,3,5087,1,1,1,0
36,303798,0,5,6829,1,1,1,0
43,266278,5,5,5077,1,1,1,0
52,279301,5,3,1634,0,1,1,0
43,290738,3,2,7143,1,1,1,0
41,194706,1,0,2324,0,0,1,0
33,428879,1,4,3018,1,0,1,0
26,489155,4,0,6205,1,1,1,0
28,397554,3,2,6197,1,1,1,0
53,413137,4,3,3275,0,1,0,0
22,248143,2,0,2166,1,1,1,0
38,248903,3,4,2938,1,0,1,0
39,273498,5,5,2304,0,1,1,0
50,104114,0,4,2946,0,1,0,0
41,267206,1,1,4690,1,0,1,0
39,114764,5,0,2924,1,1,0,1
33,295973,1,2,1659,1,0,0,1
52,265075,3,0,1954,0,0,1,0
31,277509,4,4,3850,1,1,0,0
22,400195,1,5,5107,1,0,0,1
37,88549,4,3,4056,1,1,0,0
52,275172,0,1,4959,1,1,1,0
30,340276,1,1,3705,0,1,0,0
35,211395,1,3,2131,0,1,0,1
44,447339,0,1,6269,1,1,1,0
27,442299,2,2,5081,0,1,0,1
23,388340,2,2,7271,1,1,1,0
36,264550,4,0,6063,1,1,1,0
32,351656,3,4,3062,1,0,1,0
29,481967,0,0,5313,0,1,1,0
41,458218,2,2,3830,1,0,0,0
34,265924,3,3,3242,1,0,1,0
42,430196,0,1,6030,1,1,1,0
38,463422,3,2,3192,0,1,0,1
30,82705,5,0,3909,1,1,0,0
51,147977,4,2,2604,1,1,0,1
52,239022,2,2,2677,1,1,1,0
23,85976,4,1,4502,1,0,1,0
38,314387,4,2,2814,1,1,0,0
52,350200,1,1,5398,1,1,0,0
41,237995,0,1,3230,1,0,1,0
37,439778,1,2,3210,0,1,1,0
44,354809,5,5,7216,1,1,1,0
42,367511,3,3,4341,1,1,0,1
41,287748,4,5,4545,1,1,0,0
44,423219,5,3,3793,0,1,0,0
27,468107,4,4,5380,0,1,1,0
37,430808,0,3,6954,1,1,1,0
37,326700,5,0,2414,0,1,1,0
36,422851,3,1,1791,0,0,1,0
39,384431,1,1,6908,1,1,1,0
43,226383,3,5,2484,1,1,1,0
49,136069,2,0,3511,1,1,0,0
24,487452,1,2,3012,0,1,1,0
46,241879,4,4,3681,1,1,1,0
26,230513,2,4,5149,1,1,1,0
20,200688,5,3,4309,1,0,1,0
43,163838,2,0,2870,0,1,1,0
53,417123,0,5,3553,0,0,1,0
54,450159,1,1,3090,1,0,1,0
50,227838,3,5,5087,1,1,0,1
47,294889,3,5,4651,0,1,0,1
47,371205,5,3,2175,1,1,0,1
39,302834,2,4,3716,1,0,1,0
54,372765,4,2,4367,1,1,0,1
31,389504,4,5,4944,1,1,1,0
41,142158,2,2,2925,1,1,0,1
50,335362,5,2,4137,0,1,1,0
42,246941,3,3,2425,1,0,1,0
24,452068,4,5,2545,0,1,1,0
35,379486,0,4,3396,1,1,0,1
40,79671,1,2,2700,0,1,1,0
33,461954,4,2,5687,1,1,1,0
48,303699,2,1,2110,1,0,1,0
25,237470,0,4,4220,1,1,0,0
47,252475,1,0,5662,1,1,1,0
42,301771,4,0,5526,1,1,1,0
30,482666,5,1,5113,1,0,1,0
52,228908,5,2,4998,0,0,1,0
45,278922,0,1,1496,1,1,0,1
52,94083,1,3,5247,0,1,1,0
49,318189,4,5,4812,0,1,1,0
56,281724,1,0,7246,1,1,1,0
38,77155,4,4,4740,0,1,1,0
48,306049,5,1,5841,1,1,1,0
33,338601,3,3,3503,1,0,0,1
41,437086,3,4,6785,1,1,1,0
38,419559,4,4,4963,1,1,1,0
34,281612,2,0,5651,1,1,1,0
34,474874,4,3,5832,1,1,1,0
38,372527,0,3,3503,0,1,1,0
49,342954,4,3,5009,1,1,1,0
53,448728,1,1,3544,1,1,0,1
27,242624,1,0,1721,1,1,1,0
54,214760,5,1,3297,1,1,1,0
33,168085,1,0,3949,1,1,0,1
37,340408,2,5,5021,1,1,1,0
22,172408,4,1,2796,1,1,0,0
55,209665,1,4,2342,1,1,1,0
23,364514,0,1,2240,1,0,1,0
32,329457,2,3,5588,1,1,1,0
44,387798,0,0,2670,0,1,1,0
27,442492,1,0,7126,1,1,1,0
28,425429,3,0,5121,1,1,1,0
41,249719,0,1,3113,1,1,1,0
50,302237,2,0,5056,0,0,1,0
27,371580,5,3,3020,1,1,0,1
41,393825,2,2,4837,0,1,0,1
37,104560,2,3,4878,0,1,1,0
22,67046,3,4,1618,0,0,1,0
34,291647,3,4,7214,1,1,1,0
43,209283,0,4,5420,1,1,1,0
37,124123,5,2,2502,1,0,1,0
21,465866,4,4,4676,1,0,0,0
47,309725,1,4,6284,1,1,1,0
44,203042,2,4,2988,1,1,1,0
28,231380,5,5,4738,1,0,1,0
21,216192,4,0,3607,1,1,0,0
30,265168,5,4,3543,1,0,1,0
21,227341,3,2,3547,1,1,1,0
34,263626,1,2,2652,0,0,1,0
53,407886,0,0,5268,1,1,1,0
49,363552,5,0,7036,1,1,1,0
44,233766,3,0,4817,1,0,1,0
37,483716,3,2,7035,1,1,1,0
24,194362,1,1,5222,1,1,0,1
20,389672,1,4,3681,1,1,0,0
53,454790,2,1,6093,1,1,1,0
21,159407,3,5,3095,1,1,0,1
48,425583,4,4,4960,1,1,1,0
46,427861,2,5,5344,0,1,1,0
45,345560,5,1,5064,1,1,1,0
49,340887,1,0,7087,1,1,1,0
50,338110,4,3,7248,1,1,1,0
40,442522,1,5,1865,1,0,1,0
34,163249,4,3,3324,1,1,0,1
39,387746,3,0,4016,1,1,0,1
25,72202,3,2,3444,1,1,0,1
21,361215,2,1,6015,1,1,1,0
21,437451,4,4,2824,0,1,1,0
54,236105,1,4,3685,1,1,1,0
42,445756,0,1,6636,1,1,1,0
55,441276,3,5,4537,0,1,0,1
20,207543,1,1,1661,1,1,1,0
34,253375,0,3,3812,0,1,0,1
38,397382,1,1,4292,0,1,1,0
28,454670,2,0,6326,1,1,1,0
51,320900,5,1,4397,0,1,0,1
38,132354,0,0,3355,0,1,1,0
53,255921,3,2,6624,1,1,1,0
33,135872,0,5,5310,1,1,0,1
28,238149,5,3,2741,1,1,1,0
39,473339,4,4,7062,1,1,1,0
37,363350,4,4,3254,0,0,0,1
26,341431,3,1,5377,1,1,1,0
20,320702,0,2,7101,1,1,1,0
30,304395,4,2,5401,1,1,1,0
26,430620,3,0,1504,0,1,1,0
32,245645,4,4,3475,0,0,1,0
43,436723,4,3,3079,0,1,1,0
52,67409,3,4,3309,1,1,0,1
26,437885,1,2,4097,1,1,0,1
37,489296,3,3,4234,1,1,0,1
45,131679,4,3,4971,0,0,1,0
39,326133,1,5,4663,0,1,0,0
36,223468,4,5,2235,0,1,1,0
55,407599,5,0,4962,1,1,1,0
45,121052,3,2,4835,1,1,0,0
39,116268,1,2,5137,1,0,1,0
26,318928,4,2,3191,1,1,0,1
44,352427,5,5,4292,0,0,0,1
34,366192,3,4,2123,0,1,1,0
54,427768,2,4,3565,0,0,1,0
31,227465,2,2,1749,1,1,1,0
48,328105,5,5,3862,0,1,1,0
51,139046,1,1,4329,1,1,0,1
35,395807,4,3,1796,0,1,1,0
29,66950,3,5,4911,1,1,0,1
29,452296,3,3,2313,1,0,1,0
21,294664,4,5,4299,0,1,0,1
48,116190,5,2,1871,0,1,1,0
34,411502,5,5,6529,1,1,1,0
24,376086,4,0,3922,1,1,0,0
22,313497,4,3,5929,1,1,1,0
29,387177,0,0,3262,0,0,1,0
37,396272,0,5,1915,1,1,0,0
47,275810,5,5,4470,1,1,0,1
32,410139,0,5,4459,1,0,0,1
41,194458,5,1,2060,0,0,1,0
46,329108,0,4,5749,1,1,1,0
41,487672,2,0,2385,1,0,1,0
46,437166,3,0,5212,1,1,1,0
20,322128,3,4,3497,1,1,0,0
55,452794,2,3,6403,1,1,1,0
40,467585,2,0,5505,1,1,1,0
44,83624,0,1,4755,0,1,1,0
40,283179,1,1,4690,0,1,1,0
37,259946,3,0,6747,1,1,1,0
54,333687,0,0,3679,1,1,0,0
48,212131,2,1,1637,0,1,0,0
37,170449,0,5,3681,1,0,1,0
55,85443,3,5,4246,0,0,1,0
23,186238,4,4,3536,0,1,1,0
31,274877,0,3,2481,0,1,1,0
35,126716,4,0,3012,0,1,0,0
33,484819,2,1,5790,1,1,1,0
44,351415,0,1,6655,1,1,1,0
53,210499,3,1,3301,0,0,1,0
32,283751,1,1,5341,0,1,1,0
46,189193,0,0,4960,1,1,0,1
37,229522,3,4,2678,0,0,1,0
53,465922,3,3,1802,0,0,1,0
25,100581,3,2,4701,0,0,1,0
52,313066,2,4,5093,1,1,1,0
51,350779,5,3,5438,1,1,1,0
20,334552,5,4,3145,1,0,0,1
29,354099,5,2,5645,1,1,1,0
32,487676,0,5,5329,1,1,1,0
45,418538,4,0,3206,0,1,1,0
29,370551,1,4,5703,1,1,1,0
46,284753,2,2,5867,1,1,1,0
23,409987,0,3,5498,1,1,1,0
29,468062,4,2,5772,1,1,1,0
35,211750,4,4,5204,1,0,1,0
46,460510,4,5,5904,1,1,1,0
31,271431,4,1,5707,1,1,1,0
51,488862,2,3,4388,1,1,0,0
31,250496,5,4,2756,0,1,1,0
44,231897,5,0,2038,1,1,1,0
31,446338,4,5,5088,1,1,1,0
54,135058,2,3,1668,1,0,1,0
25,207689,3,2,3547,1,1,1,0
52,191761,5,2,3417,0,1,0,1
23,139692,3,4,2722,0,1,0,0
28,181403,4,5,3479,0,1,0,1
38,75228,3,5,4227,1,1,0,1
32,159805,3,2,4163,1,0,1,0
25,206311,5,2,4335,1,0,0,0
44,450713,4,5,3262,1,1,0,1
20,429885,2,5,3416,1,0,1,0
55,302738,1,2,5258,1,1,1,0
25,134147,0,2,4877,1,0,1,0
56,287748,0,5,5193,0,0,0,1
55,475393,5,5,5103,1,1,1,0
49,271771,5,4,5410,0,1,0,1
27,124362,4,5,4565,1,1,0,0
52,481548,4,2,5828,1,1,1,0
48,337601,5,2,1842,1,1,0,0
35,433280,2,1,5798,1,1,1,0
28,292732,1,4,5002,0,1,0,1
26,192679,5,5,3695,1,1,0,1
21,442574,4,1,4077,1,0,1,0
43,267712,1,5,5965,1,1,1,0
50,377158,5,2,3522,1,1,0,1
53,76771,1,1,4074,1,1,0,1
35,407021,1,4,5100,1,1,1,0
46,483037,4,0,5381,0,1,1,0
37,355132,4,4,4935,1,1,1,0
45,234639,2,5,2462,1,1,0,1
54,141127,3,4,2041,1,1,0,1
37,239855,4,2,4086,1,1,0,1
52,146891,2,3,3014,0,1,0,0
23,454493,0,4,5454,1,1,1,0
50,273529,0,1,7119,1,1,1,0
52,425277,4,0,6797,1,1,1,0
41,328106,0,5,3686,0,1,1,0
39,394709,5,5,4778,0,1,1,0
37,88025,4,0,4412,0,1,1,0
52,428828,5,2,3839,1,0,1,0
42,175034,3,3,4922,0,0,0,1
45,294101,4,4,6277,1,1,1,0
23,233687,4,2,5133,1,1,1,0
31,462645,2,4,7220,1,1,1,0
25,394496,0,5,2150,1,1,0,1
55,252925,0,1,3340,1,0,1,0
42,388715,1,0,5157,0,1,1,0
20,180987,0,1,1707,1,0,1,0
50,428506,3,2,5399,1,1,1,0
42,231620,5,4,5242,1,1,1,0
23,184349,3,1,4854,1,1,0,0
55,386998,4,0,2196,1,1,0,1
26,266615,0,3,5280,1,1,1,0
52,272616,4,0,6912,1,1,1,0
46,202601,4,4,3029,1,1,1,0
23,133848,4,0,2636,0,0,1,0
51,235932,5,1,4122,0,1,0,0
46,276040,0,4,5033,1,1,1,0
41,290969,5,2,1685,1,0,0,0
23,453370,1,0,3479,1,0,1,0
50,140617,2,5,4010,1,1,0,1
26,166444,1,0,3805,0,1,1,0
30,435127,4,4,5954,1,1,1,0
30,478069,2,5,6002,1,1,1,0
54,352733,4,4,5514,1,1,1,0
45,229364,5,5,1813,0,1,1,0
51,384211,0,0,5794,1,1,1,0
28,97446,5,1,1888,1,0,0,1
41,208729,2,4,3688,0,1,1,0
45,416729,1,4,3702,0,1,0,1
38,354127,4,3,2298,1,0,0,1
48,332246,0,1,4658,1,1,0,1
25,183925,4,0,3599,0,1,0,0
37,368616,0,5,5342,1,1,1,0
39,186705,2,3,2140,0,1,1,0
42,250184,5,0,5407,1,1,1,0
53,218250,4,1,3374,1,1,1,0
40,296460,1,2,6341,1,1,1,0
34,231393,3,0,4850,0,1,1,0
35,417432,1,3,6730,1,1,1,0
30,374453,0,2,6835,1,1,1,0
31,466240,5,5,2611,0,0,1,0
35,221163,5,4,1524,1,1,0,1
43,157145,1,5,3426,1,1,0,1
49,245632,4,2,2378,0,1,1,0
48,315686,2,0,4989,1,0,1,0
37,239739,2,2,3799,1,1,1,0
45,378694,3,2,4160,1,0,1,0
46,221391,2,5,3007,1,0,1,0
40,388553,1,0,2545,1,0,1,0
55,261166,2,0,6584,1,1,1,0
42,341617,3,4,6625,1,1,1,0
47,68969,1,3,2048,1,0,1,0
42,242120,5,5,1500,0,1,0,1
24,300778,3,2,2080,1,1,0,1
26,245520,1,5,4622,0,1,1,0
44,448670,0,5,5586,1,1,1,0
46,281550,4,2,6001,1,1,1,0
30,468066,0,4,2454,0,1,0,1
29,400806,3,0,4853,1,0,1,0
40,289018,4,5,1947,0,1,1,0
40,136807,4,5,5034,0,1,1,0
52,398853,0,3,2147,1,0,1,0
24,489648,5,2,2264,1,1,0,1
31,245248,3,3,2797,1,1,1,0
22,260347,3,0,4014,1,0,1,0
46,222242,3,5,5333,0,0,1,0
42,483789,1,0,3185,0,0,1,0
30,396163,4,1,6388,1,1,1,0
35,226468,5,1,4462,0,1,1,0
42,115931,0,5,5390,0,1,1,0
37,404313,2,5,6312,1,1,1,0
25,97613,3,1,2364,0,1,0,1
47,111816,3,2,2865,0,1,0,1
38,485275,0,0,5966,1,1,1,0
56,250635,0,3,4934,1,1,1,0
52,219916,0,2,1583,1,1,1,0
26,329625,4,1,4005,1,1,0,0
41,271937,3,4,6277,1,1,1,0
54,217029,3,1,1653,1,1,0,0
43,426702,4,2,5877,1,1,1,0
44,104263,3,3,4165,0,1,1,0
45,203281,1,3,5394,1,0,1,0
44,305329,4,3,5011,1,1,1,0
35,206398,3,1,4985,1,1,0,0
52,468024,0,2,6244,1,1,1,0
27,482165,2,2,3600,0,1,1,0
28,192213,5,4,4241,1,1,0,1
42,190598,5,2,1572,1,0,1,0
50,478902,4,5,2302,1,0,1,0
51,347310,2,3,3304,0,1,1,0
24,177692,4,3,4771,1,1,0,1
29,253081,2,0,2568,1,0,0,1
45,484885,3,5,6461,1,1,1,0
28,391537,1,2,2563,1,1,0,1
35,340553,0,4,5805,1,1,1,0
33,153731,0,2,4295,1,1,0,1
38,402014,1,3,2790,1,1,0,1
52,76063,3,2,3463,1,1,0,1
49,384233,2,4,4581,1,0,1,0
49,201551,3,4,3365,1,1,1,0
28,383367,5,1,1655,0,1,1,0
53,383288,5,3,2800,1,1,0,0
31,443010,4,1,6476,1,1,1,0
33,399180,2,1,3055,1,1,0,1
44,255595,5,4,2009,1,0,0,1
30,242865,1,4,1927,0,1,1,0
51,283047,2,1,2950,1,0,0,1
37,139461,2,0,3183,1,1,0,1
33,426584,4,5,3591,1,1,0,0
30,470152,4,5,7186,1,1,1,0
56,393877,4,4,1764,0,0,1,0
26,287986,5,2,5152,0,1,1,0
25,231796,3,5,3271,1,1,1,0
51,451075,1,0,1770,1,0,0,1
22,352709,5,5,6138,1,1,1,0
45,238542,4,4,1608,0,0,0,1
55,295680,2,3,4468,1,1,0,1
20,367605,1,3,5843,1,1,1,0
38,468391,5,2,1796,1,0,1,0
48,132508,0,1,4148,1,0,1,0
51,241566,3,4,2120,1,1,1,0
49,114014,2,5,4214,1,0,1,0
23,465798,2,0,6195,1,1,1,0
50,277541,1,3,2483,1,1,0,1
47,293938,1,0,5509,1,1,1,0
21,470846,0,0,6654,1,1,1,0
38,403556,5,5,5211,1,1,1,0
31,269348,2,1,7082,1,1,1,0
27,162015,4,3,3030,0,1,0,1
22,319553,4,2,4928,1,1,1,0
42,235320,0,2,1481,1,1,0,0
39,339622,0,4,7018,1,1,1,0
31,122063,0,4,3231,1,1,0,0
22,456807,4,3,6804,1,1,1,0
55,357264,2,4,5080,1,1,1,0
39,489028,5,0,3409,0,0,1,0
26,250709,0,3,4097,1,1,0,1
55,377682,5,5,5185,1,1,1,0
20,225876,0,5,4191,1,0,1,0
36,386201,2,1,4963,0,0,0,0
35,197182,3,5,4183,0,1,0,1
41,99934,2,2,5086,1,0,0,1
55,304067,2,1,5317,0,1,1,0
34,420972,3,0,1882,0,0,1,0
24,421778,0,2,3407,0,1,1,0
49,383137,1,4,4474,0,1,0,0
34,479292,3,2,4622,1,1,0,1
41,257787,5,2,4044,0,1,1,0
44,423150,4,0,5566,1,1,1,0
48,162233,5,1,3969,1,1,0,1
28,293390,5,3,6330,1,1,1,0
46,422121,1,3,2554,0,0,1,0
46,200768,1,5,4756,1,1,1,0
31,308872,0,1,6050,1,1,1,0
40,257681,1,4,3156,1,0,1,0
26,416646,3,3,3239,0,0,0,1
41,481088,5,0,3408,0,1,1,0
39,447153,4,0,5343,1,1,0,1
20,440767,3,0,2459,1,0,0,1
35,365704,2,1,6688,1,1,1,0
50,355761,1,5,5605,1,1,1,0
49,438084,0,3,1881,1,0,1,0
24,414853,3,5,3401,0,1,1,0
31,212117,2,0,4073,0,1,0,1
49,288288,0,4,4707,0,0,1,0
21,422439,1,1,6166,1,1,1,0
53,273958,5,2,2542,1,1,0,0
46,106006,5,3,3250,1,1,0,1
44,445099,3,4,1640,1,1,0,0
22,369618,0,0,3363,0,1,0,1
33,331270,4,3,5953,1,1,1,0
21,288359,5,1,4014,1,1,0,0
28,221938,2,0,3686,0,1,0,0
35,262979,4,3,4942,0,1,0,0
53,374357,2,5,3992,0,1,1,0
20,425887,5,2,7296,1,1,1,0
35,231173,2,4,2171,1,1,0,1
56,369492,5,2,1906,1,1,0,1
53,438866,3,4,2659,1,1,0,1
44,432940,4,2,5080,1,1,1,0
49,270030,0,1,2778,1,1,0,0
50,331069,4,0,5065,1,0,1,0
40,466630,2,2,2678,1,0,0,1
45,257885,5,4,4616,0,0,1,0
32,215281,5,4,2250,1,1,1,0
24,423170,4,3,2179,0,0,1,0
41,469191,0,3,5888,1,1,1,0
31,122513,1,2,1668,0,1,0,1
34,100378,0,5,2521,1,0,0,1
31,211747,1,1,3311,1,1,1,0
43,320609,5,4,3968,0,1,1,0
22,346948,4,1,6347,1,1,1,0
37,250539,2,1,1557,0,1,1,0
34,370602,5,3,6527,1,1,1,0
32,91349,5,1,2555,1,1,0,1
21,330143,2,4,2423,1,0,0,1
24,451435,5,4,5220,0,0,1,0
49,350523,3,2,5455,1,1,1,0
27,352268,0,5,6559,1,1,1,0
54,288828,1,2,7304,1,1,1,0
27,462137,4,2,4801,0,1,1,0
47,403352,5,1,4639,1,0,1,0
44,238765,5,2,4256,1,1,0,0
31,452842,3,5,2516,1,0,1,0
54,383657,5,3,4061,1,1,0,1
24,106286,5,0,3046,1,1,0,1
29,411021,0,4,3616,0,0,1,0
21,240459,3,2,5017,1,1,0,1
22,142554,2,0,4473,1,1,0,0
46,378792,1,5,5933,1,1,1,0
50,199644,3,4,4526,1,1,0,1
45,464488,5,2,4594,1,1,0,1
43,382701,1,3,3946,1,0,0,1
34,335980,0,5,1646,0,1,1,0
26,305533,4,5,3180,1,1,0,1
22,249311,3,1,4214,1,0,1,0
21,418716,1,4,5018,1,1,1,0
44,213731,1,4,4697,1,1,0,1
30,396597,5,3,4291,1,1,0,0
54,396778,2,5,3162,0,1,1,0
54,307248,5,5,1805,0,0,0,1
23,375926,5,1,1723,1,0,1,0
53,398955,3,0,6933,1,1,1,0
23,315664,1,1,6077,1,1,1,0
30,374280,3,2,6097,1,1,1,0
35,170265,2,2,2104,1,0,0,0
20,319958,3,2,4193,1,0,0,0
41,153330,2,1,2985,1,1,0,1
26,248800,5,2,4945,1,1,1,0
44,322664,2,4,2568,0,1,0,0
48,374766,5,2,5137,1,1,1,0
50,70539,1,0,4589,0,1,0,0
36,218442,3,5,1492,0,0,1,0
24,139774,2,3,2987,0,1,0,1
20,421088,5,4,1843,1,1,0,1
32,111589,5,0,1822,0,1,0,1
54,385133,1,5,7151,1,1,1,0
27,476855,4,2,5300,1,1,1,0
48,385526,0,5,3606,1,0,0,1
33,188642,1,2,4969,0,0,1,0
36,386562,3,3,3804,0,1,1,0
24,359642,2,3,2583,0,1,1,0
42,221214,5,4,2954,1,1,0,1
39,469776,4,1,5349,0,1,1,0
29,441819,5,5,5298,1,1,1,0
36,395636,3,0,4331,1,0,0,1
37,370173,3,3,4038,1,0,0,0
48,403765,1,5,5584,1,1,1,0
56,99086,5,1,5172,0,1,1,0
24,235636,2,2,2695,0,1,1,0
35,286138,4,3,6566,1,1,1,0
55,359894,4,4,2268,1,0,0,1
52,133216,5,4,2243,0,1,0,1
27,108641,4,2,3999,1,0,0,1
39,225217,0,2,3534,1,0,1,0
28,151208,4,5,2371,0,0,1,0
44,162622,2,5,1863,0,1,1,0
25,376778,1,0,6179,1,1,1,0
41,308030,3,4,5269,1,0,1,0
42,131916,2,1,3909,1,1,0,1
48,91734,5,5,1583,0,1,1,0
48,251582,2,2,4902,1,0,0,0
26,338748,5,1,6758,1,1,1,0
35,184615,3,2,2042,1,0,1,0
21,283951,3,2,3080,1,0,1,0
25,440925,0,1,5461,1,1,1,0
20,218682,4,4,4305,1,1,1,0
31,390757,0,0,6895,1,1,1,0
28,416962,3,2,1752,0,1,1,0
20,247638,2,2,5074,1,1,1,0
27,482276,0,4,2519,0,1,1,0
25,469922,3,0,7306,1,1,1,0
36,242780,3,1,1492,0,1,1,0
43,454119,3,0,6541,1,1,1,0
33,290509,1,2,2440,1,1,0,1
45,322855,3,2,6145,1,1,1,0
51,474519,1,0,3213,0,1,1,0
48,331035,1,4,2865,1,1,0,1
42,341036,5,3,5836,1,1,1,0
36,407105,4,4,7284,1,1,1,0
53,361884,1,1,4115,1,1,0,0
40,444346,4,0,6101,1,1,1,0
27,436688,2,3,4472,1,0,0,1
41,334276,2,1,3303,1,1,0,1
28,205342,5,0,4372,1,1,1,0
54,450384,0,0,3040,0,1,1,0
50,69850,4,2,4662,1,0,1,0
38,479719,3,0,5108,0,0,1,0
55,484857,4,4,6074,1,1,1,0
39,235637,1,5,3306,1,1,1,0
40,169997,4,5,2595,1,1,0,1
30,403971,3,1,5740,1,1,1,0
21,445781,5,5,6045,1,1,1,0
56,121698,4,0,4111,0,1,1,0
36,446000,3,5,5872,1,1,1,0
32,153890,3,1,3389,1,0,1,0
50,391380,0,2,5718,1,1,1,0
26,274463,2,4,3123,1,0,1,0
46,122528,4,0,2544,0,1,1,0
38,246768,0,3,1911,1,1,1,0
45,359558,5,0,5914,1,1,1,0
28,211547,1,0,2173,1,1,1,0
35,276033,0,2,3175,0,0,1,0
50,476030,4,2,6319,1,1,1,0
47,463223,2,1,2323,1,0,0,1
35,457950,2,3,3208,1,1,0,0
32,69239,1,4,2942,1,1,0,0
45,265550,0,3,6684,1,1,1,0
20,320081,3,1,2746,1,1,0,1
20,175233,0,3,4712,1,1,0,1
32,286051,1,5,5772,1,1,1,0
22,290293,5,5,5266,1,0,1,0
46,192332,5,2,3659,0,1,1,0
37,326899,1,1,4583,0,0,1,0
33,135300,2,4,2595,0,1,1,0
52,185734,0,5,2466,1,0,1,0
53,227868,0,2,3168,1,0,1,0
30,296123,5,2,2677,0,1,1,0
40,196990,4,2,2687,1,1,0,0
32,282889,2,2,7113,1,1,1,0
49,324757,4,4,5008,1,0,1,0
22,379490,1,4,6514,1,1,1,0
42,153144,2,2,1848,1,1,0,1
25,478258,3,3,5438,1,1,1,0
55,221828,2,3,4586,1,1,1,0
44,477495,0,0,3017,0,0,1,0
35,427202,3,5,6279,1,1,1,0
56,397644,3,3,6912,1,1,1,0
41,452363,1,1,4367,0,1,1,0
50,146196,3,5,2414,1,1,0,0
30,397977,1,0,1815,1,1,0,0
50,363973,5,5,5557,1,1,1,0
34,227244,0,1,2916,1,1,1,0
36,78182,0,0,4539,1,0,0,1
32,350922,2,5,4888,1,1,0,1
22,441758,1,4,2302,0,1,0,0
30,66572,1,5,4721,0,0,0,0
46,202768,2,0,1864,1,1,1,0
38,403201,5,3,2337,0,1,1,0
29,229138,3,5,4947,1,1,1,0
31,111140,3,2,2020,1,1,0,1
55,79267,4,5,1861,0,1,1,0
35,290461,0,5,4771,0,1,0,1
53,257587,2,2,6792,1,1,1,0
43,89098,0,5,4387,0,1,0,0
29,301987,4,5,2460,1,1,0,1
27,203027,5,4,2260,1,1,1,0
38,166004,4,1,5275,1,0,1,0
40,94679,5,2,2413,0,1,0,0
26,144633,4,1,1714,0,1,1,0
42,185234,4,2,3556,0,0,1,0
32,214458,0,3,2410,1,1,1,0
21,319573,3,3,5056,0,1,0,1
28,245543,3,3,3586,1,1,1,0
42,358545,5,3,2722,1,0,0,0
26,445568,4,4,2974,0,0,1,0
31,227022,0,3,2481,1,1,1,0
38,162786,3,5,3927,0,1,1,0
39,316650,5,5,7246,1,1,1,0
22,464075,3,5,2079,0,1,0,0
52,295445,5,3,6050,1,1,1,0
41,481279,5,1,2593,1,0,0,0
51,255374,1,5,1884,0,1,1,0
53,276655,2,2,6824,1,1,1,0
21,342567,0,1,5269,1,1,1,0
52,458816,1,3,3750,1,0,0,0
35,249638,3,1,2252,1,1,1,0
31,311526,0,4,6859,1,1,1,0
37,378191,2,3,2030,1,0,0,1
43,267904,5,1,7057,1,1,1,0
46,404417,4,3,5552,1,1,1,0
49,338536,1,4,6144,1,1,1,0
25,116185,2,5,2912,1,0,1,0
32,125360,4,3,3555,1,0,1,0
39,275520,1,5,4208,0,0,0,0
48,220452,2,3,4286,1,0,1,0
22,374776,2,3,5102,1,1,1,0
24,244692,5,4,1836,1,0,1,0
33,326661,2,5,2566,1,0,1,0
46,284042,3,4,3447,1,0,1,0
49,433341,1,2,4636,0,1,0,1
32,259833,3,0,2834,0,1,0,0
56,251219,2,1,3544,1,1,0,0
42,345662,2,5,5005,1,1,1,0
32,373238,5,0,4931,1,1,1,0
35,424994,4,5,5897,1,1,1,0
53,263663,0,4,5889,1,1,1,0
23,442536,1,2,6774,1,1,1,0
33,275613,2,5,5714,1,1,1,0
21,467887,5,0,2320,1,1,0,1
22,485248,0,2,5982,1,1,1,0
24,356045,1,0,1515,1,1,0,0
21,472205,0,3,7074,1,1,1,0
55,275163,0,2,3369,1,1,0,1
20,304422,5,0,5796,1,1,1,0
46,233874,0,2,4576,1,1,1,0
54,473951,4,1,2755,1,1,0,1
43,406623,1,0,2225,1,0,1,0
30,303024,2,3,5181,1,1,1,0
37,150444,2,2,2223,0,1,0,0
45,423451,5,5,6968,1,1,1,0
41,264918,3,5,3725,0,1,1,0
51,341970,0,1,5730,1,1,1,0
27,245243,3,2,4097,0,0,1,0
30,239213,1,1,4491,1,1,1,0
50,113283,1,3,1952,0,1,0,0
51,437626,0,1,7059,1,1,1,0
52,478862,3,2,5147,0,1,1,0
26,454195,2,1,3824,1,0,1,0
52,413077,3,1,5197,0,1,1,0
28,348075,0,4,6065,1,1,1,0
53,371224,5,4,4077,1,0,0,0
42,447938,2,2,6773,1,1,1,0
51,135863,4,5,5060,1,1,0,0
48,258126,1,1,3394,1,1,0,1
20,104347,0,5,3990,0,0,1,0
35,393569,4,5,3058,0,1,1,0
52,355848,0,1,4452,0,1,1,0
34,87232,2,5,3795,1,0,0,0
35,361087,0,2,5307,1,1,1,0
32,287551,2,1,5728,1,1,1,0
23,181746,0,1,3084,1,1,0,0
35,362909,3,5,6048,1,1,1,0
22,363608,4,4,6341,1,1,1,0
21,171000,2,4,1923,1,1,0,0
32,182403,2,3,3152,1,0,0,1
32,476404,0,5,5238,1,1,1,0
47,319920,5,2,4784,0,1,1,0
55,282997,4,1,5396,1,1,1,0
24,113967,4,0,1987,1,1,0,1
43,278926,3,4,7208,1,1,1,0
48,423463,5,4,6136,1,1,1,0
41,413156,2,2,3132,0,0,1,0
37,113675,2,2,2511,1,1,0,1
21,263135,3,2,3279,1,1,0,1
34,358632,3,3,1870,0,1,1,0
38,331287,5,5,4557,0,1,1,0
33,405177,3,1,4658,1,1,0,1
33,284765,4,2,4265,1,0,0,0
39,101664,4,4,4383,0,1,1,0
43,309576,3,0,6924,1,1,1,0
39,324646,4,4,5751,1,1,1,0
29,316328,0,1,5970,1,1,1,0
29,385520,5,4,1852,1,1,0,0
21,329433,5,2,1735,0,1,1,0
24,479717,0,5,3204,1,1,0,0
39,395407,3,0,2331,1,1,0,1
55,476918,5,4,6792,1,1,1,0
50,113932,4,0,4553,1,1,0,1
33,482543,5,4,3128,0,1,1,0
29,418609,4,5,2238,0,1,0,1
49,269927,1,5,2881,1,0,1,0
52,201218,1,2,4110,1,1,1,0
26,426536,2,2,3545,1,0,1,0
26,95166,5,0,3053,0,1,1,0
40,347039,4,0,3656,1,1,0,1
27,207898,3,2,4356,1,1,1,0
27,168734,0,3,4082,1,0,1,0
25,440966,5,5,2824,0,1,1,0
31,434413,0,1,1478,0,1,0,0
44,344085,0,1,1896,1,1,0,1
25,297529,2,2,5642,1,1,1,0
39,383408,3,2,6106,1,1,1,0
31,454052,0,2,2572,0,1,1,0
51,450712,3,2,5147,1,1,0,1
51,242561,5,1,4244,1,1,0,0
47,387222,5,3,2231,1,0,1,0
50,252932,0,5,2538,0,1,0,0
30,258085,1,2,6774,1,1,1,0
35,327891,1,2,6016,1,1,1,0
48,168828,5,0,4157,0,0,1,0
44,325946,3,2,6108,1,1,1,0
25,393112,4,1,5174,1,1,1,0
33,318488,1,3,2378,1,1,0,1
22,278961,5,1,6869,1,1,1,0
27,472808,1,4,5413,1,0,1,0
43,141926,3,1,3457,0,0,1,0
22,288836,2,1,1474,0,1,1,0
36,99281,0,5,1793,1,0,1,0
37,119982,1,4,3254,0,1,1,0
42,455115,1,0,7008,1,1,1,0
44,276654,1,2,2164,0,1,0,1
20,398241,0,2,3046,1,1,0,1
34,422449,2,4,3528,1,1,0,1
56,227249,2,2,4595,1,1,0,1
51,181763,2,2,3588,1,1,0,1
26,331080,4,5,1962,1,0,0,1
26,436443,1,3,1766,0,0,1,0
54,276252,1,4,5137,1,1,0,1
53,281376,4,2,6954,1,1,1,0
32,358453,2,1,6577,1,1,1,0
48,89990,0,1,1892,1,1,0,0
36,244122,3,4,4527,0,1,1,0
32,211885,0,2,3776,1,1,1,0
38,204376,1,3,2230,0,1,1,0
38,459851,1,5,6204,1,1,1,0
39,404504,4,2,6011,1,1,1,0
32,415702,5,4,5848,1,1,1,0
51,275390,1,0,4736,0,1,1,0
52,131978,2,1,3698,0,1,1,0
28,303036,2,0,2764,0,1,0,1
37,411278,3,4,5139,1,1,1,0
29,147662,0,3,4288,1,1,0,0
38,340392,2,5,6381,1,1,1,0
50,298820,5,5,2371,1,0,0,0
36,194069,3,4,4493,1,0,0,0
46,390899,3,5,4935,1,1,1,0
24,362904,2,2,4812,1,1,0,1
43,66765,3,3,4850,0,1,1,0
49,95135,5,2,4121,0,1,0,1
22,381670,4,3,5364,1,0,1,0
47,213536,1,5,4381,0,0,1,0
32,453990,2,0,2392,0,1,1,0
22,319280,3,5,4595,1,0,1,0
55,453523,2,4,4836,1,0,1,0
29,223881,5,0,1538,1,1,1,0
51,456391,4,5,5297,1,1,0,1
39,409715,0,4,5154,1,0,1,0
31,320803,5,3,5597,1,1,1,0
30,383733,5,5,6689,1,1,1,0
38,412420,0,0,3030,1,1,0,0
23,371468,5,0,7238,1,1,1,0
26,438438,2,4,6622,1,1,1,0
43,367820,5,2,4667,0,1,1,0
42,118924,5,0,1508,0,1,1,0
50,405727,5,1,4923,1,0,1,0
32,281186,0,3,6132,1,1,1,0
44,412266,3,0,6210,1,1,1,0
42,73834,0,1,3190,0,1,1,0
20,186050,4,3,3328,1,1,0,1
29,225188,2,3,4722,0,0,1,0
30,346756,2,5,7181,1,1,1,0
22,439131,3,3,3835,0,1,1,0
23,171809,0,2,1662,1,1,0,0
50,367395,2,1,5275,0,1,1,0
27,322534,1,1,4742,0,1,0,0
56,300019,0,1,1661,0,1,1,0
20,469936,1,4,4118,1,0,0,1
49,218948,1,4,2909,1,1,1,0
34,204188,4,4,2830,0,0,1,0
52,449109,0,1,5995,1,1,1,0
44,425128,4,1,6838,1,1,1,0
30,444535,4,4,2732,1,0,0,0
35,309090,0,0,5190,1,1,1,0
31,343071,3,5,6413,1,1,1,0
28,147778,3,1,5017,1,0,1,0
47,369360,1,2,5644,1,1,1,0
43,354209,2,3,3610,0,1,1,0
39,101045,0,3,4284,0,0,1,0
36,469114,2,5,3986,1,0,0,1
47,370876,3,1,2378,0,1,1,0
51,346472,1,0,5629,1,1,1,0
54,208483,1,4,3038,1,1,1,0
33,469776,0,3,2679,1,0,0,0
53,222929,3,4,1476,1,1,1,0
30,124562,0,0,5311,0,1,1,0
26,307415,0,4,5213,1,1,1,0
32,209402,0,1,3583,0,0,1,0
55,430091,0,5,4089,1,1,0,1
35,243070,4,3,4392,0,1,0,1
36,382585,5,0,6365,1,1,1,0
25,291656,3,3,2659,1,0,1,0
38,159095,1,3,4400,1,1,0,1
40,247384,0,3,4577,0,1,0,1
40,80643,5,0,1798,0,0,1,0
28,276766,0,0,5294,1,1,1,0
29,188279,3,4,3832,0,1,1,0
26,157110,5,3,3772,0,1,1,0
42,418074,3,0,2408,0,1,1,0
28,403616,0,3,3592,1,1,0,1
42,347428,1,5,4570,0,1,1,0
30,120052,3,3,4614,1,0,1,0
33,487852,1,5,6927,1,1,1,0
55,353138,2,4,5141,1,1,1,0
48,221284,2,5,2751,1,1,1,0
30,249617,3,0,3215,0,1,0,1
26,360680,1,1,7247,1,1,1,0
42,312150,4,1,7125,1,1,1,0
52,424655,2,1,4063,1,0,0,0
42,286243,2,2,4447,0,1,1,0
51,441666,2,5,7266,1,1,1,0
51,415955,0,1,5192,1,1,1,0
50,169260,3,0,1542,1,1,0,1
46,207568,3,4,4947,0,1,0,1
26,134048,0,2,2268,1,1,0,1
39,256783,2,0,4630,0,1,1,0
31,452735,5,1,6730,1,1,1,0
48,358210,5,4,1530,1,0,0,0
50,388874,1,2,4018,1,1,0,1
37,241270,0,2,1651,1,1,1,0
49,194962,1,2,4121,1,1,0,0
56,373555,0,1,4472,1,1,0,0
49,296889,4,0,2762,1,1,0,1
23,198592,3,0,1640,1,1,0,0
34,241259,3,3,2476,1,1,1,0
35,380979,3,5,4370,1,0,0,1
43,446266,3,4,6644,1,1,1,0
53,342510,3,5,5600,1,1,1,0
43,428352,0,4,3766,0,1,1,0
24,91075,2,1,2446,1,1,0,1
52,240941,0,3,4856,1,1,0,1
55,420796,0,3,3517,1,1,0,0
43,335947,0,0,4938,1,1,1,0
21,407552,5,1,6742,1,1,1,0
54,342198,3,0,4843,1,1,0,1
36,401977,0,5,6013,1,1,1,0
46,230237,2,2,4624,1,1,1,0
41,257555,2,2,4876,0,1,0,1
27,351855,5,2,7296,1,1,1,0
45,251649,4,5,4226,1,0,1,0
34,456035,0,3,3518,1,0,1,0
52,237961,0,4,4339,0,0,0,1
53,473847,5,3,5208,0,1,1,0
20,435184,5,0,6643,1,1,1,0
33,132045,0,4,5244,0,1,1,0
34,472399,3,3,6152,1,1,1,0
22,280689,2,4,1951,0,1,1,0
22,466073,3,2,6032,1,1,1,0
28,339494,2,0,1690,1,0,1,0
34,223518,1,2,4855,1,1,1,0
43,484495,5,5,5029,1,0,1,0
23,244475,3,0,5134,0,1,1,0
33,347322,1,5,4421,0,1,0,1
41,306810,1,2,1543,0,0,1,0
20,489275,1,0,4316,1,0,0,0
56,215689,1,0,5115,1,1,1,0
52,280978,2,4,6346,1,1,1,0
55,435293,5,5,7296,1,1,1,0
37,480063,2,3,3455,1,1,0,1
53,455273,4,4,4954,1,1,1,0
56,264378,0,5,5395,1,1,1,0
44,259883,0,0,1942,0,1,0,1
49,433842,4,2,2539,0,1,1,0
42,91488,4,3,4276,1,1,0,1
32,316602,4,4,1833,1,1,0,1
47,285822,2,1,5514,1,1,1,0
48,439850,2,3,3441,0,1,0,1
36,97212,3,4,2268,0,1,1,0
37,298875,3,4,2946,0,1,1,0
31,338980,0,4,2894,1,0,1,0
25,329485,0,3,5403,1,1,1,0
54,317249,0,4,2535,1,0,1,0
49,248954,1,1,3598,1,0,0,1
26,334575,4,3,5070,1,1,1,0
21,442967,5,2,6474,1,1,1,0
38,66481,0,5,4353,1,0,1,0
41,349862,0,5,6483,1,1,1,0
31,127713,5,5,4452,0,0,1,0
52,450324,4,5,2546,0,0,0,1
33,481592,0,3,4075,1,1,0,0
56,291329,4,2,6969,1,1,1,0
33,462101,3,4,1953,1,0,1,0
51,245923,2,3,5197,0,1,0,0
36,163687,2,0,2620,0,1,0,0
30,449708,0,0,2416,1,0,1,0
54,235761,4,4,4193,1,1,1,0
34,69929,2,1,3168,1,1,0,1
27,452366,1,2,4808,0,0,0,0
46,489941,2,4,2183,0,1,1,0
47,457296,3,5,3035,0,1,1,0
21,225172,1,3,4028,1,1,1,0
30,167880,4,3,3390,1,1,0,0
23,357962,4,1,1753,1,1,0,1
45,332996,2,2,6087,1,1,1,0
55,245513,3,0,2123,1,0,1,0
52,353080,2,3,5581,1,1,1,0
27,306611,0,3,6255,1,1,1,0
20,378162,5,2,5310,1,1,1,0
52,366584,0,3,6361,1,1,1,0
36,269524,1,5,7184,1,1,1,0
29,215700,5,4,4359,1,1,1,0
56,126865,3,5,4211,0,1,1,0
42,414764,5,4,5897,1,1,1,0
35,275545,2,4,5162,1,1,0,1
46,408687,3,4,3037,1,1,0,1
54,311579,1,4,4533,0,1,1,0
30,412726,0,2,1931,1,1,0,0
25,200889,1,2,4137,0,1,0,1
35,351580,0,1,6502,1,1,1,0
27,368042,5,4,5063,0,1,1,0
28,78087,2,4,1672,0,1,0,1
47,241274,4,4,5052,1,1,1,0
26,295606,0,4,1610,0,1,0,1
37,372119,1,0,6412,1,1,1,0
54,407921,2,1,5237,1,0,1,0
46,478731,3,4,4541,0,1,1,0
25,423047,1,3,6842,1,1,1,0
20,215689,0,5,4814,0,1,1,0
21,147227,4,4,4437,1,1,0,1
24,385208,5,1,7287,1,1,1,0
51,361277,1,1,4056,1,1,0,1
41,329807,4,0,2333,1,0,0,1
52,258895,4,1,4945,1,1,1,0
36,349983,2,3,5111,1,1,1,0
47,323699,5,5,3525,1,1,0,1
37,356835,5,4,2964,1,1,0,1
38,480870,2,0,2861,0,0,1,0
32,321997,4,3,3603,1,0,0,1
42,340947,4,4,5729,1,1,1,0
36,425462,5,4,1574,1,1,0,1
24,485296,2,5,1939,1,1,0,1
45,145005,2,5,4559,1,0,1,0
24,251691,3,5,4888,1,1,0,0
25,203006,1,0,4338,1,1,1,0
55,368263,2,4,5149,1,1,1,0
43,361774,3,0,2555,1,1,0,1
27,360610,5,2,4934,1,1,1,0
23,285092,4,1,2297,0,1,1,0
44,199217,0,4,4094,0,1,0,1
37,416445,0,0,4202,1,0,0,1
38,113552,3,4,4548,1,1,0,1
40,376986,2,0,5497,1,1,1,0
35,115538,1,2,4784,0,1,1,0
32,195623,0,5,2551,1,0,0,1
36,204319,4,4,1863,1,1,1,0
33,224059,4,3,1469,0,0,0,1
38,174730,5,2,4720,1,0,1,0
33,200167,1,0,4220,1,0,1,0
34,297478,4,5,3121,1,0,0,1
42,247871,0,1,3604,1,1,0,0
36,280389,1,2,5905,1,1,1,0
31,71876,2,3,3184,1,1,0,0
49,385074,3,3,1530,1,1,0,1
52,327537,2,3,3909,1,0,1,0
39,263268,1,2,2927,0,1,1,0
25,309651,1,0,5149,1,0,1,0
56,322912,5,1,2922,1,0,0,1
23,324434,2,0,3231,0,1,1,0
45,257615,2,1,3664,1,0,1,0
26,70380,0,5,2456,0,1,1,0
23,291388,1,2,4444,0,1,1,0
45,467861,5,5,5229,0,1,1,0
44,389325,3,2,4226,1,1,0,0
46,364133,4,0,5006,1,1,1,0
21,258654,3,3,6397,1,1,1,0
43,116011,4,1,1601,0,1,1,0
39,193332,5,0,5373,1,1,0,0
30,433839,4,2,2897,1,1,0,1
43,88388,2,2,2265,0,1,0,1
30,451294,3,4,3675,0,1,1,0
24,432923,0,0,3688,1,1,0,1
43,424430,0,5,6456,1,1,1,0
23,317061,2,1,2737,0,1,1,0
56,363929,0,3,6991,1,1,1,0
49,90444,3,1,4730,0,1,0,1
40,218451,1,3,1611,1,0,0,1
53,367138,4,3,6140,1,1,1,0
53,433066,0,5,5890,1,1,1,0
39,151412,1,5,2352,0,1,0,0
28,77704,2,0,4437,0,1,0,1
38,390112,3,2,5220,1,1,0,1
35,358015,2,0,6768,1,1,1,0
55,328288,3,3,6288,1,1,1,0
45,297139,3,2,1564,0,1,1,0
48,258307,0,0,5492,1,1,1,0
29,306793,4,2,6237,1,1,1,0
35,213598,0,1,4600,0,1,0,1
45,163926,2,2,4082,1,0,0,1
26,334938,1,0,4516,0,1,1,0
26,249969,0,3,2585,1,1,1,0
36,387122,5,5,3717,1,1,0,0
46,292432,4,5,3118,1,1,0,1
44,250764,4,2,3868,0,1,1,0
30,348175,5,2,5237,0,1,1,0
24,165726,4,0,1655,1,0,0,1
54,298281,1,2,4203,1,0,0,1
41,207841,5,4,2298,1,1,1,0
26,465146,1,5,6281,1,1,1,0
42,217035,1,3,3870,1,1,1,0
33,241765,2,5,2110,1,1,0,1
32,251726,4,5,3173,1,0,1,0
42,454532,5,1,6262,1,1,1,0
52,264564,2,4,6454,1,1,1,0
54,448103,2,1,7137,1,1,1,0
45,346718,1,3,3640,1,0,1,0
54,287700,2,3,5065,0,0,1,0
43,461334,4,4,6340,1,1,1,0
31,321745,1,3,6889,1,1,1,0
25,481534,3,3,5306,1,1,1,0
37,204510,5,3,2682,1,1,1,0
29,481189,3,2,4932,1,1,1,0
41,202474,2,3,4548,0,1,0,0
35,412402,1,5,5660,1,1,1,0
51,245065,2,1,5238,0,1,1,0
52,329383,0,2,1800,1,1,0,1
39,76008,5,5,4556,0,0,1,0
23,129466,0,5,4793,1,0,1,0
50,332139,0,2,6177,1,1,1,0
36,342901,4,3,5125,1,0,1,0
44,399515,2,1,2331,0,1,1,0
25,327654,1,5,1984,1,0,0,1
41,432128,1,0,4249,1,1,0,1
21,264316,1,2,5863,1,1,1,0
34,244215,2,5,1542,0,1,1,0
55,249349,2,3,3231,1,1,0,1
46,165067,0,1,3896,1,1,0,1
25,305143,2,5,1813,0,1,1,0
25,489470,4,5,7210,1,1,1,0
54,271388,2,5,5179,1,1,1,0
52,199605,5,3,5127,0,1,0,0
43,310197,4,3,6253,1,1,1,0
30,262872,5,3,5183,1,1,1,0
49,443501,5,2,4687,1,0,1,0
41,249510,0,0,2619,1,1,1,0
56,466843,5,4,3228,0,0,0,1
27,178597,3,1,3725,0,1,1,0
24,311762,4,4,4328,0,1,0,0
20,189629,5,1,1702,1,1,0,0
27,169213,3,1,2306,0,1,1,0
25,272876,4,1,3358,0,1,1,0
33,272972,3,4,4505,1,1,0,1
24,489964,2,0,5321,1,1,1,0
40,221234,0,2,4986,1,1,1,0
28,76037,3,4,1692,0,1,0,1
33,269691,4,5,5181,0,1,0,1
23,460723,4,4,6186,1,1,1,0
25,485660,5,5,4299,1,1,0,1
26,393707,4,4,3030,0,0,1,0
41,368017,3,4,3393,1,1,0,1
50,414408,3,4,4340,0,1,1,0
50,427893,5,4,3208,1,1,0,1
33,326084,3,0,3030,0,0,0,1
53,186158,5,1,3467,1,1,0,0
35,146130,1,0,3421,0,0,1,0
27,483387,1,3,3284,1,1,0,1
55,343692,2,5,4676,0,1,0,1
49,227419,5,2,1593,1,1,0,1
26,333917,3,1,6981,1,1,1,0
45,320890,2,4,5790,1,1,1,0
22,81100,1,0,1949,1,1,0,0
48,480791,5,3,2310,0,1,1,0
33,435390,4,2,6010,1,1,1,0
48,258024,2,2,5355,1,1,1,0
27,217683,5,3,4516,1,1,1,0
36,174255,5,3,4535,0,1,1,0
21,193196,3,3,3323,1,1,0,1
52,356252,0,1,6671,1,1,1,0
28,243607,2,1,5280,1,0,1,0
26,442913,1,4,4877,0,1,1,0
20,220823,2,0,2411,0,0,0,1
27,143328,1,1,3162,1,0,1,0
53,307852,1,1,4851,1,0,1,0
54,290350,3,0,5159,1,1,1,0
46,79090,4,0,4284,1,0,0,1
26,484153,3,5,1608,1,0,1,0
20,293083,3,1,2415,0,1,1,0
38,338840,2,4,2054,1,0,1,0
46,287325,4,4,2644,1,1,0,0
48,105239,1,3,5008,1,1,0,1
47,130909,1,3,4741,1,1,0,0
23,123414,3,3,4323,0,1,1,0
40,345663,4,5,7130,1,1,1,0
28,485271,2,3,2138,0,1,1,0
34,346857,1,5,5149,1,0,1,0
44,237012,2,4,3256,1,1,1,0
20,166829,3,3,4385,1,0,1,0
50,273110,3,4,4510,1,0,0,1
46,251828,3,0,6227,1,1,1,0
20,97048,1,2,2057,0,0,0,1
45,419354,0,1,6680,1,1,1,0
26,254488,5,1,2341,1,1,0,1
24,430557,3,4,2020,1,1,0,0
33,278980,1,5,3227,1,1,0,0
20,252321,4,3,6843,1,1,1,0
37,433662,1,4,2597,1,0,1,0
25,458955,3,3,3006,0,0,0,1
50,256153,1,3,6172,1,1,1,0
38,310793,1,5,6304,1,1,1,0
21,71269,5,0,5201,1,1,0,1
45,140815,5,1,3354,0,0,1,0
35,252033,1,3,4005,0,0,0,0
26,443659,0,3,2420,1,0,0,1
39,302743,0,2,6325,1,1,1,0
43,389895,1,0,6615,1,1,1,0
31,315501,4,1,3719,0,1,1,0
24,468476,3,0,4453,1,1,0,1
40,336744,1,0,6597,1,1,1,0
30,141526,3,5,3717,1,1,0,0
24,268993,2,3,3117,1,1,0,0
42,252623,5,5,3559,1,1,0,0
53,385367,1,1,2362,1,1,0,1
35,374030,5,4,2117,1,1,0,1
34,425464,1,2,1609,1,1,0,1
46,227317,3,4,1730,1,1,1,0
56,466901,1,0,3833,1,0,0,1
39,218146,2,0,5214,1,1,1,0
40,236001,4,5,1641,0,1,1,0
50,465128,5,5,4284,1,0,0,0
34,345879,5,4,6474,1,1,1,0
24,456665,4,1,6373,1,1,1,0
52,205627,3,4,2710,0,0,1,0
51,215733,0,2,2609,1,1,1,0
51,171289,3,3,4493,0,1,0,0
52,346011,1,2,5356,1,1,1,0
43,431521,3,2,4716,1,1,0,1
48,225737,5,2,4378,1,0,1,0
31,479627,0,4,5700,1,1,1,0
54,251892,0,3,2509,0,1,1,0
28,428842,3,4,2603,0,1,1,0
49,97097,0,3,4257,0,0,1,0
41,321130,5,2,4894,0,1,0,1
50,364310,1,5,5406,1,1,1,0
33,334328,5,4,2538,1,0,1,0
41,445302,5,4,1638,1,0,1,0
55,324867,1,3,5410,0,1,1,0
51,355036,2,0,2174,0,1,0,1
21,236660,3,2,2813,1,1,1,0
56,203330,0,3,1844,0,1,1,0
23,345737,1,1,3250,0,1,0,0
54,318369,5,1,2441,1,0,1,0
53,97351,0,1,4995,0,1,1,0
33,300338,3,2,7107,1,1,1,0
56,355956,4,0,5741,1,1,1,0
25,312776,0,3,4572,1,0,1,0
23,106213,3,4,2542,0,1,1,0
44,299496,5,0,5889,1,1,1,0
51,111353,2,0,2176,1,1,0,1
22,311274,4,1,7227,1,1,1,0
56,450836,1,5,5078,1,1,1,0
26,82798,5,4,3541,0,1,1,0
33,266108,5,3,5567,1,1,1,0
54,446599,1,0,1980,0,1,1,0
29,434589,0,3,2880,1,1,0,1
28,65866,3,2,4963,1,0,1,0
22,313519,5,1,6494,1,1,1,0
52,186220,3,0,4800,0,1,0,1
46,130032,0,2,3248,0,1,1,0
30,424057,2,2,6983,1,1,1,0
50,307518,0,1,1519,0,1,0,1
31,272299,3,2,6934,1,1,1,0
24,89534,2,1,2972,0,0,0,1
32,354624,2,1,4944,1,1,0,1
25,131125,5,4,1877,1,0,0,1
20,301819,1,2,2124,0,0,1,0
28,232367,3,1,3483,0,1,1,0
42,293851,3,1,5288,0,1,0,0
31,455094,3,5,3127,0,1,1,0
32,388453,2,2,6486,1,1,1,0
37,169116,2,4,4737,1,0,1,0
51,185587,5,0,3096,0,1,1,0
52,172061,2,5,3256,0,1,0,1
48,292692,4,0,5281,1,1,1,0
33,231377,1,4,3175,1,1,1,0
27,367393,0,1,7058,1,1,1,0
45,78013,2,2,2782,1,0,1,0
36,327684,4,0,4915,0,0,0,0
48,212867,1,5,4830,1,1,1,0
30,352134,5,3,3159,0,1,1,0
50,474584,2,3,5950,1,1,1,0
23,399869,4,3,1930,0,1,1,0
44,362735,3,1,4605,0,1,0,1
20,351799,3,2,5013,1,1,1,0
20,361669,0,3,1915,1,1,0,1
54,146273,5,0,2439,0,1,0,0
40,189888,3,5,2472,0,1,1,0
51,372558,1,0,5675,1,1,1,0
32,69557,1,0,2630,1,0,1,0
53,433124,0,1,5910,1,1,1,0
32,393317,2,0,5089,1,1,1,0
49,448663,1,0,3244,0,0,1,0
45,232045,5,4,3715,1,0,1,0
46,432427,2,1,1822,0,0,0,1
40,433138,0,2,6538,1,1,1,0
48,444380,2,0,1608,1,0,1,0
25,276306,5,5,3370,1,0,1,0
31,373936,2,3,6315,1,1,1,0
33,398201,0,4,6418,1,1,1,0
50,284368,0,2,3277,1,1,0,1
48,99552,3,4,3805,1,0,1,0
26,122437,2,2,3246,0,1,1,0
24,234079,4,2,3859,1,0,1,0
43,379394,2,4,6453,1,1,1,0
32,482642,5,2,6503,1,1,1,0
41,290359,4,2,3493,0,1,0,0
25,74602,5,0,2500,0,1,1,0
55,336599,0,2,6577,1,1,1,0
50,316920,3,1,5684,1,1,1,0
32,411397,1,3,4510,1,1,0,1
22,362131,0,1,3250,1,1,0,0
27,482388,1,3,6900,1,1,1,0
35,324750,1,5,5235,0,1,1,0
35,326891,4,5,2538,1,0,1,0
38,328587,2,1,6069,1,1,1,0
55,270115,0,2,4951,1,1,1,0
52,222010,2,5,4796,0,1,1,0
33,185215,1,2,4128,1,0,1,0
33,203292,4,1,2999,1,1,0,1
26,351919,3,5,3358,1,1,0,0
46,121407,1,1,3638,0,1,1,0
23,289216,1,2,6308,1,1,1,0
36,357540,5,0,3012,0,1,0,1
27,476325,3,0,6180,1,1,1,0
24,457911,0,0,1843,0,1,0,1
34,441187,5,2,1794,1,0,0,0
32,273857,4,4,2966,0,1,1,0
40,468685,3,1,2458,0,0,1,0
49,169514,1,4,4185,0,1,1,0
20,145469,0,3,2441,0,1,1,0
41,372751,1,4,2632,1,1,0,1
35,119616,2,2,5399,1,1,0,1
36,346418,1,5,2206,0,0,0,0
48,391230,5,2,7092,1,1,1,0
34,413200,2,5,3780,1,1,0,1
42,301802,5,3,5654,1,1,1,0
51,483607,4,4,5287,0,0,0,1
44,87881,5,3,2111,0,1,1,0
40,104164,2,5,3391,0,0,1,0
52,371695,2,4,3569,1,1,0,0
55,369317,5,0,3629,1,0,1,0
56,238124,1,0,2532,1,1,1,0
40,224717,1,4,3404,1,1,1,0
56,426935,1,2,5455,1,1,1,0
56,268087,3,2,3179,1,0,1,0
53,443764,1,1,6947,1,1,1,0
46,111136,4,1,2452,0,0,0,0
32,166624,0,2,3154,0,1,0,1
46,296772,1,0,1530,1,1,0,0
34,346260,0,4,7285,1,1,1,0
26,243270,3,2,4635,1,1,1,0
32,353098,5,3,4256,1,1,0,0
27,284257,4,0,5110,1,1,1,0
42,338382,0,2,7160,1,1,1,0
44,204961,3,4,5012,1,1,0,1
51,428670,3,4,4696,0,1,1,0
51,380878,0,4,2631,1,0,0,1
37,349612,1,0,4755,0,1,1,0
52,361628,4,1,6918,1,1,1,0
38,454988,5,3,4053,1,0,1,0
55,224211,1,3,2477,1,1,0,1
43,376549,3,5,3278,1,1,0,0
32,137189,2,5,1978,1,1,0,1
34,251768,1,1,5131,1,1,1,0
46,253327,5,3,3609,0,0,1,0
47,337955,5,0,2410,0,1,1,0
55,262600,0,1,2560,0,1,0,1
43,192674,1,5,4551,1,1,0,0
32,414401,0,5,2475,0,0,1,0
51,120234,5,3,2991,0,1,1,0
22,422392,5,4,4651,1,1,0,1
49,193589,2,1,2319,1,1,0,1
33,323854,5,0,4980,1,1,1,0
51,187230,5,0,2153,0,0,1,0
53,97626,3,0,3294,0,1,0,1
26,250775,5,5,5014,1,1,0,1
53,417406,5,2,3259,1,0,1,0
53,378966,4,5,3985,0,1,1,0
37,293566,1,4,2770,0,0,1,0
48,121341,3,2,1613,1,1,0,1
37,458728,5,2,7181,1,1,1,0
52,437769,1,0,6866,1,1,1,0
42,244362,3,0,1926,1,1,1,0
46,437203,0,5,6946,1,1,1,0
54,489348,0,0,6821,1,1,1,0
53,171763,3,5,2525,0,1,0,0
22,237160,4,3,4636,1,1,1,0
21,275871,4,4,5189,1,1,1,0
21,167098,3,0,2366,1,0,1,0
38,400640,3,4,3808,0,1,1,0
38,235223,3,1,1885,0,1,0,1
40,417965,0,4,7096,1,1,1,0
44,333616,3,2,5339,1,1,1,0
22,374356,1,4,4102,1,1,0,0
52,219810,0,4,4742,1,1,1,0
45,205176,4,5,2296,1,1,1,0
36,420836,3,1,5752,1,1,1,0
48,259462,4,1,4629,1,0,1,0
36,274647,3,0,2764,1,0,1,0
30,206785,4,1,3776,1,1,0,1
33,379797,4,0,3018,0,1,0,0
25,141516,5,3,1926,0,0,0,1
54,350555,1,5,6818,1,1,1,0
21,384590,5,2,1489,1,1,0,1
26,325004,2,5,3428,1,0,1,0
36,417152,5,5,5412,0,1,0,1
34,425864,4,1,6550,1,1,1,0
50,135288,5,1,3380,1,0,0,0
51,478664,4,4,4181,1,0,0,0
25,262559,4,2,2420,0,1,0,1
43,394738,5,0,2784,1,1,0,1
49,237006,0,5,4898,1,1,1,0
43,160764,2,5,4733,0,1,1,0
28,353853,0,1,1508,1,0,1,0
24,106301,3,3,4004,0,0,1,0
52,395372,0,3,5143,1,1,1,0
20,288021,3,0,5109,1,1,1,0
39,438180,0,5,2832,1,0,1,0
51,442563,3,5,6199,1,1,1,0
37,272788,1,5,6879,1,1,1,0
54,332412,2,0,2016,1,1,0,0
33,371850,1,5,2989,0,1,0,1
53,307202,3,2,4266,1,0,1,0
51,293002,4,5,5327,1,1,1,0
44,241932,1,5,4209,1,1,1,0
48,341124,0,1,2395,0,0,1,0
28,345034,3,3,5159,1,1,1,0
44,459292,0,0,4891,1,0,1,0
28,239446,5,1,3265,1,1,1,0
29,443593,5,0,4203,1,1,0,1
52,275226,2,2,7233,1,1,1,0
24,468325,4,5,6875,1,1,1,0
29,175475,2,2,2449,1,0,1,0
43,468617,2,3,1937,0,1,1,0
47,287689,0,1,5657,1,1,1,0
52,256150,0,0,5479,1,1,1,0
43,343610,4,3,2786,0,0,1,0
43,440862,4,2,5102,1,1,1,0
42,354207,3,5,2481,1,1,0,1
34,75461,2,4,2639,1,0,0,1
40,374654,1,0,4972,0,1,1,0
45,311456,5,1,1856,1,1,0,1
32,126099,0,0,3976,1,1,0,1
23,429032,2,4,1798,0,1,1,0
35,227658,3,1,4375,1,0,1,0
49,355767,2,2,3542,0,1,1,0
42,255424,5,0,4082,0,1,1,0
52,158486,4,0,3415,0,1,1,0
33,360564,2,5,5983,1,1,1,0
45,264761,3,3,5182,1,1,1,0
23,335195,0,0,7141,1,1,1,0
41,163377,4,5,4187,1,1,0,1
43,277346,3,4,6343,1,1,1,0
41,476442,1,0,6276,1,1,1,0
48,274435,5,3,2518,0,1,1,0
55,224926,0,0,4714,1,1,1,0
31,359205,2,0,4562,0,1,1,0
34,471679,3,3,5458,1,1,1,0
25,391763,2,1,6291,1,1,1,0
50,411793,1,2,5189,0,1,1,0
45,255543,4,3,5817,1,1,1,0
55,265162,3,3,5318,1,1,0,1
39,487417,5,1,5008,1,1,1,0
52,145774,1,0,2361,0,1,0,1
34,393954,2,5,4772,1,0,1,0
22,481716,1,2,3135,1,0,1,0
33,237032,4,0,3256,1,1,1,0
46,278700,3,2,3706,0,0,1,0
46,390343,5,0,2154,0,1,0,1
37,216139,2,2,3224,0,1,0,0
30,478648,3,4,4973,1,0,1,0
43,216516,1,4,3581,1,0,1,0
38,268807,1,5,5159,0,0,0,0
45,203871,3,3,2253,1,1,1,0
33,220382,1,1,5209,1,1,0,1
47,81462,1,2,3140,1,1,0,1
39,168497,5,1,2706,0,1,1,0
50,420603,5,5,6578,1,1,1,0
34,106771,4,3,3495,0,1,0,1
38,350794,3,2,1555,1,1,0,1
35,402106,3,2,6297,1,1,1,0
40,255344,2,5,5454,1,1,1,0
37,431254,4,2,4895,1,1,0,1
49,316172,2,1,2290,0,1,1,0
41,296386,5,0,1585,1,1,0,0
36,390311,1,2,6681,1,1,1,0
33,313893,2,5,4190,1,0,1,0
31,328174,0,1,5252,1,1,1,0
46,272168,1,1,5598,1,1,1,0
49,349664,5,1,3849,1,0,1,0
45,405326,5,2,4045,0,1,1,0
51,74038,2,4,2375,1,1,0,0
40,182955,1,3,3392,0,1,0,1
45,246675,5,5,3087,0,0,1,0
30,205322,0,3,2148,1,1,0,0
36,366691,3,1,6358,1,1,1,0
32,263710,3,1,2299,1,0,1,0
50,484026,0,2,2336,0,1,1,0
36,484182,3,5,2882,1,0,1,0
42,391496,4,4,2292,1,1,0,1
56,135523,1,1,3692,1,1,0,1
38,371101,5,1,6018,1,1,1,0
29,238063,1,2,3859,0,1,1,0
50,253100,2,4,5417,0,1,1,0
30,220375,1,4,2632,0,0,0,1
53,330058,1,5,5051,0,1,1,0
54,377631,5,2,6007,1,1,1,0
30,347862,5,2,4958,1,1,1,0
45,280030,1,4,5822,1,1,1,0
42,431296,5,4,5415,1,1,1,0
32,137651,4,1,4855,0,1,1,0
47,400435,4,3,6220,1,1,1,0
34,286534,3,2,4091,1,1,0,1
42,420267,0,3,4664,1,1,0,0
38,488744,2,0,3486,1,1,0,1
51,455678,0,4,5296,1,1,1,0
20,184586,3,3,2387,0,1,1,0
37,174094,0,5,2899,1,1,0,1
43,395745,4,3,5326,1,1,1,0
49,140362,2,2,5235,1,0,0,0
29,114358,3,1,4255,0,1,0,1
38,436470,4,2,3601,1,0,1,0
55,387971,3,1,3746,1,1,0,1
49,485085,2,1,7242,1,1,1,0
32,428753,4,3,6239,1,1,1,0
32,425933,0,4,5761,1,1,1,0
37,429746,3,0,6930,1,1,1,0
45,411596,4,2,5308,0,1,1,0
29,349245,5,3,2551,0,0,0,1
50,209354,0,0,2317,1,0,1,0
44,107832,2,1,4588,1,0,1,0
25,261716,3,0,4688,1,1,0,0
40,146065,5,4,5295,0,1,1,0
43,269380,5,2,5568,1,1,1,0
29,299196,0,0,1651,0,1,0,1
46,434203,4,0,2876,1,1,0,1
33,336823,2,3,5002,1,1,1,0
50,218181,1,5,2475,1,1,0,1
37,352118,2,3,1968,0,1,1,0
35,151729,0,5,2731,1,1,0,0
37,131120,5,5,2971,0,1,0,1
28,489560,2,1,5824,1,1,1,0
29,111873,5,0,4008,0,1,1,0
53,202760,0,5,1711,0,1,1,0
56,459009,0,1,7247,1,1,1,0
34,326554,1,2,7222,1,1,1,0
43,406381,0,5,7222,1,1,1,0
28,222129,1,0,4738,0,1,1,0
42,253318,3,0,3223,1,0,0,0
28,482731,3,2,4668,1,1,0,1
27,293770,3,2,5265,1,0,1,0
33,350904,0,4,5476,1,1,1,0
42,460662,4,2,5295,1,1,1,0
22,287098,2,0,3664,0,1,1,0
20,405978,1,3,2263,1,1,0,0
50,206528,0,4,5218,0,1,0,1
55,135791,4,4,2540,1,0,1,0
47,74593,1,1,5387,0,0,1,0
25,101831,3,1,3733,0,1,0,0
48,291906,4,0,5642,1,1,1,0
47,281050,0,3,6250,1,1,1,0
48,372778,2,1,7009,1,1,1,0
45,187671,5,0,2611,1,0,1,0
50,486909,5,0,5293,1,1,1,0
56,400427,4,5,6072,1,1,1,0
53,411953,5,4,1727,0,0,0,1
50,263168,0,0,6675,1,1,1,0
27,449099,1,4,5581,1,1,1,0
30,391635,2,1,6895,1,1,1,0
33,405732,3,3,7267,1,1,1,0
29,130414,5,1,3040,1,1,0,1
28,480695,4,5,3617,0,1,0,0
22,462977,5,0,2949,1,0,1,0
42,157352,1,4,2725,0,0,0,1
42,421523,3,0,7154,1,1,1,0
36,244920,0,0,3861,0,1,1,0
47,329223,0,0,3129,1,0,0,1
54,289944,2,4,1733,1,1,0,1
36,120881,2,2,1615,0,0,0,1
41,360512,5,3,3046,1,1,0,1
52,201542,3,2,3280,1,1,1,0
32,233180,3,0,4325,1,0,0,1
42,444687,3,4,1959,1,0,1,0
25,338755,1,0,4921,1,1,1,0
50,437692,1,2,1931,0,0,1,0
22,365136,5,4,5856,1,1,1,0
49,193329,5,2,2538,1,0,0,0
20,165581,0,3,1805,0,0,0,1
43,435805,3,1,4962,1,1,1,0
53,269390,4,0,5275,1,1,1,0
47,396521,0,5,6381,1,1,1,0
25,86907,0,5,1776,1,1,0,1
55,67429,5,3,4507,0,0,1,0
22,201221,5,1,4574,0,1,1,0
56,465303,1,1,1555,1,0,1,0
54,300290,1,2,3803,0,1,0,1
39,131894,5,2,4421,1,0,1,0
38,285067,5,2,4325,0,1,1,0
47,426633,3,2,1727,0,0,0,1
50,426137,0,2,4678,0,1,1,0
28,461305,1,5,6313,1,1,1,0
47,289885,1,1,3860,0,1,1,0
51,131001,2,1,3300,0,1,1,0
40,482936,2,2,5136,1,1,1,0
50,306700,2,4,2371,1,0,1,0
22,420586,0,3,4563,0,1,1,0
52,168361,5,1,5406,0,0,1,0
47,387252,1,0,6707,1,1,1,0
50,307342,0,3,5330,1,1,1,0
24,351797,1,3,3308,1,0,1,0
31,482114,3,1,2895,1,0,0,1
52,401999,0,0,4986,1,1,1,0
29,475885,2,3,4393,0,1,1,0
34,222728,4,0,3456,1,0,1,0
44,220049,4,1,3435,1,1,1,0
41,125494,0,2,3637,0,1,1,0
34,168370,2,1,2167,0,1,1,0
52,348662,0,4,4969,1,1,0,1
37,429541,3,2,1853,1,0,1,0
53,315518,0,2,5065,1,1,1,0
54,92990,4,2,1671,0,1,1,0
38,442136,2,4,5322,1,1,1,0
56,222936,5,2,2561,1,1,1,0
42,145301,1,2,3150,0,1,0,1
36,430218,3,5,5668,1,1,1,0
48,326661,0,0,4341,1,0,1,0
56,436333,3,3,4208,1,1,0,1
52,252819,1,1,2988,0,1,1,0
35,200094,3,3,3527,1,1,0,0
25,112949,3,0,2972,0,1,0,1
38,265303,5,3,3218,0,1,0,1
21,461738,2,5,6228,1,1,1,0
48,359373,2,0,2543,1,0,1,0
38,354727,0,2,5429,1,1,1,0
56,378271,2,2,2214,0,1,1,0
22,405697,2,5,2573,1,0,0,1
32,416470,0,2,5231,1,1,1,0
24,218141,4,0,5390,1,1,0,1
25,228159,3,4,3859,0,0,1,0
50,103775,1,5,1923,1,0,1,0
39,471475,4,0,2833,1,1,0,0
27,379396,4,1,1550,0,0,1,0
50,269701,5,2,5097,1,1,0,1
49,108051,4,4,3754,0,1,1,0
44,414335,2,1,5166,0,1,1,0
29,316653,3,5,4506,1,0,0,1
31,181324,1,5,5375,1,0,0,1
23,304614,5,4,6193,1,1,1,0
38,483913,4,0,7052,1,1,1,0
31,357875,3,5,3632,0,1,1,0
32,286386,5,4,6783,1,1,1,0
47,482698,1,0,6265,1,1,1,0
26,460483,2,3,7189,1,1,1,0
46,286105,1,2,2956,1,0,1,0
55,451912,5,2,6047,1,1,1,0
46,436003,5,4,6069,1,1,1,0
50,417039,4,3,5053,1,1,1,0
56,461323,2,0,7034,1,1,1,0
40,391048,5,3,5579,1,1,1,0
26,226437,5,3,5314,1,1,1,0
56,260989,2,4,5282,1,0,1,0
37,173568,1,4,4624,0,1,1,0
44,337256,4,0,6447,1,1,1,0
40,269061,2,4,5246,0,1,0,0
47,455770,0,3,1959,0,1,1,0
44,80487,0,4,5393,0,0,1,0
30,355477,0,5,6936,1,1,1,0
28,256508,1,4,7203,1,1,1,0
49,72077,2,0,4642,1,0,0,1
40,143799,4,5,1999,0,1,1,0
33,330171,2,4,7067,1,1,1,0
52,471665,4,3,4087,0,1,1,0
24,440761,4,1,5847,1,1,1,0
29,353914,0,2,2274,0,1,1,0
42,386203,5,0,5369,1,1,1,0
23,389258,2,5,5026,0,1,1,0
30,381272,3,1,4138,1,1,0,1
41,199162,2,5,2820,1,0,1,0
39,390798,5,2,5924,1,1,1,0
50,139143,4,3,4824,0,1,0,0
20,301731,3,4,2479,1,0,0,1
39,392634,0,0,5716,1,1,1,0
56,242823,4,0,4913,0,0,1,0
47,467507,0,2,4783,1,0,0,1
48,418920,1,5,2904,0,1,1,0
36,330544,4,0,4766,0,1,1,0
23,449860,3,5,5248,1,0,0,1
48,459517,2,1,7115,1,1,1,0
33,448755,2,2,4242,1,0,1,0
52,421355,1,3,5193,1,1,1,0
48,221730,3,5,2904,1,1,0,1
40,221854,5,2,2466,1,0,1,0
52,358649,0,4,5356,1,1,1,0
28,482088,3,2,2115,0,1,1,0
41,68402,3,3,3820,0,1,1,0
27,410335,3,3,1812,0,1,1,0
41,338789,0,2,4252,1,0,0,1
35,438407,1,3,3531,1,1,0,0
32,434140,3,5,5399,1,1,1,0
42,179090,0,0,1612,1,1,0,1
34,291525,4,1,2270,1,0,1,0
20,397933,4,1,4061,1,1,0,0
41,91988,0,5,4049,1,0,0,0
20,329420,3,3,5621,1,1,1,0
46,251572,5,4,6384,1,1,1,0
24,137818,2,5,3240,0,0,1,0
50,338563,0,1,2601,1,0,1,0
26,471279,3,0,4406,0,1,1,0
28,453641,2,3,2490,0,1,0,1
44,263642,1,0,5831,1,1,1,0
34,433334,1,5,2637,1,0,0,0
35,331158,4,0,5158,1,1,1,0
52,304567,0,1,6948,1,1,1,0
48,147100,3,4,5151,1,0,1,0
34,190166,3,0,1760,0,1,1,0
34,465702,1,1,6608,1,1,1,0
26,281041,3,1,3845,0,0,1,0
53,462058,3,1,2135,0,1,1,0
48,415182,1,0,5910,1,1,1,0
41,433736,1,1,7154,1,1,1,0
37,393786,4,3,5275,1,1,1,0
40,207233,5,3,3738,1,0,1,0
43,125576,2,0,5388,1,0,1,0
37,201214,3,1,4694,1,1,0,1
31,263384,5,0,6865,1,1,1,0
21,281765,4,2,5739,1,1,1,0
42,425219,1,4,5782,1,1,1,0
22,424500,0,5,2599,0,1,1,0
38,387762,0,4,5216,1,1,1,0
42,147496,0,2,2900,1,1,0,1
53,425077,0,5,3637,0,1,0,1
39,331419,1,4,3030,1,1,0,1
45,331221,1,0,6500,1,1,1,0
51,184625,1,2,3250,1,1,0,1
50,230367,3,5,4173,1,1,1,0
52,418942,1,4,5873,1,1,1,0
28,459414,4,3,6915,1,1,1,0
44,416998,2,0,2173,0,0,1,0
37,480443,0,1,1665,0,1,1,0
25,308260,3,4,5856,1,1,1,0
53,70912,4,5,3817,1,1,0,1
51,86341,2,4,2197,0,1,1,0
36,66744,5,4,1649,0,0,0,1
35,388140,4,5,4600,0,0,1,0
31,318558,4,2,5082,1,1,1,0
45,88758,0,5,4749,1,0,1,0
37,159121,0,3,4145,0,1,1,0
50,379189,3,2,3293,0,0,1,0
34,432297,2,0,5721,1,1,1,0
50,281305,1,1,6998,1,1,1,0
42,358906,2,1,7087,1,1,1,0
48,428233,1,4,2564,0,1,1,0
25,489376,0,5,2794,1,1,0,1
55,306903,2,4,2795,0,0,1,0
35,479390,3,2,1752,0,1,0,0
22,397263,0,4,5212,1,1,1,0
48,220432,5,5,4573,1,1,1,0
26,312192,2,1,6314,1,1,1,0
43,328608,1,5,2566,1,1,0,0
52,178191,0,0,2581,1,1,0,0
47,416397,1,5,4513,1,0,1,0
27,141541,0,5,4599,1,1,0,1
55,252154,4,4,5116,0,1,0,0
46,204652,1,4,2602,1,1,1,0
48,84499,5,0,1929,0,0,1,0
50,483149,2,4,4269,1,0,1,0
31,348449,3,3,3320,1,0,0,1
39,71633,4,0,4381,1,1,0,1
40,303474,3,1,2007,1,1,0,1
40,460262,2,1,2864,0,1,1,0
53,441864,5,0,4605,0,1,0,1
41,367874,2,1,2429,1,0,1,0
42,207519,2,5,4343,0,0,1,0
39,371381,5,3,5352,0,1,1,0
27,435093,3,3,4557,1,1,0,0
44,106780,4,0,3981,1,0,0,1
25,459729,5,2,5194,1,0,1,0
38,413867,0,1,5520,1,1,1,0
45,346198,1,5,3921,0,1,1,0
21,306984,4,1,5438,1,1,1,0
45,233240,4,5,2506,1,0,1,0
45,323075,3,4,6651,1,1,1,0
28,456545,4,4,2443,0,1,0,1
27,317431,0,2,5037,0,1,1,0
48,360512,1,4,5045,1,1,1,0
45,121579,1,4,3259,1,1,0,1
38,326566,3,2,5602,1,1,1,0
37,268159,3,2,5246,1,1,1,0
33,449956,0,5,6134,1,1,1,0
26,210324,2,0,4891,1,1,1,0
22,219942,3,0,4869,0,0,1,0
54,74713,0,2,1749,0,1,0,1
26,356188,2,2,4925,1,1,1,0
35,372867,2,0,5604,1,1,1,0
46,102804,3,3,5091,0,0,0,1
41,363707,1,4,6474,1,1,1,0
45,82298,2,1,1712,1,1,0,1
36,339810,3,4,1846,1,1,0,1
51,369432,0,3,1746,0,1,1,0
43,371613,2,3,5460,1,1,1,0
31,222604,2,1,2601,1,1,1,0
35,472297,1,4,5839,1,1,1,0
32,398372,4,2,2711,1,1,0,1
32,150595,2,1,1964,1,1,0,1
31,336506,2,2,5613,1,1,1,0
26,118919,1,2,3629,0,1,1,0
56,316008,2,1,3961,1,1,0,1
23,360004,0,2,6183,1,1,1,0
27,222914,3,4,4696,1,1,0,1
28,116595,0,5,2742,0,0,0,1
24,240137,4,2,4510,1,1,1,0
32,225385,2,0,3947,1,0,1,0
55,302969,4,3,2502,1,0,1,0
31,118902,3,5,3986,0,0,1,0
41,361666,5,3,5636,1,1,1,0
40,285299,5,0,5281,1,1,1,0
49,224068,0,5,4062,1,1,0,0
55,359448,4,0,4800,1,0,0,0
34,187514,4,2,2140,1,0,0,1
28,232192,5,1,1774,0,1,1,0
25,318907,4,1,6248,1,1,1,0
28,261856,5,1,5270,1,1,0,1
49,101479,4,3,3973,0,1,0,1
49,457926,0,2,5961,1,1,1,0
23,298802,4,0,4339,0,0,1,0
24,294262,3,0,2765,0,1,1,0
56,305908,1,1,1870,0,1,1,0
50,174458,5,0,4540,1,1,0,0
45,373651,1,3,3797,1,1,0,1
24,262459,3,0,1860,0,1,0,1
42,375006,2,2,2465,1,1,0,1
48,351223,4,4,1965,1,1,0,1
38,346820,4,2,6819,1,1,1,0
36,291232,1,0,2145,1,0,0,1
20,166358,5,1,5331,0,1,1,0
30,386880,0,4,6212,1,1,1,0
48,487229,5,4,5824,1,1,1,0
45,305222,4,2,4239,1,1,0,1
42,138713,1,1,1888,1,1,0,1
42,217028,3,5,3058,1,1,1,0
31,240792,5,2,4990,1,1,1,0
33,390014,3,3,2823,0,0,1,0
20,360267,1,0,5859,1,1,1,0
53,299703,1,3,2286,0,1,0,1
42,341002,0,5,6115,1,1,1,0
21,365819,0,5,3880,0,1,0,1
35,232397,5,3,2093,1,1,1,0
27,289546,4,0,6516,1,1,1,0
44,352428,1,3,3579,1,1,0,1
39,191228,3,3,2248,1,1,0,1
30,384535,4,3,5321,1,1,1,0
28,119170,5,3,5016,0,1,1,0
53,170201,5,4,4389,1,0,1,0
51,414187,0,2,4409,0,0,1,0
50,383227,5,1,4240,1,1,0,0
40,210498,1,0,1745,1,1,1,0
24,231876,4,2,4245,1,1,0,0
20,269441,5,3,2643,0,1,1,0
32,414792,1,3,5108,1,1,1,0
51,401104,5,1,7020,1,1,1,0
26,477338,1,1,5660,1,1,1,0
49,461901,4,0,4963,0,1,1,0
24,471251,2,5,3846,1,1,0,0
52,252034,1,1,4831,1,1,0,1
55,85158,5,1,1514,1,1,0,0
53,129129,0,0,5317,0,0,1,0
37,365230,4,1,5958,1,1,1,0
36,260370,3,2,4326,1,1,0,1
55,421375,4,1,4861,1,0,0,1
44,282755,1,0,5289,1,1,1,0
36,248400,3,1,2272,1,1,1,0
39,233401,3,3,4556,1,1,1,0
56,215400,1,1,2761,0,1,1,0
55,413503,4,2,4394,1,1,0,1
30,114667,3,1,4930,1,1,0,1
48,402605,3,2,4876,0,1,1,0
37,271241,5,1,5102,0,1,1,0
48,441055,1,4,6257,1,1,1,0
49,422859,5,0,3976,0,1,0,1
40,420951,0,2,1942,0,0,0,0
50,204192,2,1,5210,1,1,1,0
22,217232,5,4,2779,1,0,1,0
42,227862,5,5,5275,0,1,0,1
43,361971,3,0,5230,0,1,1,0
36,333351,1,4,1751,1,1,0,1
27,447159,5,1,2188,1,0,1,0
29,359469,3,1,5323,0,1,1,0
20,488844,1,5,4034,1,1,0,0
45,285891,0,0,5410,1,1,1,0
53,245817,2,0,3405,0,1,1,0
56,311312,1,0,4456,0,1,1,0
45,398088,1,3,2040,0,0,0,1
35,445855,3,3,2372,0,1,0,1
53,101388,2,4,2049,1,1,0,1
34,123112,2,2,2217,1,1,0,1
31,407820,1,3,3588,1,1,0,1
56,489245,1,1,2955,0,1,0,1
40,452861,4,5,4183,0,0,1,0
53,296347,2,5,3775,0,1,1,0
55,389481,5,2,3041,0,1,0,0
38,349234,4,3,4086,0,1,1,0
33,373271,4,0,2093,0,1,1,0
43,349283,3,0,5908,1,1,1,0
53,242129,5,2,2620,1,1,1,0
53,287178,1,1,4935,1,1,1,0
39,346301,1,1,2582,0,0,1,0
35,140248,3,2,5122,1,0,0,0
40,414089,1,0,1803,1,0,0,0
23,231111,5,5,5380,1,1,1,0
23,321529,0,4,7289,1,1,1,0
27,177708,2,5,4417,0,1,1,0
27,450589,5,3,3916,1,0,1,0
21,289897,5,4,3003,0,1,0,1
25,414815,1,1,5208,1,1,0,1
23,359769,5,1,1970,0,0,0,1
51,284538,1,2,1974,1,0,1,0
44,486429,5,1,1998,1,0,1,0
22,345985,5,0,4919,1,1,0,1
53,74275,0,0,2241,0,1,1,0
23,172919,2,3,5017,1,1,0,0
23,326463,4,4,4698,1,0,0,1
51,80473,1,5,2624,0,1,0,1
29,146803,0,0,2461,1,1,0,1
30,123404,5,4,2793,0,0,0,0
42,336649,3,2,3851,1,1,0,1
26,201545,1,0,4016,1,1,1,0
49,273492,2,5,5538,1,1,1,0
56,225443,0,4,2854,1,0,0,1
26,381496,2,5,6739,1,1,1,0
52,384974,5,2,6876,1,1,1,0
41,395004,1,3,5120,1,1,1,0
24,207459,1,1,2381,1,1,1,0
40,456444,1,1,1559,0,1,1,0
46,114493,4,5,4389,1,1,0,1
55,447023,4,4,5504,1,1,1,0
55,345700,0,1,3783,1,1,0,1
34,410890,0,1,2592,1,1,0,0
36,143374,1,3,2411,0,1,0,1
45,349989,5,0,5059,1,1,1,0
36,320202,4,0,6514,1,1,1,0
25,225012,3,5,2920,1,1,0,1
20,417148,5,2,2967,0,1,1,0
30,239074,4,3,4659,1,1,1,0
34,440784,3,1,7293,1,1,1,0
37,332170,3,5,7151,1,1,1,0
20,484967,4,5,5878,1,1,1,0
56,365398,1,1,2838,0,1,0,0
54,278887,0,3,4831,1,1,0,1
54,117282,2,5,1749,0,1,1,0
39,298143,5,2,2890,0,1,0,1
20,477010,5,1,6424,1,1,1,0
27,87994,1,1,1610,0,1,0,1
22,321610,2,0,2524,0,1,0,1
29,325198,4,2,2986,0,1,0,0
31,292464,5,1,4967,1,1,0,1
51,245691,3,1,5291,0,0,1,0
55,209172,2,1,2709,0,1,1,0
45,432913,4,5,6329,1,1,1,0
56,121166,5,4,3506,1,1,0,1
43,319079,2,2,6641,1,1,1,0
39,174219,3,3,4667,0,1,1,0
52,155702,2,0,2345,1,1,0,1
38,362278,1,3,4321,0,1,1,0
21,299700,2,1,1877,1,0,1,0
44,302313,1,4,6803,1,1,1,0
49,347773,3,4,7277,1,1,1,0
42,302884,4,5,6372,1,1,1,0
47,122800,5,4,4046,1,0,1,0
29,171260,2,2,4408,0,1,1,0
56,275639,2,4,3056,0,0,0,0
45,132430,0,4,1981,0,1,1,0
50,347350,1,2,2167,0,0,1,0
24,471236,1,4,4538,0,1,1,0
51,450342,3,5,3216,0,0,1,0
45,434069,4,5,7245,1,1,1,0
46,472568,5,5,5465,1,1,1,0
20,65163,4,2,1615,1,0,1,0
45,188301,1,2,5422,1,0,1,0
28,222166,0,4,2172,1,1,0,1
52,266473,5,5,5298,1,1,1,0
25,345325,4,0,5823,1,1,1,0
44,418110,2,0,2882,1,1,0,1
22,264885,1,3,5503,1,1,1,0
47,431189,5,0,3978,0,1,1,0
40,148237,5,5,4116,1,0,0,1
31,301050,0,4,3099,0,1,0,1
47,169551,4,5,1705,1,1,0,1
22,381600,0,1,5199,1,1,1,0
56,378954,3,4,1788,1,0,1,0
20,468791,5,5,5754,1,1,1,0
20,196167,1,4,3598,1,0,1,0
49,260905,0,4,4141,1,1,0,0
54,391903,1,4,7215,1,1,1,0
38,101089,2,0,3898,1,1,0,1
44,329944,3,2,5592,1,1,1,0
53,272073,3,1,4256,0,1,1,0
46,196476,1,2,3137,1,0,1,0
21,276319,0,4,7105,1,1,1,0
52,344626,3,1,4630,1,1,0,1
39,157383,3,1,4721,0,1,0,1
41,485832,4,3,5003,1,1,1,0
41,446760,3,4,3948,1,0,0,1
51,137313,2,3,2791,1,0,0,1
39,414316,4,0,5576,1,1,1,0
47,442428,2,0,6086,1,1,1,0
31,375994,5,2,2276,0,1,1,0
23,162507,3,3,2620,0,1,1,0
25,370151,5,1,4144,1,1,0,0
35,368586,3,1,5123,0,0,1,0
25,384911,3,4,5303,1,1,1,0
46,148930,4,4,3098,0,1,0,0
30,361288,2,5,1560,0,1,1,0
50,194527,5,3,3866,0,0,0,1
29,243810,1,2,1700,1,1,1,0
46,106214,5,0,3869,1,1,0,1
45,444208,5,2,6169,1,1,1,0
29,241461,1,3,4480,1,1,0,1
27,297321,2,1,3895,0,0,1,0
44,206856,3,2,5313,1,1,1,0
42,383357,1,4,1515,0,1,1,0
37,104299,5,0,3989,1,1,0,0
33,233450,3,4,1759,1,0,1,0
26,119335,1,5,4062,0,0,1,0
36,277312,5,0,6136,1,1,1,0
49,121417,2,1,3364,0,1,1,0
51,223458,1,3,5300,1,1,0,0
43,350577,3,2,3848,1,0,1,0
40,481989,4,0,7090,1,1,1,0
52,264605,4,4,4055,1,1,0,0
35,363473,0,0,4285,0,1,1,0
51,312493,4,5,6371,1,1,1,0
56,224961,2,4,5176,1,1,0,1
30,473911,5,5,3861,1,1,0,1
43,335932,0,0,5870,1,1,1,0
33,361855,3,1,1521,1,1,0,0
51,179225,2,3,5274,0,1,0,1
44,451862,3,1,5101,1,1,0,1
25,371590,0,1,7205,1,1,1,0
51,331302,5,4,1711,0,1,1,0
30,447951,5,0,1592,1,1,0,0
29,379804,5,1,3623,1,0,1,0
34,300248,1,4,5472,1,1,1,0
36,458776,4,5,5060,1,1,1,0
28,164191,4,2,2194,1,0,0,0
48,273795,5,5,5052,1,1,1,0
28,353993,0,2,4776,0,0,1,0
24,272336,1,0,6516,1,1,1,0
41,214316,2,2,3734,1,1,0,1
25,439748,0,4,6727,1,1,1,0
37,162448,1,2,3207,0,1,1,0
27,107662,3,3,2563,0,1,0,1
44,114725,5,5,4923,1,1,0,0
36,399466,4,2,3642,0,1,1,0
25,311953,2,2,3781,0,1,1,0
39,348661,4,4,7144,1,1,1,0
30,234901,1,4,2934,1,0,1,0
37,386447,1,4,3512,0,0,1,0
45,425773,0,0,6098,1,1,1,0
50,487242,1,3,4960,1,0,1,0
26,224089,5,3,3772,0,1,1,0
51,198775,5,1,2949,0,1,1,0
55,446230,5,3,3888,1,0,1,0
43,368177,2,3,6038,1,1,1,0
46,180285,2,1,3853,1,0,1,0
28,282130,0,1,4076,1,1,0,1
21,462909,3,4,4968,1,0,0,0
23,458265,4,2,7312,1,1,1,0
52,467139,2,4,3860,1,0,0,1
38,117143,3,0,3114,0,1,1,0
37,223692,3,0,5316,0,1,0,1
47,258954,0,5,5395,1,0,0,1
55,186160,5,2,5226,1,1,0,1
20,144920,3,2,1532,1,1,0,1
39,205881,2,0,3446,1,0,1,0
40,351224,2,3,5718,1,1,1,0
44,372039,2,5,4744,0,0,0,1
45,375605,3,2,5485,1,1,1,0
56,164539,5,4,2312,1,1,0,1
42,236959,3,0,3343,0,1,1,0
41,74674,2,4,4040,0,1,0,1
50,284517,0,0,6431,1,1,1,0
33,476306,0,2,2476,0,1,1,0
43,250304,3,2,5176,1,0,0,0
30,351966,3,0,5402,1,1,1,0
53,327978,3,3,7135,1,1,1,0
54,412285,1,0,3083,1,0,1,0
25,340250,2,2,2296,0,0,0,1
52,288548,0,3,3972,0,1,0,0
25,415595,4,2,3648,0,1,1,0
21,399880,5,3,3438,0,1,1,0
35,187726,0,4,5020,0,1,0,1
49,423410,4,2,2161,1,0,1,0
30,422655,4,3,2950,1,1,0,0
27,234835,1,1,1706,0,0,0,1
39,291982,4,1,5545,1,1,1,0
26,442570,1,0,3823,1,0,0,0
39,332060,2,1,4286,0,1,0,0
48,119460,0,1,1680,0,1,1,0
25,135847,5,4,5386,1,1,0,1
27,488619,4,0,6004,1,1,1,0
36,410823,2,3,4258,0,1,1,0
34,93208,2,2,2571,1,0,0,0
55,436444,1,3,1946,0,1,1,0
56,327808,2,3,5139,1,0,1,0
42,300535,1,5,7099,1,1,1,0
22,241655,0,2,2273,1,1,1,0
37,192229,0,2,1918,0,1,0,0
39,385914,4,4,2905,1,1,0,1
35,324343,2,2,3718,1,0,1,0
22,345030,5,5,1506,0,1,0,1
46,266537,0,2,6907,1,1,1,0
53,406571,4,3,5562,1,1,1,0
37,272369,3,4,4281,0,1,0,1
33,408751,0,1,5659,1,1,1,0
32,90096,2,2,3381,1,1,0,1
25,137786,5,5,4986,1,0,0,1
21,295893,1,0,5688,1,1,1,0
20,389369,5,4,4319,1,1,0,0
45,291990,3,4,4228,0,0,0,1
42,464309,2,2,3428,1,0,1,0
25,271610,4,0,3476,0,1,1,0
46,185654,4,3,1873,0,0,0,1
55,362887,4,2,4260,1,1,0,1
23,154361,0,4,1638,1,1,0,1
38,423479,5,2,3369,0,1,1,0
20,338763,4,1,4398,1,1,0,1
23,210649,0,2,3288,1,1,1,0
50,176154,5,5,2737,1,0,1,0
43,237288,1,3,3356,1,1,1,0
40,376902,1,2,2395,1,1,0,1
33,303425,5,3,5522,1,1,1,0
53,103125,4,0,2042,1,0,1,0
46,151330,3,2,4818,0,1,1,0
31,434559,3,3,6367,1,1,1,0
20,212811,4,0,4931,1,0,1,0
53,153934,4,3,1650,0,1,0,1
35,426641,4,2,7005,1,1,1,0
45,312922,5,3,6771,1,1,1,0
39,393273,0,3,5371,1,0,1,0
27,295272,2,1,3448,1,1,0,1
28,371156,0,1,6517,1,1,1,0
51,465477,0,4,3688,1,1,0,1
29,373104,3,5,5940,1,1,1,0
47,471234,5,5,5703,1,1,1,0
56,451993,3,2,4981,1,1,1,0
25,354901,0,0,5199,1,1,1,0
25,460971,0,5,6690,1,1,1,0
41,353807,4,0,6900,1,1,1,0
40,171024,0,4,1715,1,1,0,1
32,473099,2,5,2283,1,1,0,1
22,470579,2,2,3549,0,0,1,0
48,301812,1,1,4954,1,1,0,1
36,96197,0,4,3065,0,1,1,0
28,379028,0,1,5921,1,1,1,0
23,262375,2,1,6002,1,1,1,0
42,268259,3,0,5711,1,1,1,0
24,95602,3,1,2413,0,1,0,1
48,270639,2,3,5256,0,1,1,0
30,482495,0,1,2181,1,1,0,1
56,360920,1,1,6059,1,1,1,0
30,336642,1,1,5915,1,1,1,0
33,220473,0,4,2960,1,1,0,1
51,283794,3,4,6382,1,1,1,0
31,334562,1,1,6242,1,1,1,0
56,322531,1,5,5102,1,0,1,0
33,450009,0,4,6596,1,1,1,0
39,213829,2,0,2478,1,1,1,0
49,112845,5,2,2158,0,0,0,1
22,132547,0,0,4709,1,0,0,0
25,67031,4,4,3274,1,0,1,0
44,220870,2,5,2255,0,1,1,0
27,352317,1,3,6691,1,1,1,0
33,392019,5,1,5438,1,1,1,0
45,255400,1,3,7031,1,1,1,0
23,480443,3,0,4653,0,1,1,0
40,463971,5,2,5472,1,1,1,0
33,317262,2,0,4456,1,1,0,1
47,305103,1,5,4471,0,0,0,0
44,230657,0,2,1633,1,1,1,0
52,429819,4,5,3459,1,0,1,0
20,210378,0,1,3832,1,1,1,0
31,432886,0,2,6425,1,1,1,0
40,73675,1,2,3244,1,1,0,0
26,422753,2,5,7084,1,1,1,0
51,264282,5,0,5346,1,1,0,0
48,251873,0,0,3666,0,0,1,0
37,327213,2,2,5296,1,1,1,0
53,427275,1,2,6938,1,1,1,0
28,377402,5,3,6586,1,1,1,0
23,99711,4,0,3106,1,1,0,1
44,466739,5,1,3883,0,1,1,0
35,452592,5,5,3629,1,0,1,0
37,488591,5,1,2034,0,0,0,0
47,395282,4,1,5330,0,1,0,1
23,355215,4,1,1472,1,1,0,1
33,156167,4,4,5406,0,1,1,0
25,429840,1,0,7240,1,1,1,0
26,440633,5,2,5413,1,1,0,1
46,91633,4,2,3801,1,1,0,0
46,107942,5,0,2523,0,1,0,1
31,473014,1,3,5162,1,1,0,1
37,431051,4,4,5360,1,1,1,0
55,208457,4,3,2351,1,1,1,0
39,231119,3,5,5317,0,1,0,0
49,112338,0,4,2664,1,1,0,0
35,218520,3,2,2769,1,1,1,0
27,301275,5,2,5492,1,1,1,0
44,372602,2,1,5071,1,1,1,0
41,236008,3,2,2230,1,1,1,0
29,76900,2,1,2322,1,0,1,0
43,339691,5,4,6631,1,1,1,0
20,395538,2,5,2234,0,1,1,0
27,464174,4,3,4967,0,1,1,0
44,103652,2,3,4698,1,0,1,0
32,203883,5,1,4397,1,0,0,1
21,290392,3,3,5946,1,1,1,0
20,194191,3,3,4696,0,1,1,0
27,310038,0,4,7046,1,1,1,0
55,85090,5,2,4887,0,0,0,1
38,262361,5,5,7079,1,1,1,0
49,310942,5,4,4281,0,0,0,1
36,243528,5,5,3844,1,1,1,0
55,404732,5,3,4516,0,1,0,1
48,151707,4,2,4244,1,0,0,0
24,370779,4,4,2869,1,1,0,1
53,122526,2,3,1728,0,1,1,0
37,329880,3,4,6888,1,1,1,0
56,468259,3,5,1559,0,1,0,1
35,141944,4,4,4025,0,0,0,0
40,210292,2,4,5231,1,1,1,0
34,474698,0,1,5171,1,0,1,0
24,295488,4,3,3615,1,1,0,1
50,479595,4,1,4601,0,1,1,0
41,215458,2,0,2833,1,1,1,0
46,108686,2,2,2484,1,1,0,1
32,412855,2,4,7157,1,1,1,0
54,250686,4,4,5157,1,0,0,1
52,132112,5,1,2003,0,0,0,1
50,288683,4,4,1885,0,1,1,0
44,242125,1,1,3384,0,1,0,0
28,409898,0,3,3209,1,0,0,0
38,133731,2,2,3090,0,0,1,0
23,209143,1,4,4065,0,1,0,1
40,223171,4,4,3947,1,1,1,0
30,216328,1,5,1742,1,1,1,0
38,440391,5,0,2078,0,1,1,0
21,406083,0,0,5999,1,1,1,0
51,288783,3,0,5053,1,0,0,1
28,424118,2,2,5083,0,1,1,0
45,325848,5,0,3378,0,1,1,0
28,462968,2,3,2393,0,1,1,0
50,265181,4,3,6769,1,1,1,0
56,328361,5,5,4550,1,0,1,0
29,65215,4,2,3663,0,1,1,0
41,274729,0,0,6618,1,1,1,0
27,212835,2,3,5183,1,0,1,0
26,408086,5,2,5755,1,1,1,0
20,390154,3,1,3406,1,1,0,1
31,237835,2,5,2101,1,1,1,0
43,66406,4,0,3739,0,1,0,1
52,249366,1,4,2191,0,1,0,1
48,221209,5,5,2218,0,0,0,1
22,275689,2,4,3580,1,1,0,0
50,430287,5,3,5547,1,1,1,0
33,395095,0,4,6621,1,1,1,0
56,432661,4,2,5281,1,1,0,0
35,176983,5,2,4240,1,1,0,1
30,408464,5,3,6230,1,1,1,0
45,276532,5,4,2235,1,1,0,1
42,256433,4,4,4541,1,1,0,0
41,326236,3,4,6428,1,1,1,0
36,395391,4,0,5595,1,1,1,0
51,426263,2,5,4921,1,1,0,0
37,395346,3,4,6101,1,1,1,0
56,94959,2,4,2789,0,1,1,0
25,408628,1,4,2329,0,1,1,0
24,200524,3,0,2271,1,1,0,1
54,226922,4,1,5275,1,1,1,0
25,379293,5,1,3795,1,0,1,0
28,330816,2,4,4563,1,0,1,0
26,244164,5,1,5070,1,1,1,0
21,285943,3,2,2340,1,0,1,0
40,72611,2,0,4408,0,0,1,0
40,155700,5,3,2155,0,0,1,0
50,368058,2,3,2705,1,1,0,1
38,253802,0,2,3458,1,0,0,0
30,283095,5,4,7101,1,1,1,0
34,437234,5,1,6898,1,1,1,0
51,317700,2,4,6794,1,1,1,0
28,441610,5,3,5567,1,1,1,0
42,312831,5,2,2371,0,1,1,0
29,464807,5,4,4790,1,1,0,1
28,251454,2,3,5132,1,1,1,0
20,273924,4,5,5284,1,1,1,0
34,231395,0,3,4150,1,1,0,1
34,223494,2,2,1589,1,1,1,0
37,271291,4,1,6888,1,1,1,0
28,246925,5,3,2523,1,1,1,0
54,285674,1,2,6113,1,1,1,0
25,305508,3,1,6661,1,1,1,0
26,142136,5,0,2771,0,1,0,1
35,374754,3,1,2841,1,0,0,1
34,269219,3,4,4756,0,1,0,0
55,158436,2,5,3164,0,0,1,0
31,212862,3,1,3839,1,1,1,0
27,477223,0,2,7076,1,1,1,0
39,259840,3,0,7030,1,1,1,0
24,406375,4,0,7092,1,1,1,0
23,266563,0,2,4974,1,1,1,0
36,441875,3,4,5028,1,1,1,0
22,454250,5,5,6881,1,1,1,0
33,434505,5,5,4082,1,0,0,1
38,362173,3,4,2243,1,0,1,0
32,245396,1,4,1939,1,1,0,1
50,233306,2,5,1642,1,0,1,0
21,462113,3,4,4864,1,0,0,1
26,221355,5,4,5126,1,0,0,1
41,92327,4,5,5292,0,1,1,0
39,343125,3,3,7118,1,1,1,0
42,484798,5,5,2211,1,0,0,1
35,114324,5,3,2222,0,1,1,0
55,401328,5,5,5017,1,1,1,0
21,239265,3,1,3936,0,1,1,0
25,214680,4,2,5248,1,0,0,1
35,423934,4,5,4666,0,1,0,1
49,368418,3,2,3633,0,1,0,1
22,440311,1,1,5163,1,1,1,0
22,425253,2,2,6733,1,1,1,0
33,167388,0,1,3907,0,0,0,1
21,256158,2,4,3415,0,0,0,1
31,253345,5,2,4946,1,1,1,0
52,420023,3,1,2062,0,1,1,0
39,203327,0,2,3391,1,1,1,0
21,286086,2,5,5720,1,1,1,0
31,241292,4,4,1530,1,1,0,0
22,279788,3,4,5170,1,1,1,0
26,65068,3,4,2766,0,1,1,0
49,65290,0,2,5019,0,1,1,0
49,310236,2,2,6841,1,1,1,0
43,170159,3,2,3161,0,1,1,0
30,367803,3,2,1625,1,1,0,1
22,293574,0,0,2080,1,1,0,1
52,265980,0,1,3175,1,0,1,0
56,482909,5,1,6543,1,1,1,0
31,335776,1,3,4185,1,1,0,1
20,328496,0,5,7174,1,1,1,0
21,345705,1,4,1623,0,1,1,0
46,332269,1,5,5741,1,1,1,0
23,275608,4,1,7184,1,1,1,0
32,316267,4,3,6844,1,1,1,0
53,380374,1,3,3248,1,1,0,0
31,459854,0,2,5159,1,1,1,0
32,406414,2,0,3018,0,0,1,0
54,252951,5,4,7183,1,1,1,0
28,365742,1,0,7244,1,1,1,0
27,303399,3,3,3156,1,0,1,0
20,362663,1,5,3280,0,0,0,1
33,201337,4,0,2513,0,1,1,0
41,460708,0,4,5022,1,0,0,1
46,368847,0,3,2330,1,1,0,0
21,458193,1,5,5464,1,1,1,0
54,142237,0,2,2993,1,1,0,1
31,422015,5,3,6986,1,1,1,0
39,427604,3,5,6549,1,1,1,0
21,397447,5,2,1565,0,1,1,0
34,106882,5,0,4978,1,0,1,0
34,151899,2,3,1726,1,0,1,0
40,472935,0,4,2923,1,1,0,0
24,219088,3,5,2650,0,1,0,1
41,390956,0,3,6491,1,1,1,0
52,178511,3,0,3539,0,1,0,0
44,129006,3,0,2299,1,0,0,1
56,240452,3,0,4606,1,0,1,0
25,230824,2,2,3249,1,1,1,0
56,88062,0,2,1726,1,0,1,0
36,473579,5,0,4732,1,1,0,1
39,270822,2,5,3101,0,1,1,0
53,448207,4,1,6743,1,1,1,0
29,213170,1,5,1662,0,1,0,1
47,311659,2,5,5456,1,1,1,0
53,364675,0,0,4957,0,1,1,0
47,125805,5,2,3630,1,0,0,1
50,69868,5,1,1916,0,1,1,0
42,396906,0,0,3910,1,0,0,1
33,378923,5,1,6670,1,1,1,0
37,425677,2,4,4262,1,0,1,0
22,125581,3,0,2132,1,1,0,1
22,347071,3,3,5560,1,1,1,0
40,382508,1,2,5902,1,1,1,0
34,458285,3,3,5391,1,0,1,0
33,432654,3,1,5145,1,1,1,0
32,487922,4,5,3344,1,0,1,0
55,122777,4,4,2955,1,1,0,0
46,471656,0,4,6909,1,1,1,0
32,481510,4,0,2794,0,1,1,0
49,302444,3,2,4997,1,1,1,0
31,433172,4,3,5338,1,1,1,0
33,299921,3,1,5192,1,1,1,0
24,442256,0,0,4725,1,0,1,0
20,79385,0,4,2014,0,0,1,0
43,467014,4,3,3316,1,1,0,1
20,346701,3,4,4003,0,1,1,0
26,450110,0,5,6694,1,1,1,0
28,179642,0,1,3944,0,1,0,1
33,273641,2,4,5334,1,1,0,1
47,126782,2,4,1985,1,1,0,1
23,387630,3,3,4944,0,0,1,0
32,406994,4,4,3108,1,1,0,1
27,442894,4,1,4635,1,0,1,0
40,111669,1,0,1926,0,1,1,0
37,391376,1,1,2506,0,1,1,0
20,251771,4,2,3742,1,1,0,0
23,356561,1,5,5102,0,1,1,0
48,318912,4,1,2622,0,1,1,0
27,330857,3,2,4983,1,1,1,0
27,65348,4,3,5014,1,1,0,1
47,235432,4,3,3082,1,0,1,0
35,259220,1,0,6581,1,1,1,0
23,345125,5,4,4951,1,1,1,0
35,409449,1,3,1973,1,0,0,1
22,130069,2,1,3731,1,1,0,0
39,339873,5,4,4446,1,0,0,1
47,151035,2,0,4508,1,0,0,1
49,400500,2,1,3247,0,1,1,0
27,219130,4,1,3365,1,1,1,0
34,134261,0,5,5364,1,0,1,0
33,416239,4,1,5394,1,1,1,0
21,425832,4,2,5304,1,1,1,0
34,112380,2,5,2852,1,0,1,0
25,220682,3,0,4483,1,1,1,0
31,138030,2,0,1768,1,0,1,0
36,303247,5,3,6306,1,1,1,0
22,331223,1,4,2041,0,0,1,0
42,205251,3,5,3227,1,1,1,0
28,117185,0,1,4807,0,1,1,0
27,134645,5,2,2633,1,1,0,1
24,275655,4,3,5269,1,1,1,0
25,345985,3,1,4987,1,1,1,0
25,472019,5,5,2854,0,1,1,0
50,268676,1,4,1903,1,1,0,1
22,391052,1,1,7119,1,1,1,0
29,403417,0,1,5967,1,1,1,0
41,216561,3,2,2450,1,1,0,1
56,253382,1,4,2413,1,1,0,0
22,275388,1,5,4233,0,1,1,0
28,402833,1,3,6048,1,1,1,0
34,224415,0,2,1909,1,1,1,0
30,479455,3,0,4870,1,1,0,0
31,129203,3,1,4525,0,1,1,0
38,108147,2,4,5036,0,0,1,0
51,314538,0,2,3573,1,1,0,1
36,159018,5,2,3388,1,1,0,1
54,193589,3,4,4651,1,0,0,1
30,307406,3,1,4049,1,1,0,1
21,356350,4,4,6596,1,1,1,0
49,289942,5,2,2580,1,1,0,1
41,326785,2,0,6099,1,1,1,0
51,260808,0,3,7259,1,1,1,0
38,320675,4,5,2863,0,0,1,0
48,281144,5,2,6342,1,1,1,0
34,96120,5,4,2357,1,0,0,1
47,346484,1,2,5346,1,1,0,0
54,72322,5,3,4642,1,0,1,0
31,431473,5,5,3199,1,1,0,1
43,387966,5,0,6595,1,1,1,0
24,316702,1,1,5219,0,0,0,1
25,391819,2,4,3152,0,1,0,0
40,411882,0,5,5400,1,1,1,0
29,383063,3,2,6085,1,1,1,0
45,363674,0,5,5139,0,0,1,0
44,247821,0,3,4763,1,1,1,0
43,247224,2,5,2176,1,1,1,0
44,475296,2,0,6773,1,1,1,0
36,306369,3,5,5931,1,1,1,0
27,223671,4,3,2619,1,1,0,1
48,332491,1,0,5862,1,1,1,0
39,386429,5,0,5840,1,1,1,0
26,319193,4,0,1873,0,1,1,0
24,295127,3,2,2289,0,1,0,0
50,183610,0,5,3251,1,1,0,1
34,263934,1,4,7111,1,1,1,0
38,306110,2,2,2299,0,0,1,0
34,471113,5,4,3776,0,0,1,0
48,458456,5,0,4732,1,0,1,0
52,121745,0,3,1535,0,1,1,0
55,307344,0,4,3058,1,1,0,0
39,215979,0,5,2402,1,1,1,0
49,101587,5,5,2691,0,0,1,0
25,374189,0,4,4362,1,0,0,1
22,86302,3,1,2315,0,1,1,0
33,362258,0,1,6767,1,1,1,0
39,308818,4,1,4653,0,0,0,0
44,81767,2,2,2555,0,1,1,0
44,320063,1,2,1706,1,1,0,1
42,352401,0,0,3560,1,0,1,0
51,392950,1,0,7008,1,1,1,0
33,462996,0,0,6325,1,1,1,0
36,233834,0,1,4671,0,1,1,0
31,310578,4,5,2894,1,1,0,1
30,303224,2,1,3020,0,1,1,0
28,395172,3,3,6472,1,1,1,0
44,424443,0,5,5286,1,1,1,0
20,214013,0,1,3708,1,0,1,0
35,216782,2,1,2152,1,1,1,0
22,139322,5,5,3486,0,0,0,1
31,261405,4,1,2098,0,1,1,0
24,442095,5,0,7013,1,1,1,0
37,341028,4,3,5404,0,1,0,1
56,464808,5,3,2956,1,1,0,1
46,487041,4,0,5928,1,1,1,0
46,68285,5,2,2597,0,1,0,0
54,391820,0,0,5870,1,1,1,0
40,421803,3,2,1960,1,1,0,1
40,385571,3,4,3369,0,1,1,0
45,368704,1,1,2565,0,0,1,0
46,192149,1,0,5264,1,0,0,1
27,479037,0,2,5035,1,1,1,0
33,114544,5,3,2461,1,1,0,1
56,125678,0,3,5063,0,1,1,0
56,92996,0,3,2565,0,1,0,1
23,445752,3,2,4009,1,0,1,0
28,447809,5,1,1868,1,1,0,1
44,342381,5,5,1583,1,0,1,0
38,283993,2,3,4009,1,0,1,0
24,88442,1,2,3910,0,1,1,0
48,213601,3,4,1972,0,1,1,0
38,223059,4,3,3629,0,0,1,0
37,484551,2,4,6476,1,1,1,0
43,371518,1,5,1550,1,1,0,1
31,427131,2,2,2478,1,0,1,0
56,279405,3,1,4942,1,1,1,0
35,465140,3,0,4674,0,1,0,1
50,85397,3,2,3695,0,1,0,1
31,354858,1,4,6390,1,1,1,0
26,443557,2,2,5074,1,0,1,0
42,109055,5,5,2942,0,1,1,0
43,166057,2,3,1704,0,1,0,0
47,466681,2,5,2345,0,1,1,0
21,364320,0,5,2698,1,1,0,1
47,394332,4,0,6304,1,1,1,0
31,332045,1,4,6438,1,1,1,0
49,164179,1,3,1975,1,0,0,1
41,416248,1,2,4661,1,0,1,0
53,80350,1,3,4124,1,0,1,0
50,400903,1,3,6627,1,1,1,0
45,246535,0,2,3696,1,1,1,0
41,450464,4,3,3411,0,1,0,1
36,245708,1,4,4524,0,0,1,0
21,270235,0,2,3850,0,0,1,0
27,69440,3,4,1530,0,0,0,0
21,295200,0,3,6293,1,1,1,0
32,449245,2,2,5000,1,1,1,0
41,318404,4,0,4522,1,1,0,1
26,308456,0,1,2553,0,1,0,1
37,481988,5,1,4040,0,1,1,0
45,427759,1,1,4627,1,0,1,0
42,285963,4,1,4869,0,1,0,1
44,269507,4,1,3389,1,1,0,1
40,206339,0,1,4715,0,1,1,0
42,452201,4,2,2553,0,1,0,1
29,167980,3,1,2493,0,1,1,0
46,397552,0,5,2776,1,0,1,0
43,457209,5,2,6251,1,1,1,0
22,413461,0,2,4834,0,0,1,0
50,347620,3,1,6263,1,1,1,0
20,239825,2,0,2114,1,1,1,0
48,312263,5,4,4968,1,1,0,1
29,271201,0,5,2930,1,0,1,0
23,262861,3,4,6853,1,1,1,0
25,464236,3,2,5856,1,1,1,0
20,95233,2,1,3249,1,1,0,1
42,422857,5,5,2407,1,1,0,0
31,337584,4,3,6523,1,1,1,0
37,202662,2,4,3936,1,1,0,0
46,260127,4,5,2006,1,0,1,0
33,422937,2,1,2953,1,0,0,0
31,205158,2,0,2206,0,1,0,1
36,231125,5,4,2326,1,1,1,0
56,202549,5,3,4808,1,1,1,0
34,321615,1,2,5134,1,1,0,1
56,305687,2,2,7297,1,1,1,0
36,313050,2,4,5671,1,1,1,0
20,414342,3,2,4153,0,0,1,0
37,246844,4,2,2147,1,0,0,0
20,304409,2,5,2996,0,1,1,0
25,326800,3,1,2264,1,1,0,0
51,225503,4,5,3428,1,1,1,0
30,480443,5,0,2212,1,0,0,1
32,173203,0,5,4901,0,1,1,0
51,241530,5,0,2988,1,1,0,1
31,473092,1,5,3794,0,1,1,0
51,374059,5,4,2997,0,1,1,0
37,268538,3,0,2713,0,1,1,0
47,364186,2,4,1523,0,1,1,0
25,139760,2,0,1974,1,1,0,0
36,325237,0,5,4201,1,1,0,1
22,380058,2,3,4145,0,1,0,1
52,284167,1,2,2088,1,1,0,1
49,71565,4,2,1628,1,0,1,0
21,161688,4,2,3933,0,0,1,0
31,293435,4,1,6740,1,1,1,0
52,225355,4,3,1566,1,1,1,0
38,470937,1,4,1578,1,1,0,0
21,245717,1,4,2395,1,1,1,0
34,407285,1,2,5299,1,1,0,1
52,284301,4,1,6267,1,1,1,0
42,377358,0,1,5054,1,1,1,0
46,223952,4,2,4847,1,0,1,0
49,166423,0,2,2972,0,1,1,0
25,427455,1,1,6787,1,1,1,0
49,319441,4,1,2163,1,1,0,0
55,474743,5,4,4065,0,0,1,0
47,448008,3,4,4849,1,0,1,0
31,278527,5,3,1959,0,0,0,1
21,149091,5,4,3570,1,1,0,1
33,410572,4,4,6597,1,1,1,0
41,233603,1,5,4565,1,1,1,0
46,453511,5,3,2163,0,1,1,0
29,238174,3,5,5409,1,1,1,0
26,220169,1,0,4330,1,0,1,0
24,399054,4,0,2158,1,1,0,1
46,308484,2,5,4967,1,1,1,0
50,365695,1,4,3406,0,1,1,0
20,189470,3,1,3982,1,0,1,0
52,450451,0,1,4429,0,1,0,1
28,238346,1,5,3850,1,1,1,0
33,203676,0,2,3836,1,0,0,1
36,457735,1,3,1514,1,1,0,1
41,88362,3,5,2897,1,1,0,1
48,483951,3,2,3289,0,1,1,0
43,341888,5,0,7242,1,1,1,0
20,479745,1,2,7149,1,1,1,0
48,312438,3,3,6167,1,1,1,0
42,268558,0,2,1919,0,1,1,0
48,108187,5,2,2654,0,0,1,0
41,392665,4,1,6347,1,1,1,0
46,293542,4,4,2320,1,1,0,1
41,293947,5,2,2569,1,1,0,1
23,238522,0,1,2598,1,1,1,0
35,450798,1,4,5816,1,1,1,0
49,273557,4,1,6791,1,1,1,0
55,354027,1,3,1606,1,1,0,1
53,213571,4,4,3094,0,1,0,1
31,363893,2,0,4220,0,1,0,1
41,387278,0,3,5730,1,1,1,0
26,312297,5,5,5363,1,1,1,0
39,461992,3,5,4878,1,1,0,0
36,218992,1,3,1602,1,1,0,0
42,293085,4,2,6145,1,1,1,0
47,420760,5,0,5092,1,1,1,0
31,94878,2,5,3398,1,1,0,1
27,434955,2,4,5607,1,1,1,0
55,342848,3,4,6006,1,1,1,0
40,210612,4,0,4109,1,0,1,0
56,213673,3,5,2362,1,1,1,0
41,451216,0,0,3082,1,1,0,1
22,462861,3,2,2484,0,0,0,0
39,444797,5,3,1611,1,1,0,1
23,73638,1,0,4826,0,1,1,0
38,66355,4,4,3819,1,1,0,1
27,348565,5,5,2454,1,0,0,0
51,451132,0,0,7046,1,1,1,0
24,161222,4,4,3557,0,0,1,0
39,407511,5,0,7259,1,1,1,0
41,121299,3,3,2048,0,1,0,1
50,359461,3,0,2237,1,0,1,0
40,387609,4,2,6008,1,1,1,0
34,173799,4,0,2941,1,1,0,1
20,110549,5,3,4889,1,0,1,0
49,256436,1,1,5170,1,0,0,1
22,267738,4,4,4391,0,0,0,1
38,308705,1,1,5226,0,1,0,1
28,239879,0,1,4272,1,1,1,0
50,355311,1,3,3247,1,0,1,0
29,287780,2,4,5843,1,1,1,0
44,354648,0,0,1840,0,1,1,0
28,230068,2,5,3125,0,1,0,1
55,256317,3,5,5571,1,1,1,0
37,233328,5,1,3614,1,1,1,0
21,115133,0,5,5391,1,0,1,0
42,384729,0,0,4307,1,0,1,0
23,225407,5,4,2743,0,1,1,0
46,84879,5,5,5172,1,0,1,0
39,367401,2,4,5988,1,1,1,0
46,475529,2,4,5417,1,1,0,0
47,464377,0,1,5297,1,1,1,0
52,79257,2,0,4019,1,1,0,1
51,440780,5,5,6590,1,1,1,0
28,284737,4,1,6841,1,1,1,0
51,437899,0,0,4795,0,0,0,0
53,401159,4,5,3563,0,1,1,0
25,177674,1,4,1496,1,0,0,1
35,118514,4,3,2893,1,1,0,1
23,209787,1,5,1877,1,1,0,1
38,284469,1,2,5690,1,1,1,0
35,341796,1,4,5569,1,1,1,0
29,346734,1,5,5820,1,1,1,0
55,320068,4,2,1702,1,1,0,1
39,460784,2,1,3640,0,1,1,0
27,218678,5,5,2716,0,1,0,1
33,120812,3,1,2261,1,1,0,1
23,245140,5,1,3408,1,1,0,1
49,286415,4,3,6740,1,1,1,0
37,323141,3,0,6411,1,1,1,0
32,430267,5,2,4172,0,1,0,1
32,370520,5,1,3079,1,1,0,1
43,199327,2,2,2426,1,1,0,1
32,148690,3,2,2692,0,0,0,0
49,211954,5,1,3199,1,1,1,0
22,437331,3,1,3779,1,1,0,1
26,391905,0,2,5962,1,1,1,0
54,280768,4,3,3363,1,0,1,0
39,489091,4,2,5024,1,1,1,0
40,481808,1,4,4948,1,1,1,0
21,112767,5,0,2754,1,1,0,1
47,231212,4,0,2806,1,1,0,0
24,331028,1,5,4468,1,0,1,0
31,345534,1,0,5444,1,1,1,0
35,481074,4,4,5575,1,1,1,0
21,121885,1,0,2513,0,1,0,1
46,302532,1,3,6937,1,1,1,0
22,456506,4,3,2003,0,1,1,0
26,366936,1,2,5914,1,1,1,0
40,294530,5,2,3512,1,0,1,0
56,189197,2,3,2885,0,1,0,1
51,283681,0,5,5038,1,1,1,0
41,77027,0,2,1676,0,1,1,0
55,147655,1,4,4934,1,1,0,1
49,421388,1,5,5871,1,1,1,0
30,140918,2,0,2088,1,0,1,0
20,301936,2,2,4345,1,0,1,0
36,386608,0,1,3614,0,1,1,0
46,486374,1,4,2907,1,0,0,0
47,436943,2,2,3257,1,0,1,0
46,292985,4,5,3307,0,1,0,0
23,359622,3,1,2662,1,1,0,1
32,416589,0,2,3136,0,0,1,0
30,405291,5,0,1998,1,1,0,1
55,336303,2,1,7134,1,1,1,0
42,362639,3,1,6808,1,1,1,0
44,297260,3,1,3113,1,1,0,0
36,228643,4,3,1841,0,1,0,1
21,452151,2,2,2087,1,1,0,1
37,419118,4,5,3511,0,0,1,0
38,226261,2,3,3647,1,1,1,0
40,341287,2,0,1618,0,1,1,0
22,423303,0,2,3682,0,0,0,0
34,334447,0,4,6593,1,1,1,0
31,181994,3,0,3480,0,0,1,0
39,437276,2,0,4611,1,1,0,1
39,213680,1,0,2545,1,1,1,0
47,78922,5,0,4358,1,0,1,0
54,118342,1,0,2556,1,1,0,0
36,316392,0,0,5116,1,1,1,0
42,143318,1,0,1937,0,1,0,1
52,225440,0,5,2961,1,1,1,0
23,158372,0,5,1499,1,0,1,0
50,441512,0,5,1731,1,1,0,1
37,81272,5,3,3366,1,1,0,0
52,121647,0,0,4384,1,0,0,1
30,426233,2,3,2595,1,1,0,1
44,451479,0,1,5027,1,1,1,0
21,121163,5,0,4911,0,1,1,0
27,429439,2,2,3528,0,1,1,0
51,112904,1,1,2883,0,1,1,0
54,309456,0,0,6473,1,1,1,0
39,345087,2,4,5261,1,1,1,0
56,140353,0,0,1817,0,1,1,0
29,205188,4,3,2988,1,0,1,0
33,275796,5,4,4759,0,1,1,0
32,293007,1,4,7066,1,1,1,0
25,484848,4,3,3171,0,1,1,0
33,358924,2,4,2738,1,0,0,0
20,264239,5,4,3693,1,1,0,1
30,110237,4,3,4073,0,1,0,1
48,339490,5,1,6017,1,1,1,0
45,406474,0,4,6677,1,1,1,0
48,447554,3,1,6435,1,1,1,0
22,105377,5,3,2340,0,1,1,0
44,366431,1,3,7241,1,1,1,0
30,269486,0,5,5818,1,1,1,0
51,90311,2,3,2546,1,0,1,0
24,306894,3,1,6255,1,1,1,0
44,207802,2,5,4821,1,1,1,0
26,436733,4,3,3353,0,0,0,0
39,115164,4,5,1875,0,1,0,0
28,301011,1,0,5346,1,1,1,0
29,82083,3,2,4265,1,0,1,0
32,452182,1,0,3203,0,1,0,0
35,348302,4,4,5204,1,1,1,0
51,423430,1,0,3793,0,0,1,0
56,348207,4,0,1767,0,1,0,1
39,413833,2,5,7255,1,1,1,0
46,260029,3,0,6331,1,1,1,0
20,220299,5,4,5310,1,1,1,0
28,341763,1,1,3260,0,0,1,0
32,171303,2,4,5387,1,0,1,0
24,149683,1,2,3833,1,1,0,0
38,226251,1,4,5374,1,0,1,0
38,208581,2,0,2272,1,1,0,1
45,296197,2,0,6643,1,1,1,0
54,288174,3,0,4189,0,1,0,0
42,337857,1,0,5843,1,1,1,0
52,111094,4,5,5073,1,1,0,1
54,368744,3,1,5125,1,1,1,0
24,281117,2,1,3429,1,1,0,1
50,390445,3,0,6139,1,1,1,0
37,287735,2,0,4829,1,0,0,1
40,350421,2,0,3081,1,1,0,1
22,407572,5,1,6000,1,1,1,0
31,325980,5,4,6221,1,1,1,0
32,375385,5,0,3760,0,0,1,0
34,390807,1,4,6153,1,1,1,0
32,365428,5,4,6748,1,1,1,0
36,442017,5,0,3387,1,1,0,1
39,407538,0,5,6676,1,1,1,0
45,259505,4,4,2534,1,0,0,1
28,313133,4,4,2310,0,1,1,0
32,296276,3,1,3842,1,0,1,0
38,403238,3,4,4761,0,1,1,0
22,303268,1,1,2837,1,1,0,0
20,394192,0,5,1825,1,0,1,0
50,208413,1,1,4006,1,1,0,1
38,450522,4,2,5412,0,1,0,1
56,277560,2,4,6234,1,1,1,0
20,176801,3,1,4124,1,0,0,1
41,282404,0,3,3039,0,1,1,0
29,286978,1,5,3618,0,1,1,0
56,250170,0,5,4174,0,1,1,0
47,354433,2,5,5793,1,1,1,0
31,286485,3,5,4857,0,1,1,0
23,123384,2,3,1705,1,1,0,0
56,247057,5,4,3606,1,1,0,1
27,160419,2,5,2307,0,1,1,0
40,329388,3,2,5521,1,1,1,0
36,141745,5,2,4795,1,0,1,0
30,186039,5,1,4721,0,0,0,0
53,363858,0,4,6558,1,1,1,0
45,254954,4,4,4164,1,0,1,0
31,466082,5,1,4461,0,1,1,0
54,456261,1,5,6071,1,1,1,0
30,458159,3,2,4035,1,0,0,1
29,255943,1,2,7173,1,1,1,0
46,259286,0,2,5424,1,1,1,0
30,88690,3,1,2085,0,0,1,0
34,150374,0,3,3228,0,1,1,0
56,434824,5,0,5425,1,1,1,0
41,312374,3,2,6860,1,1,1,0
49,163332,1,2,1531,1,1,0,0
52,258967,5,5,5765,1,1,1,0
27,303462,1,0,1523,1,1,0,1
22,466741,4,0,7024,1,1,1,0
29,434234,3,1,2649,0,0,1,0
43,401730,4,2,6050,1,1,1,0
40,450783,0,4,7219,1,1,1,0
28,253282,3,2,5968,1,1,1,0
52,281672,2,4,1805,1,0,1,0
55,325830,0,5,7037,1,1,1,0
43,174350,4,3,3620,1,1,0,1
50,450928,4,3,4470,1,0,1,0
40,285759,0,2,5516,1,1,1,0
25,369799,3,5,6696,1,1,1,0
48,366974,5,4,5700,1,1,1,0
39,304159,5,2,4639,1,0,1,0
24,314291,0,5,7229,1,1,1,0
42,69074,1,5,2965,1,1,0,1
22,425849,1,5,7255,1,1,1,0
26,445850,3,1,3190,1,1,0,1
54,120243,1,4,3822,0,0,0,1
37,265565,2,1,6398,1,1,1,0
21,466225,2,4,2111,1,0,1,0
46,219168,2,2,4610,1,1,0,0
21,486582,1,5,2547,0,1,1,0
21,432392,2,4,3112,0,0,1,0
32,228161,3,3,2283,1,1,1,0
26,332507,0,0,3718,1,1,0,1
55,406705,1,0,7267,1,1,1,0
52,273131,5,2,6666,1,1,1,0
30,122394,2,4,3525,1,0,0,1
46,327291,3,5,5207,0,1,0,1
20,392814,2,2,6411,1,1,1,0
26,409085,4,5,5754,1,1,1,0
36,209430,1,1,3225,0,1,0,0
47,315804,5,1,5359,0,1,1,0
23,190956,3,0,3203,0,1,1,0
45,117090,5,3,2877,1,1,0,0
50,261668,5,4,5573,1,1,1,0
29,113584,4,2,5037,1,0,1,0
48,459443,3,1,4931,1,1,1,0
46,253992,4,1,1650,0,1,1,0
30,223000,1,5,4281,1,1,1,0
43,240526,4,0,4859,1,1,1,0
44,361438,2,2,2608,1,1,0,1
56,376349,4,0,3590,0,1,1,0
31,217244,2,2,3105,1,1,0,0
27,418196,1,3,6347,1,1,1,0
55,209872,2,4,5084,1,1,1,0
36,420294,4,3,5502,1,1,1,0
50,455707,1,5,4360,0,1,1,0
32,360672,0,2,4857,0,1,1,0
40,370069,0,2,4729,0,0,0,1
40,372224,1,2,7215,1,1,1,0
47,459257,2,0,6681,1,1,1,0
33,269898,1,1,4964,1,1,1,0
36,476571,2,1,5976,1,1,1,0
29,410146,5,4,1806,1,0,0,1
41,231280,4,3,4432,0,1,0,0
47,146859,4,5,2236,0,1,1,0
48,360872,1,2,5883,1,1,1,0
41,411792,3,3,2099,0,1,0,1
31,133452,5,0,5173,0,1,0,1
54,109192,2,3,1651,0,1,0,0
37,467487,5,5,6280,1,1,1,0
37,357075,5,5,6204,1,1,1,0
21,438234,4,5,7003,1,1,1,0
32,407439,0,5,2219,1,1,0,1
41,372864,2,3,2837,1,1,0,1
39,154773,1,1,3604,0,1,1,0
28,259560,4,5,7234,1,1,1,0
55,241015,4,0,4774,0,0,1,0
50,149021,4,0,4977,0,1,1,0
23,435469,2,0,7288,1,1,1,0
24,479962,4,5,4972,1,1,1,0
28,481235,1,4,6064,1,1,1,0
37,448967,1,3,3868,0,0,1,0
56,478072,0,2,6803,1,1,1,0
41,380429,2,2,5477,1,1,1,0
40,329998,0,1,2588,0,1,0,0
42,193476,3,0,2139,0,0,1,0
50,350769,2,5,4339,0,0,1,0
50,100842,5,1,4204,1,0,1,0
43,205907,5,0,3795,1,1,0,1
37,270424,3,5,2517,0,0,0,0
24,482481,5,5,1694,0,1,1,0
54,278776,1,0,6887,1,1,1,0
23,352620,5,3,6288,1,1,1,0
33,219574,3,0,2156,1,1,1,0
37,418863,2,3,5121,1,1,1,0
31,453772,1,2,4237,1,1,0,1
28,348109,3,3,4983,1,0,1,0
38,225382,5,3,2179,1,1,1,0
34,212096,5,3,3593,0,1,0,1
45,437345,3,0,5131,1,1,1,0
47,433975,3,3,6627,1,1,1,0
49,147140,3,4,1696,0,1,1,0
30,292153,5,2,3226,0,0,0,0
27,446734,0,5,4656,1,0,0,0
45,234998,2,2,4132,1,1,0,1
35,442269,0,3,2638,1,0,0,1
22,315996,4,1,4181,0,0,0,1
37,66381,5,0,3399,1,0,1,0
50,320434,2,0,2359,1,0,0,0
49,356241,1,1,3685,1,0,1,0
41,374146,2,3,5269,1,1,1,0
23,482973,2,1,6242,1,1,1,0
33,212969,2,3,2935,1,1,1,0
37,377455,1,1,6908,1,1,1,0
51,226320,3,3,3424,0,1,0,1
43,429138,3,5,1577,1,1,0,0
37,475316,4,1,2793,1,1,0,0
27,453978,4,2,3450,1,0,1,0
22,270246,4,2,4831,1,1,0,1
45,140162,0,5,3327,1,1,0,1
41,412210,4,1,4297,0,1,1,0
36,302702,2,0,5039,1,1,0,1
27,292243,4,3,5977,1,1,1,0
33,463354,1,3,7263,1,1,1,0
37,170517,4,2,3114,0,1,1,0
25,402661,1,3,5654,1,1,1,0
44,470851,5,0,4951,1,1,1,0
56,449038,0,1,6544,1,1,1,0
30,317242,3,3,5109,1,1,1,0
42,375172,4,0,3982,0,0,1,0
25,208758,3,0,5387,1,1,0,1
52,210473,2,3,2758,1,1,0,1
28,171210,1,1,3853,0,0,0,1
39,470879,1,0,6624,1,1,1,0
32,407157,4,0,5529,1,1,1,0
52,436693,1,1,2914,1,1,0,0
28,473417,5,5,5491,1,1,1,0
48,78406,3,5,3952,0,1,0,1
48,243631,2,5,4573,1,0,0,1
48,482933,5,3,3442,1,0,1,0
29,156825,1,5,3136,0,1,1,0
30,473179,5,1,7073,1,1,1,0
38,236951,2,5,4930,1,1,0,0
23,394710,2,3,6509,1,1,1,0
33,187179,5,3,4633,0,1,1,0
52,251190,1,5,6040,1,1,1,0
24,285318,0,3,4392,1,0,1,0
27,387451,2,5,3305,0,0,0,1
45,289299,5,3,6632,1,1,1,0
41,270810,0,0,1920,0,1,1,0
45,159960,1,1,3503,1,1,0,1
28,439332,3,5,1653,0,0,1,0
38,98515,1,0,3420,1,0,1,0
38,126208,1,1,1725,0,1,0,0
22,195328,4,2,1636,0,1,0,1
28,406691,5,5,5056,1,0,1,0
47,464119,4,4,2550,1,1,0,1
40,396258,0,5,3531,1,1,0,1
31,226643,2,4,2032,0,1,1,0
33,431759,1,5,6265,1,1,1,0
24,152652,1,2,5420,1,1,0,1
50,388897,3,3,7049,1,1,1,0
50,292764,0,5,4636,0,1,1,0
22,225613,2,5,4640,0,1,1,0
29,218007,0,4,5002,1,0,1,0
47,232613,2,4,3032,1,1,0,1
22,411945,2,3,3842,0,1,0,1
47,459473,2,1,5126,0,0,0,1
44,372196,2,0,4577,1,0,0,1
56,422716,5,5,5264,1,0,1,0
53,292564,1,5,4028,1,0,1,0
36,469146,1,0,4689,1,0,0,1
43,308519,5,4,5099,1,1,1,0
28,423558,0,5,3591,0,1,1,0
38,248105,3,4,4234,1,0,1,0
32,307871,5,0,6291,1,1,1,0
56,141407,5,3,3661,1,1,0,1
50,210248,3,3,4053,0,1,0,0
23,98736,5,2,3336,0,1,0,1
55,87657,3,0,4319,0,1,1,0
52,188168,2,4,4647,0,1,0,0
44,131618,2,3,2039,0,0,1,0
45,456677,1,3,5297,1,1,1,0
43,195821,2,2,1934,0,0,1,0
23,238784,3,3,3307,1,1,1,0
49,171103,2,1,4797,1,0,0,0
48,255608,0,4,4225,1,0,0,1
49,222321,3,5,4801,0,0,0,1
50,489201,4,4,5638,1,1,1,0
34,415578,0,1,5949,1,1,1,0
52,430042,1,4,3009,1,1,0,1
31,228391,0,1,3637,1,0,1,0
26,378113,3,2,7089,1,1,1,0
45,430982,1,5,7205,1,1,1,0
29,403016,1,4,4810,1,0,1,0
49,73849,2,2,3499,1,0,1,0
23,291125,3,0,1540,0,1,1,0
33,397946,1,3,3076,1,0,1,0
30,369215,0,0,3348,1,0,1,0
34,284992,4,3,4928,1,1,1,0
28,245089,4,4,3043,1,0,1,0
45,433593,3,5,5160,1,1,0,1
48,411509,2,1,4281,0,1,0,1
49,223747,1,1,2764,1,1,1,0
22,399615,0,2,4120,1,1,0,1
52,434814,3,5,1869,0,1,1,0
55,480509,2,0,6289,1,1,1,0
36,207262,4,0,2503,0,1,1,0
21,260361,4,4,2190,0,1,1,0
33,295286,0,0,4022,1,1,0,0
42,271340,3,3,5040,1,1,1,0
27,438526,2,0,5146,1,1,0,1
42,446211,5,0,7152,1,1,1,0
28,214853,1,0,4046,1,0,1,0
42,409829,2,5,4944,1,1,1,0
55,457754,4,5,7275,1,1,1,0
40,107136,2,0,1644,1,0,1,0
37,239720,2,5,4575,1,1,1,0
44,243151,3,3,2533,0,0,1,0
40,294575,2,1,1529,0,0,1,0
45,443658,2,2,4436,1,1,0,1
42,380379,3,1,4079,1,0,0,1
24,375910,1,2,4754,1,1,0,1
55,199372,1,1,2372,0,1,1,0
25,450741,2,1,4194,0,1,0,1
32,486562,1,4,4951,0,0,1,0
32,488716,5,0,1759,1,1,0,1
40,175722,2,2,2302,0,1,1,0
25,479435,1,1,7203,1,1,1,0
52,442382,1,0,6944,1,1,1,0
40,484303,2,3,5921,1,1,1,0
38,395091,4,1,1923,0,1,1,0
49,262653,3,3,6806,1,1,1,0
40,198466,5,2,3206,0,0,0,0
33,160349,5,5,4231,0,1,0,1
20,478649,4,2,3935,0,1,1,0
55,150855,3,0,3447,0,0,1,0
49,266359,3,3,7149,1,1,1,0
52,413094,3,3,3802,1,1,0,1
29,460650,3,0,5240,1,1,0,1
33,336782,1,2,6407,1,1,1,0
22,314461,0,0,4334,1,1,0,1
23,474093,2,0,1843,0,1,1,0
50,182710,5,5,5184,1,0,1,0
33,188157,3,0,4051,0,0,0,1
53,433241,0,5,1842,1,1,0,1
38,343021,1,5,4750,1,0,1,0
53,257062,5,5,5835,1,1,1,0
36,433750,1,0,3299,0,1,0,1
22,323905,4,3,2413,1,0,1,0
20,442525,4,5,6410,1,1,1,0
37,356306,5,0,3199,0,0,0,1
25,292753,5,2,6909,1,1,1,0
45,417359,3,5,2110,1,1,0,1
49,212251,2,4,1588,1,1,1,0
28,153147,5,1,2398,1,0,1,0
25,470817,3,0,4484,1,0,1,0
47,268140,2,3,3340,1,1,0,1
21,369524,1,5,5980,1,1,1,0
49,131277,1,4,1955,0,0,1,0
24,487056,4,0,3919,1,1,0,0
54,77336,2,1,1497,0,1,1,0
38,468272,5,2,1989,0,1,0,1
37,270964,0,3,5034,0,0,0,1
46,482503,5,0,4273,1,1,0,1
25,483966,4,1,5306,1,1,1,0
56,199628,2,3,2514,1,1,0,1
31,336734,4,5,3464,0,0,0,1
55,257831,3,4,4929,1,1,1,0
43,478874,3,3,4729,1,0,1,0
24,194060,1,5,2627,1,1,0,1
27,369324,1,2,5963,1,1,1,0
37,220127,5,5,4462,0,1,1,0
27,140547,1,3,3002,1,0,1,0
25,484905,0,5,2261,1,1,0,0
47,342158,0,2,2694,1,1,0,1
48,313782,1,4,4290,1,0,1,0
32,259903,1,0,5213,0,1,0,0
49,189995,0,2,4975,1,0,0,1
35,157257,5,4,3679,1,0,1,0
42,293764,4,0,6165,1,1,1,0
51,301982,5,3,5338,1,1,1,0
30,425660,4,5,5324,0,1,0,1
41,135091,0,3,4432,0,0,1,0
27,242955,4,5,1938,1,1,1,0
46,375419,0,5,4937,0,1,1,0
38,399466,1,4,2993,0,1,1,0
27,435516,0,0,5849,1,1,1,0
51,327204,1,1,5119,1,1,1,0
27,446251,0,5,3703,1,1,0,0
54,464709,1,5,4311,1,1,0,1
39,295100,1,2,5059,1,1,1,0
43,165240,1,2,3315,1,1,0,0
40,341424,3,4,5997,1,1,1,0
34,327515,4,3,7255,1,1,1,0
25,227760,3,3,3939,1,1,0,1
45,234993,0,4,3461,1,1,0,0
25,443642,0,3,2482,0,1,0,0
52,97630,2,3,2296,0,1,1,0
45,479062,5,1,2125,0,1,1,0
26,402085,5,2,5271,1,0,0,0
34,414661,2,4,4425,1,0,0,1
27,412872,4,1,2451,1,0,1,0
37,254571,3,0,3787,0,1,1,0
41,178767,5,4,3491,1,0,1,0
36,456480,4,3,4154,0,1,0,0
21,284012,0,1,4962,1,1,1,0
42,224584,0,3,4328,1,1,1,0
35,399825,3,1,1720,1,0,1,0
25,254078,0,2,4618,1,1,0,0
52,284755,3,5,3767,1,1,0,1
23,313187,3,0,4174,0,1,0,1
24,309135,5,1,6276,1,1,1,0
25,374390,5,4,4513,1,1,0,1
49,260583,2,5,5110,1,1,0,1
23,267961,1,2,2643,0,1,1,0
38,240095,2,3,3230,1,1,1,0
39,302455,4,4,2652,1,1,0,0
47,212748,0,4,2769,1,0,0,1
45,447768,1,0,5358,1,1,1,0
33,110681,4,5,2529,1,1,0,1
54,440952,1,4,4126,0,1,0,1
41,254666,0,2,6381,1,1,1,0
21,305714,3,4,6068,1,1,1,0
37,344307,3,0,6493,1,1,1,0
43,294010,0,3,5355,0,1,1,0
49,303392,5,2,2799,1,0,1,0
50,458841,0,5,1647,1,1,0,1
29,263103,5,2,5261,1,1,1,0
54,224864,2,0,2419,1,1,0,1
49,230601,5,4,3157,1,1,1,0
31,328658,3,1,3160,0,1,0,1
31,381079,1,3,2637,1,1,0,1
56,420914,4,4,6235,1,1,1,0
27,430669,5,2,5694,1,1,1,0
39,358083,5,5,5121,1,1,0,0
25,264787,2,1,6061,1,1,1,0
41,305307,2,2,4683,1,0,1,0
48,470628,2,4,2679,0,1,0,0
20,84904,2,0,4327,1,0,1,0
21,354322,0,5,7296,1,1,1,0
44,427843,2,0,4706,1,0,1,0
51,97694,2,3,4258,0,1,1,0
42,324012,1,4,1539,0,1,1,0
50,295960,0,4,4800,0,1,1,0
43,308100,3,4,3581,1,0,1,0
27,172828,4,3,2930,0,0,1,0
26,281532,3,0,5397,1,1,1,0
23,363190,0,2,5237,0,0,1,0
44,257061,1,2,3226,0,1,0,0
51,476624,5,4,1579,0,1,1,0
42,345805,4,4,4674,1,1,0,1
30,383885,2,1,5053,1,1,1,0
53,420851,2,5,7242,1,1,1,0
39,319021,2,4,1629,1,0,1,0
54,116529,4,5,2504,1,1,0,1
45,441038,0,5,6803,1,1,1,0
38,377870,5,1,2549,0,1,1,0
22,342437,4,0,6948,1,1,1,0
42,426578,2,4,5428,1,1,1,0
44,210961,0,5,4385,1,1,1,0
33,441900,2,0,2610,1,1,0,0
31,349729,1,1,5941,1,1,1,0
45,176470,0,2,1931,0,1,0,1
36,301821,4,5,6924,1,1,1,0
42,324444,2,1,5042,0,0,0,1
20,401227,3,3,2649,1,1,0,1
24,150566,4,5,2187,0,1,1,0
26,415036,3,3,6386,1,1,1,0
45,301817,5,2,7037,1,1,1,0
32,223832,4,4,5143,1,0,0,1
44,135458,4,5,1541,1,0,1,0
20,454359,1,5,2798,1,1,0,1
53,245074,4,3,3793,0,1,1,0
56,289112,3,5,5058,1,1,1,0
37,325938,0,3,5440,1,1,1,0
30,423282,5,4,4535,0,1,0,0
37,216135,4,0,3687,1,1,1,0
29,419084,0,4,5776,1,1,1,0
44,116197,1,3,4985,1,1,0,1
32,186950,5,1,5079,1,0,1,0
54,399576,0,3,6247,1,1,1,0
55,140642,2,3,2569,0,1,0,1
35,124750,2,5,3929,0,1,0,0
38,440527,3,0,6123,1,1,1,0
32,256613,0,5,4501,1,1,0,1
55,318469,3,5,2583,0,1,1,0
52,197947,0,2,4184,1,0,0,1
31,483339,0,2,3059,1,1,0,1
47,434887,3,3,2885,0,1,0,0
33,259188,2,4,7250,1,1,1,0
24,343567,1,5,5238,1,1,1,0
47,337283,1,3,1767,1,1,0,1
42,416016,4,4,5025,1,1,1,0
46,266418,1,5,5118,1,1,1,0
32,294637,4,5,2600,0,1,1,0
26,483356,1,0,5209,1,1,1,0
26,415812,5,1,4352,1,1,0,1
22,374257,1,0,1891,0,1,1,0
21,224680,2,2,4741,1,1,1,0
24,402947,4,0,3040,0,1,1,0
23,152996,2,2,2750,0,1,1,0
28,363541,2,0,7159,1,1,1,0
25,163324,4,0,4185,1,1,0,1
28,107169,1,1,4336,0,1,0,1
21,381682,0,0,6791,1,1,1,0
20,315155,1,2,3291,0,1,1,0
55,318998,5,4,4913,1,1,0,1
52,388742,1,1,3132,0,1,1,0
44,359274,2,2,2248,0,0,1,0
25,112701,5,0,2845,0,1,1,0
53,104949,1,1,5056,0,0,0,0
56,351512,0,1,2945,0,1,1,0
27,140303,5,2,1885,0,1,1,0
48,205678,1,0,1779,1,1,0,1
32,70119,0,4,4465,1,0,1,0
32,206459,2,1,4346,1,1,1,0
22,268018,2,4,5157,1,1,1,0
32,85080,4,1,5120,1,1,0,0
28,398765,5,1,2734,0,1,0,0
48,362212,4,3,7001,1,1,1,0
43,152114,2,0,3329,1,1,0,1
54,273921,3,2,4982,1,1,0,0
26,116437,5,2,5051,1,0,1,0
25,261191,4,5,5449,1,1,1,0
25,272174,3,4,5826,1,1,1,0
34,459772,2,4,7195,1,1,1,0
25,316220,1,0,2754,1,0,1,0
27,297545,3,4,2178,0,1,1,0
50,216534,2,1,4496,1,1,0,0
51,387187,3,5,4424,1,0,1,0
31,202177,2,5,4904,1,0,0,1
28,356952,1,2,5548,1,1,1,0
25,324166,2,5,4733,1,0,0,1
29,132988,3,0,2414,1,1,0,1
52,450009,3,4,4964,0,0,1,0
46,371462,4,3,5067,1,1,1,0
49,215246,5,0,3503,1,1,1,0
29,473027,4,4,5499,1,1,1,0
20,407957,0,4,2444,1,1,0,1
52,278880,5,3,6576,1,1,1,0
53,256443,5,4,2670,0,1,0,1
56,88294,2,4,2301,1,0,0,1
49,296872,5,3,4790,1,1,0,1
24,445249,2,3,2195,1,0,0,0
53,468995,1,4,2933,1,1,0,1
44,137580,0,4,2990,1,0,1,0
53,460126,2,3,1930,0,1,1,0
21,319573,5,4,4545,1,1,0,1
45,319700,2,4,3260,1,0,1,0
55,186406,5,4,3898,1,1,0,1
33,250071,3,2,5362,1,1,1,0
32,428828,0,4,4707,1,1,0,1
24,467320,3,1,6280,1,1,1,0
29,266833,5,3,6969,1,1,1,0
20,278355,1,2,4877,1,1,0,1
33,461148,0,1,6374,1,1,1,0
36,430484,1,2,1935,0,1,1,0
52,323858,0,3,5066,1,1,1,0
21,241980,2,0,3382,0,1,0,1
51,115454,0,1,1614,1,0,0,1
22,429309,2,5,6846,1,1,1,0
31,210651,3,2,4625,0,1,0,1
29,175046,3,5,4379,0,0,1,0
48,457704,3,2,1901,1,0,0,1
41,483980,4,3,4857,1,1,0,1
28,444013,2,1,4268,0,0,1,0
35,341488,4,3,5223,1,1,1,0
40,75162,2,2,1709,1,0,0,1
25,87469,5,0,2821,0,1,0,1
55,434166,5,4,5395,1,1,0,0
55,336082,4,4,1775,0,1,1,0
46,202082,4,0,5074,1,0,0,1
32,244899,2,1,3537,1,1,1,0
27,445929,5,5,3872,0,1,0,1
24,334802,2,2,6015,1,1,1,0
26,319667,4,2,5704,1,1,1,0
54,419268,0,3,2871,1,1,0,1
47,243482,4,0,3088,1,1,0,1
34,311070,2,0,7174,1,1,1,0
40,217702,3,3,2381,0,1,1,0
35,81840,1,1,5337,0,0,1,0
55,464443,5,4,6667,1,1,1,0
24,489186,5,4,3965,0,1,1,0
23,416985,0,0,2281,0,0,1,0
46,447707,0,1,4532,0,0,1,0
20,282202,3,3,2701,1,0,1,0
22,356203,4,3,4291,1,1,0,1
27,331780,0,4,6349,1,1,1,0
56,487892,5,5,6175,1,1,1,0
32,390935,3,3,5072,1,1,1,0
51,388524,3,0,4683,0,1,1,0
46,260537,4,2,4826,1,0,1,0
36,376169,2,3,6006,1,1,1,0
51,302407,2,1,3557,0,0,1,0
51,418837,0,5,6493,1,1,1,0
25,315762,1,1,7258,1,1,1,0
24,268765,1,1,7144,1,1,1,0
43,459722,0,5,4018,1,1,0,0
39,444978,3,2,2590,1,1,0,0
55,426658,4,0,6186,1,1,1,0
36,326603,0,4,5154,1,1,0,0
37,288039,3,2,7045,1,1,1,0
56,203535,0,0,1881,1,1,1,0
20,315016,5,1,3645,1,0,1,0
47,263766,4,4,2954,0,1,0,0
20,353518,4,5,5278,1,0,1,0
21,451639,5,2,5660,1,1,1,0
49,312084,5,3,5321,1,1,0,1
25,424900,5,5,4182,0,1,1,0
26,375471,5,4,5179,1,1,1,0
50,266668,2,0,4817,1,0,0,1
46,274558,3,2,3104,0,0,1,0
52,350182,5,5,5149,1,1,1,0
36,315068,1,0,5570,1,1,1,0
35,249211,0,2,3311,1,1,1,0
20,216969,5,2,2424,1,1,1,0
23,226496,0,4,4655,0,0,0,1
26,309561,2,5,7193,1,1,1,0
34,127593,0,2,2999,1,0,1,0
33,383685,1,5,4925,1,0,1,0
30,268133,4,0,5554,1,1,1,0
50,432152,2,4,5207,1,1,1,0
22,300542,4,1,3671,1,0,1,0
41,459739,4,4,6238,1,1,1,0
53,275446,2,1,5390,1,1,1,0
53,472888,4,0,4014,0,1,0,0
26,99766,0,4,3278,0,0,1,0
41,326680,2,0,5193,1,1,1,0
46,348387,1,5,3662,1,0,0,1
34,366048,1,4,7094,1,1,1,0
45,371835,1,1,4289,1,0,0,1
33,265178,4,0,5422,1,1,1,0
24,467573,0,0,7240,1,1,1,0
30,294697,2,1,3013,1,0,0,0
22,327393,1,5,6715,1,1,1,0
28,471322,3,2,3498,0,1,0,0
21,153880,4,3,2321,1,1,0,1
54,400530,3,4,1989,1,0,0,1
51,236891,2,3,4173,1,0,0,0
52,225938,1,1,4295,0,1,1,0
21,179993,2,2,1645,1,1,0,1
38,278933,0,5,4184,0,1,1,0
54,113140,1,5,2077,0,1,0,1
22,460727,5,0,5594,1,1,1,0
30,466965,4,0,2822,1,0,1,0
55,380559,3,0,6246,1,1,1,0
32,403392,5,3,1795,1,0,1,0
49,330875,3,5,3616,1,1,0,1
53,198490,0,1,2339,1,1,0,1
20,325413,5,5,4374,1,0,1,0
25,229019,1,2,2765,1,1,1,0
20,340356,1,1,6601,1,1,1,0
35,195763,4,0,2396,0,1,1,0
48,212075,4,4,2614,1,1,0,0
24,243951,1,5,2777,0,1,1,0
37,101968,0,1,3031,1,1,0,1
33,469801,0,1,2737,0,1,0,0
24,449926,5,0,6861,1,1,1,0
25,333209,0,0,1894,0,1,0,0
47,370299,3,4,2910,1,1,0,0
48,69389,4,5,3339,0,1,0,1
50,88710,1,5,3770,1,0,1,0
39,412850,3,4,5147,1,1,0,1
29,437198,5,5,4657,1,1,0,1
44,410981,4,5,4997,1,0,1,0
45,146796,2,0,4677,0,0,0,1
33,350969,1,0,4489,1,0,1,0
48,358598,5,5,2250,1,0,0,1
44,120488,3,2,4330,0,1,1,0
25,404261,1,1,5757,1,1,1,0
34,307986,5,0,5282,1,1,1,0
44,381012,4,3,2461,1,0,0,0
53,395205,5,4,2451,0,1,1,0
26,311450,1,3,1556,0,1,1,0
27,483888,1,5,5127,1,1,1,0
36,379011,5,3,5199,0,1,1,0
33,464087,3,3,3986,0,1,1,0
47,466779,1,0,4595,0,1,1,0
37,170726,1,0,4211,1,1,0,1
29,245753,1,5,2551,1,0,0,1
52,255744,0,5,5869,1,1,1,0
34,341322,2,1,2389,1,1,0,0
28,301547,5,3,6232,1,1,1,0
26,426607,3,2,6152,1,1,1,0
31,150612,4,4,3155,1,1,0,1
22,100598,0,1,4079,0,0,0,1
28,390434,4,1,5625,1,1,1,0
27,157783,0,0,2291,1,1,0,1
37,261231,3,4,4947,0,1,1,0
47,208357,1,4,5185,1,0,1,0
39,101118,2,5,3530,1,0,0,1
25,439132,2,2,4788,1,1,0,1
39,287160,5,2,3639,1,0,1,0
37,303939,2,5,2725,1,1,0,0
43,309090,3,2,2775,0,1,1,0
49,349315,0,4,6622,1,1,1,0
55,105981,5,4,4686,0,1,1,0
45,230036,4,5,4055,0,1,1,0
34,218540,2,2,2832,1,1,1,0
39,340183,5,1,7296,1,1,1,0
33,386156,3,5,4749,1,0,0,0
29,346159,3,5,3836,0,1,1,0
56,91629,2,3,2542,0,1,0,0
35,488903,2,4,7020,1,1,1,0
45,344586,2,1,5193,1,0,1,0
44,295808,1,0,5661,1,1,1,0
26,351739,4,3,2269,1,1,0,1
32,209171,0,0,2850,1,1,1,0
44,116648,3,1,5251,1,1,0,1
39,191017,2,4,1979,0,1,1,0
50,353004,2,0,6209,1,1,1,0
30,159439,0,1,2897,1,1,0,1
54,484146,3,0,6936,1,1,1,0
33,457418,5,5,5099,0,1,1,0
49,309165,3,5,4372,0,1,1,0
49,258647,3,4,5399,1,1,1,0
53,363016,2,5,5723,1,1,1,0
44,392535,0,4,4461,1,1,0,1
38,438921,0,3,2143,0,0,1,0
43,474195,0,4,4726,1,1,0,0
29,256841,3,3,5627,1,1,1,0
46,260355,3,3,4871,0,0,1,0
23,216473,1,2,1700,1,1,1,0
52,306003,5,2,4646,1,1,0,1
27,412736,1,0,2529,0,1,1,0
51,419160,0,2,6464,1,1,1,0
50,306241,1,1,1994,1,0,1,0
51,323358,2,0,6580,1,1,1,0
44,253100,3,0,1555,0,1,1,0
37,129383,3,5,5270,0,1,1,0
20,323483,1,0,4833,1,0,0,0
36,257476,3,3,5192,1,0,1,0
27,322676,1,0,4817,0,0,0,1
23,438831,1,0,5994,1,1,1,0
54,436440,1,1,2858,1,0,1,0
49,479312,2,5,7035,1,1,1,0
24,380502,5,3,2413,1,1,0,0
54,163341,2,3,3436,0,0,1,0
30,473872,2,1,4885,0,1,1,0
26,402056,3,4,1908,0,1,0,1
30,156268,3,4,3058,1,1,0,1
52,305334,3,0,5254,1,1,1,0
48,91587,1,4,3000,0,1,1,0
42,349442,4,4,7025,1,1,1,0
22,246752,4,0,1861,1,0,1,0
22,387211,2,4,3674,0,0,0,1
50,436495,3,5,5303,1,1,1,0
56,198597,4,0,5313,1,1,0,0
25,357898,0,4,1694,1,1,0,1
54,477971,0,5,7054,1,1,1,0
46,391977,0,4,4640,1,1,0,1
53,487294,2,0,6937,1,1,1,0
23,431982,0,0,2472,1,1,0,1
55,166719,0,2,3544,1,0,1,0
30,336505,1,5,4981,0,1,1,0
46,402867,2,4,2759,0,1,1,0
37,201440,1,1,2254,1,1,1,0
32,231333,5,0,4835,1,1,1,0
29,406319,1,2,4994,0,1,1,0
37,79020,0,2,5180,0,1,0,1
52,213412,1,3,4915,1,1,1,0
20,341760,3,1,4684,0,1,0,1
50,243684,2,5,4829,1,1,1,0
32,256655,0,5,7224,1,1,1,0
43,247663,1,1,2522,0,0,1,0
20,319036,4,1,5748,1,1,1,0
36,407106,2,0,3893,0,1,1,0
40,339548,0,1,5790,1,1,1,0
51,368782,1,4,6778,1,1,1,0
32,296906,2,4,6832,1,1,1,0
27,78173,1,3,3691,1,1,0,1
44,89466,5,0,4339,1,0,0,1
39,248960,2,3,3290,1,1,0,0
51,360299,3,5,3794,1,0,0,1
53,397513,4,4,3252,0,1,1,0
39,337684,5,4,6233,1,1,1,0
46,255834,2,2,6916,1,1,1,0
54,342927,3,3,4306,0,0,1,0
52,472123,1,4,7191,1,1,1,0
54,362657,0,0,6534,1,1,1,0
31,81923,4,1,4497,0,0,0,1
47,138056,0,2,2183,1,1,0,1
38,341654,5,0,5076,0,1,1,0
56,156360,3,5,3338,0,1,1,0
28,450029,1,1,3213,0,1,1,0
31,125294,0,2,1529,0,1,1,0
23,74932,2,3,4930,0,1,0,1
49,397238,5,2,3531,0,1,1,0
39,181734,5,0,1695,1,1,0,0
23,434335,1,3,2468,0,1,0,0
37,345421,2,0,7157,1,1,1,0
27,489722,1,5,6086,1,1,1,0
47,65404,2,0,4517,0,1,1,0
40,194094,5,5,1823,1,1,0,1
53,88474,2,4,5016,0,1,1,0
56,372398,4,0,3613,1,1,0,1
43,448875,2,0,4732,1,1,0,1
54,256388,5,3,2797,1,0,1,0
21,368705,5,2,3187,1,1,0,1
46,306442,3,5,6509,1,1,1,0
36,302907,4,4,6979,1,1,1,0
30,199176,2,5,5242,0,1,0,1
40,166990,1,1,1726,1,1,0,0
37,442657,0,3,7009,1,1,1,0
39,82308,5,5,3738,1,0,1,0
49,232733,4,1,1755,1,1,1,0
45,489476,0,4,2337,0,1,0,1
38,475486,2,3,3073,0,0,0,1
40,235505,0,2,2498,1,0,0,0
31,446548,2,5,3243,1,1,0,1
46,197403,1,1,4931,0,1,1,0
41,99847,5,4,4729,0,1,0,1
53,422578,1,5,2637,0,0,0,1
32,274505,4,1,6270,1,1,1,0
53,350211,4,4,5891,1,1,1,0
21,200341,2,1,2867,1,0,1,0
47,267586,0,3,6489,1,1,1,0
33,472663,5,2,2197,0,1,1,0
52,319824,5,1,4919,0,0,0,1
24,282818,3,1,5371,1,1,0,1
32,210707,0,0,4281,0,1,0,1
53,93757,0,4,1873,1,1,0,1
51,244221,1,2,1540,1,1,1,0
27,373618,2,0,3715,1,1,0,0
30,86096,1,5,2912,1,1,0,1
45,473670,2,2,7032,1,1,1,0
45,312641,2,3,5186,0,1,1,0
47,476149,3,4,3290,0,1,1,0
26,307271,1,5,3701,1,1,0,0
31,226185,2,2,3657,0,1,0,0
26,214143,1,3,1893,0,0,1,0
51,219743,0,3,4765,1,1,1,0
50,425035,2,4,3748,1,1,0,1
26,186165,4,0,1816,0,1,1,0
49,481636,0,2,6389,1,1,1,0
52,326564,0,0,5106,1,1,1,0
21,149482,0,1,5116,1,1,0,1
46,429263,1,2,5189,1,0,0,1
27,230286,4,4,5247,1,1,1,0
35,469583,5,5,1901,1,1,0,1
43,347712,2,3,7032,1,1,1,0
51,258308,4,5,5285,1,0,0,1
22,135233,2,2,3772,1,0,1,0
23,342203,1,5,2631,1,1,0,1
54,288414,5,2,4501,0,1,0,1
27,402828,2,1,2304,0,0,1,0
36,193791,3,1,2899,0,1,1,0
34,159636,4,3,1814,1,0,1,0
47,415341,0,3,5097,1,1,1,0
36,473286,0,1,4348,0,0,1,0
30,204093,4,2,3825,0,1,1,0
46,462803,2,0,5718,1,1,1,0
53,316431,3,5,4408,0,0,1,0
25,334195,2,2,2520,1,1,0,1
25,144856,1,1,4791,1,1,0,1
49,341411,1,0,6963,1,1,1,0
32,66858,5,1,1822,0,0,1,0
32,379716,4,4,5038,0,1,1,0
46,295098,0,1,4171,0,0,1,0
38,324280,1,4,5796,1,1,1,0
40,131647,5,3,4595,1,1,0,1
50,95771,4,3,1500,1,0,1,0
22,198269,3,0,3176,0,1,0,1
39,454596,0,4,3009,0,1,0,0
20,157589,1,3,4546,1,1,0,0
33,458441,3,4,5716,1,1,1,0
34,280072,5,5,2478,1,1,0,1
45,128516,2,1,2636,0,0,0,1
40,404493,3,1,6504,1,1,1,0
47,486539,5,2,7076,1,1,1,0
33,391224,5,1,4244,1,0,1,0
40,436261,2,1,5713,1,1,1,0
35,485424,5,4,5410,1,1,0,0
38,427520,0,3,5119,1,1,0,0
34,385667,4,3,3149,1,1,0,1
54,295496,5,2,5638,1,1,1,0
29,320193,1,5,5240,1,1,1,0
31,436845,1,4,4729,1,1,0,1
33,375137,0,1,4250,0,1,0,0
29,200613,2,4,4648,1,0,1,0
20,452344,0,3,2505,1,0,1,0
29,117030,1,0,4102,1,1,0,1
52,412007,3,0,6878,1,1,1,0
45,434036,1,0,2046,1,1,0,1
41,383634,5,4,5117,1,1,1,0
36,462386,2,0,6018,1,1,1,0
22,89884,5,2,4999,0,1,0,1
45,343273,2,2,5420,1,1,1,0
34,451202,1,3,7133,1,1,1,0
49,371656,4,3,5159,1,1,1,0
50,432409,4,4,5748,1,1,1,0
55,446799,0,0,3897,1,1,0,1
25,232980,0,4,1831,1,1,1,0
32,441244,2,1,4963,1,1,1,0
20,433018,0,5,5854,1,1,1,0
56,303612,1,0,3563,0,1,0,1
42,83253,0,3,4336,0,0,1,0
45,332891,4,0,1987,1,1,0,1
49,459359,1,4,2147,1,1,0,1
42,102290,2,2,1930,0,0,1,0
29,212310,5,5,2382,1,1,0,1
39,366993,3,4,4016,1,0,1,0
40,284727,2,0,5230,1,1,0,1
22,269374,1,2,4761,0,1,1,0
54,316160,3,0,3702,1,0,1,0
21,467648,5,2,7107,1,1,1,0
45,88633,4,2,2016,0,1,0,0
26,406959,0,1,2689,1,1,0,1
56,329166,3,2,5100,1,1,1,0
38,253774,1,4,4214,1,0,0,0
22,465550,3,0,2415,1,0,0,1
25,460832,4,4,1937,0,0,0,1
45,262358,2,0,3717,0,1,1,0
20,192156,4,1,4560,1,1,0,0
45,272746,0,2,3974,0,1,1,0
45,416650,2,4,4399,1,0,0,1
32,230730,4,1,1578,1,0,0,1
56,324499,5,3,5772,1,1,1,0
27,221076,1,4,2082,1,1,1,0
31,406271,1,4,7068,1,1,1,0
42,309818,4,3,2471,1,0,0,1
53,187292,5,4,2374,0,0,0,1
47,464292,3,1,6526,1,1,1,0
40,428043,4,4,2405,1,1,0,0
46,240619,2,4,3949,0,1,1,0
23,340486,3,0,2497,0,1,0,0
31,304025,0,0,4143,0,1,0,0
37,219423,2,1,4137,1,1,0,0
52,374798,5,2,4937,1,1,1,0
25,206228,3,2,3909,1,0,0,1
26,487942,4,5,2213,1,1,0,1
55,436866,1,3,3174,1,0,0,1
34,321086,3,4,1524,1,1,0,1
38,405678,2,1,3647,0,1,1,0
22,126286,5,5,2093,0,1,0,1
34,359552,5,3,5290,1,1,1,0
53,447767,4,0,1996,0,1,1,0
43,344479,0,4,3373,0,1,1,0
44,245900,1,0,3957,1,1,1,0
34,77294,3,4,3234,1,0,1,0
30,234739,1,5,1933,1,1,1,0
34,208906,1,0,4250,1,1,1,0
37,214807,1,3,3123,0,1,1,0
31,148894,3,3,2376,0,1,1,0
24,129478,3,3,4927,0,1,1,0
30,434743,3,5,3264,1,0,0,0
37,177542,0,5,5045,1,0,0,1
54,172918,5,3,4632,0,0,1,0
40,318909,5,0,3118,1,0,0,0
40,164885,0,2,4856,1,0,1,0
21,311315,2,3,3346,0,1,0,1
49,417075,2,0,6996,1,1,1,0
43,277866,2,5,6702,1,1,1,0
39,330821,4,4,3172,1,1,0,0
50,352889,4,1,6010,1,1,1,0
50,410304,2,3,6689,1,1,1,0
28,372430,5,4,3474,0,1,1,0
41,408759,3,1,1899,0,1,1,0
34,388343,3,3,2180,0,0,1,0
21,459790,0,1,5021,1,1,1,0
36,376197,5,2,1709,1,0,1,0
28,110281,2,0,3497,0,1,1,0
21,303821,0,3,4688,0,1,1,0
45,285094,2,1,4888,0,0,0,1
55,290715,4,1,5050,0,1,1,0
47,318835,3,5,5198,1,1,1,0
47,470755,2,4,4896,1,1,0,0
27,330015,0,5,4227,1,1,0,1
50,356674,0,4,4014,0,1,1,0
45,320662,1,1,3916,0,1,1,0
56,444621,1,5,2571,1,1,0,1
55,202853,3,0,3945,1,1,0,1
39,349427,3,0,1757,0,1,1,0
20,251189,3,0,5757,1,1,1,0
21,343526,1,2,2108,0,1,0,1
54,349430,3,0,2885,0,1,1,0
22,93682,0,0,3390,0,1,1,0
49,156022,0,5,4601,1,0,0,1
25,303664,1,5,4974,1,0,0,0
20,337155,0,4,2330,1,0,1,0
26,312008,1,4,6282,1,1,1,0
53,150055,3,0,1603,0,0,1,0
50,294855,2,2,3783,0,1,1,0
26,249536,1,5,5017,0,1,0,1
42,73745,0,1,4557,1,0,1,0
33,205923,4,2,1539,0,0,1,0
40,214454,4,4,2990,0,0,0,1
28,468357,3,4,6495,1,1,1,0
34,365229,5,2,6903,1,1,1,0
27,405257,3,3,5005,1,1,0,0
24,400095,1,1,2916,0,1,0,0
35,361759,3,0,5485,1,1,1,0
50,85455,2,2,2132,1,0,0,0
40,358101,2,0,6878,1,1,1,0
37,153115,5,2,2344,0,1,1,0
20,122378,3,4,2419,1,0,1,0
37,298564,1,0,5194,0,0,1,0
46,454701,4,3,3868,1,0,1,0
38,383552,3,1,5281,1,1,1,0
26,469969,4,4,4383,0,1,1,0
55,200326,0,5,2864,0,1,0,1
56,388332,3,5,4474,1,1,0,0
22,229996,5,0,5195,1,0,1,0
30,395734,1,0,1804,1,1,0,0
46,219742,5,4,4217,0,1,1,0
36,278684,0,0,1682,0,0,0,1
44,448605,1,4,5739,1,1,1,0
31,329790,0,4,6776,1,1,1,0
20,223485,3,1,1554,1,1,1,0
51,353567,1,5,6847,1,1,1,0
20,252973,0,1,1747,1,1,0,1
32,268873,3,2,7263,1,1,1,0
41,228693,4,1,3958,1,1,0,1
36,372937,5,2,6892,1,1,1,0
26,80389,4,2,4304,1,1,0,0
23,247130,1,2,2999,1,1,1,0
56,141683,0,0,2192,1,1,0,1
36,401252,2,2,5684,1,1,1,0
43,261591,2,0,2870,1,0,1,0
24,423101,2,2,2557,0,0,1,0
21,211544,2,5,2886,1,1,0,0
49,101396,3,4,2926,1,0,1,0
21,208223,2,3,1475,1,1,1,0
52,151032,3,4,4114,1,1,0,1
50,288941,2,3,6902,1,1,1,0
46,260453,2,5,5164,0,1,0,1
39,259784,2,3,6813,1,1,1,0
27,426433,4,1,6817,1,1,1,0
28,279380,0,0,3573,0,0,0,1
44,260347,5,2,4392,1,0,1,0
26,285901,5,3,2060,1,0,0,0
23,286554,2,2,5265,1,1,1,0
38,311557,4,4,7282,1,1,1,0
34,425090,1,5,1744,1,0,1,0
43,273469,3,1,6388,1,1,1,0
32,70910,3,3,5105,1,1,0,0
44,304367,5,5,4672,1,1,0,1
34,203756,2,4,3916,1,0,1,0
36,245571,1,5,2783,1,0,1,0
20,222567,4,0,3794,0,1,0,1
25,403409,2,4,6403,1,1,1,0
46,463363,2,2,6928,1,1,1,0
39,110460,3,3,5229,1,0,0,1
53,483496,0,2,1536,1,1,0,1
30,302584,3,3,2132,1,1,0,1
46,103584,1,0,3335,0,1,1,0
42,432129,1,0,5690,1,1,1,0
50,123425,4,4,2275,0,1,1,0
38,385208,5,5,2887,1,1,0,0
44,255574,5,2,4951,1,1,1,0
25,427460,5,3,3840,0,1,1,0
41,229175,2,0,3063,1,1,1,0
29,242559,4,0,2972,1,1,1,0
52,160264,5,2,3466,1,0,0,1
45,231221,0,0,4335,1,1,0,1
40,387808,3,3,3236,1,0,1,0
53,234954,5,5,2063,1,1,0,0
56,160558,5,4,4970,1,1,0,1
35,485314,0,5,2193,1,1,0,1
22,310779,3,0,5731,1,1,1,0
21,322027,0,3,4708,0,1,0,1
21,182030,0,5,4313,1,1,0,1
53,314300,0,5,4398,1,1,0,1
44,368631,2,3,2685,0,1,1,0
32,377029,0,5,1980,1,0,0,1
30,196240,5,5,1590,0,0,0,1
28,181341,1,2,3536,1,1,0,0
37,183877,2,4,2965,1,0,1,0
44,227307,0,3,4655,1,1,1,0
27,288055,4,3,7114,1,1,1,0
51,234169,5,3,5236,1,1,1,0
24,433027,0,2,2103,0,1,1,0
56,382484,1,3,6632,1,1,1,0
25,464783,4,1,4750,1,0,0,1
41,450725,1,4,6783,1,1,1,0
29,141144,1,4,1876,0,1,1,0
26,170676,3,0,3666,1,1,0,1
37,449857,1,3,5604,1,1,1,0
24,188180,4,2,3025,0,0,0,1
34,200134,1,2,4015,1,1,0,1
31,116838,0,3,2431,1,0,1,0
21,300354,3,2,5193,1,1,1,0
36,197887,3,2,3347,0,1,1,0
45,266973,3,2,7297,1,1,1,0
24,205385,3,2,4827,0,1,1,0
22,157164,1,1,4080,1,1,0,1
26,365010,5,4,1788,1,1,0,0
28,200292,1,1,2238,0,0,1,0
26,201419,4,5,4179,1,1,1,0
29,428776,1,5,5698,1,1,1,0
38,485324,0,4,5308,1,1,1,0
32,278370,1,5,3852,0,1,0,1
44,353015,4,5,2816,0,1,1,0
40,421941,1,1,2729,0,1,1,0
26,476243,5,4,3511,0,1,0,0
44,447925,5,4,6296,1,1,1,0
34,171589,2,0,4777,0,1,0,0
38,427024,0,1,6203,1,1,1,0
21,398407,1,2,2609,1,1,0,0
28,348082,2,0,5911,1,1,1,0
20,452526,3,0,2852,1,0,1,0
48,413422,2,2,4429,1,0,0,1
51,352319,5,4,7238,1,1,1,0
25,65294,2,4,4222,0,1,1,0
38,368470,1,5,5533,1,1,1,0
52,402892,3,2,3566,1,0,0,1
50,274541,0,1,3151,1,1,0,1
26,345020,1,2,4185,0,1,1,0
37,367013,3,3,3478,1,0,0,1
27,247540,0,3,3796,1,0,0,1
38,411069,4,0,4498,0,1,1,0
50,123163,1,2,2944,0,1,1,0
23,98766,2,0,4225,1,0,0,0
45,377722,3,1,6761,1,1,1,0
27,433562,2,0,5143,1,1,1,0
31,390241,4,1,4537,0,1,0,1
46,469993,1,3,4094,1,0,1,0
24,455713,2,4,7046,1,1,1,0
33,182266,0,0,4051,0,1,1,0
33,368254,1,5,4611,1,0,1,0
20,256618,3,5,4930,0,0,1,0
48,425370,0,1,5144,1,1,0,1
29,227701,3,5,2366,1,1,1,0
28,357869,0,2,2151,1,1,0,1
24,464662,5,2,4478,1,1,0,1
41,362667,4,0,6382,1,1,1,0
36,304129,1,4,1540,1,0,1,0
26,353247,4,4,1640,0,1,1,0
41,325529,2,0,5721,1,1,1,0
29,298638,2,5,5463,1,1,1,0
24,414954,1,4,2138,1,0,1,0
26,427232,0,2,1506,0,1,1,0
56,270726,2,1,2505,0,1,0,1
52,387419,0,3,6840,1,1,1,0
48,370502,1,3,7149,1,1,1,0
35,483476,2,5,5034,1,0,1,0
52,200153,3,5,5080,1,0,1,0
46,256228,3,4,6975,1,1,1,0
45,282685,2,3,2102,1,1,0,1
30,127072,0,5,4899,1,0,0,0
38,81382,2,4,2010,1,0,1,0
53,336578,2,5,3189,1,0,1,0
23,457849,1,2,5350,1,1,0,0
47,479454,5,0,6101,1,1,1,0
25,395533,5,4,7300,1,1,1,0
31,106892,3,4,4888,1,1,0,0
40,277685,0,1,4394,0,1,0,1
46,239496,2,1,2399,1,1,1,0
33,451125,4,3,4069,0,0,0,1
43,92548,2,4,2132,1,1,0,0
22,378495,2,3,7173,1,1,1,0
38,317712,3,0,7065,1,1,1,0
55,125764,4,5,2418,1,0,0,0
45,315431,2,5,4760,0,0,1,0
46,362734,2,0,3769,1,1,0,1
39,482206,5,0,4439,1,0,1,0
51,265919,1,2,3508,0,1,1,0
34,472343,3,4,2126,0,1,0,1
29,435466,2,4,6229,1,1,1,0
40,117785,0,2,3717,0,0,0,0
32,413412,5,2,5380,1,1,1,0
30,475504,3,5,4804,1,1,0,1
54,167288,0,2,1991,1,1,0,1
30,405256,5,0,4607,0,1,0,0
31,395973,2,0,4930,1,1,1,0
49,323567,1,5,5036,1,1,1,0
45,102948,1,2,4409,0,1,0,0
28,400576,3,3,3507,1,0,1,0
39,416838,2,2,3495,0,0,0,1
37,209418,3,2,3366,1,1,1,0
56,269817,4,5,6388,1,1,1,0
36,309503,5,4,6803,1,1,1,0
36,478161,5,2,6747,1,1,1,0
48,297384,4,2,6057,1,1,1,0
37,106337,1,0,4139,0,1,1,0
39,106392,1,5,2523,1,1,0,1
49,473515,1,4,5032,1,1,0,1
26,408371,2,4,7238,1,1,1,0
54,470321,3,5,1893,1,1,0,1
39,217186,5,1,4197,1,1,1,0
35,320887,4,1,3438,1,1,0,0
51,329772,2,3,2284,1,1,0,0
39,81559,5,4,3170,1,1,0,1
54,431778,5,4,6191,1,1,1,0
46,233466,3,3,3622,1,1,1,0
35,257613,0,0,2394,0,0,1,0
56,303978,3,5,6037,1,1,1,0
56,412310,1,5,3000,1,0,1,0
27,322558,2,0,1576,0,1,1,0
35,461314,5,2,6831,1,1,1,0
54,474041,3,3,5929,1,1,1,0
23,417875,4,1,2764,1,0,1,0
35,285543,0,1,4893,1,0,1,0
43,223557,5,3,1604,0,0,1,0
32,243215,4,1,1489,1,1,1,0
22,429200,3,5,1548,0,0,1,0
53,379891,4,1,4167,0,1,0,0
23,429688,3,1,5087,1,1,1,0
41,235891,5,5,2933,1,1,1,0
47,80091,3,4,3221,0,1,0,1
26,310748,4,0,5450,1,1,1,0
51,271790,4,5,5998,1,1,1,0
51,488421,3,5,3417,0,1,0,0
38,452973,4,5,6921,1,1,1,0
50,489982,2,4,6868,1,1,1,0
46,416107,3,2,6202,1,1,1,0
28,486124,2,3,2953,1,1,0,1
49,427618,2,4,5636,1,1,1,0
31,189580,2,2,2839,1,0,0,0
51,208167,0,4,2954,1,0,0,1
56,336876,1,0,2982,1,1,0,1
45,119212,0,3,4444,0,0,0,0
48,316288,5,2,5839,1,1,1,0
54,289458,3,1,2552,0,0,1,0
50,380301,5,1,2383,0,1,1,0
51,203654,1,1,5197,1,1,1,0
22,456352,0,4,3341,0,1,0,1
35,204792,3,4,4941,0,1,1,0
40,179758,4,5,3108,0,1,1,0
44,309968,3,1,5541,1,1,1,0
25,114326,5,4,3290,0,0,1,0
28,160308,4,0,5116,0,1,0,1
27,322129,4,4,1942,1,1,0,1
40,472464,4,0,5379,0,0,1,0
35,424841,5,5,2270,1,1,0,1
49,119275,0,3,2027,1,1,0,0
43,74305,0,3,1956,0,0,1,0
45,269351,5,3,4808,1,1,0,1
45,414209,1,5,2853,1,0,0,1
56,271305,2,3,2833,1,0,0,1
46,345641,1,3,5427,1,1,1,0
41,177534,0,4,5135,0,1,1,0
31,170136,0,4,1772,0,1,1,0
23,286830,0,4,1600,0,1,1,0
31,248709,2,2,3151,1,0,0,0
28,217403,3,2,3429,1,1,1,0
23,90661,0,3,3208,1,1,0,0
20,79942,5,3,3258,0,0,0,0
27,358639,4,1,2902,0,1,0,1
34,80502,2,5,5333,1,1,0,1
34,167336,2,5,2881,1,0,1,0
50,278791,2,1,6747,1,1,1,0
25,429657,3,4,2943,0,1,0,1
52,308352,1,4,5015,1,1,1,0
46,382491,4,2,6093,1,1,1,0
40,326809,2,4,6981,1,1,1,0
27,446949,2,5,4023,0,1,0,1
45,76379,5,1,1778,1,0,0,0
50,284097,1,0,5379,1,1,1,0
43,242683,5,4,3781,1,1,1,0
25,237457,0,2,4673,1,1,0,0
29,213262,5,1,4908,1,1,0,0
27,478941,1,1,4421,0,0,1,0
54,193952,2,5,3515,0,1,0,1
36,421568,4,2,3865,1,1,0,1
50,290491,2,1,5278,0,0,0,1
33,422610,0,3,7232,1,1,1,0
28,253044,2,0,2741,0,0,1,0
31,84905,4,1,3295,1,1,0,1
33,224911,3,0,4724,0,1,1,0
32,306677,0,4,2554,0,1,1,0
48,236186,0,0,2928,0,0,1,0
43,135735,0,5,3465,1,0,1,0
20,164796,5,1,4695,1,0,0,1
56,213885,0,1,4304,0,1,1,0
35,389495,4,0,3711,1,0,1,0
31,210821,0,4,2041,1,1,1,0
41,80753,0,3,1536,0,0,1,0
38,275164,1,2,5098,1,1,1,0
54,218291,3,1,4832,1,1,1,0
26,323074,1,0,2065,1,0,1,0
55,65644,2,2,5052,0,0,0,1
37,372396,2,5,6637,1,1,1,0
53,380159,5,3,3811,1,0,1,0
32,290208,3,2,5108,1,1,1,0
42,76205,2,5,4833,1,1,0,1
31,280713,2,5,6893,1,1,1,0
55,135050,2,4,4865,0,1,0,1
54,106790,1,5,3699,0,0,0,1
33,239622,0,4,5200,1,1,0,1
35,348882,1,1,6539,1,1,1,0
53,410916,2,5,5001,1,1,1,0
24,65776,4,0,2330,0,1,1,0
49,337705,5,2,7124,1,1,1,0
49,427575,1,0,7008,1,1,1,0
22,258517,5,5,2751,1,0,0,1
40,272583,1,5,2869,0,1,0,1
44,415173,5,2,1856,0,0,0,1
20,343727,1,1,1483,1,0,1,0
50,409713,2,1,6806,1,1,1,0
36,437229,2,4,5490,1,1,1,0
25,84502,3,0,3898,1,0,1,0
34,65789,5,2,4102,0,0,1,0
28,269051,5,4,4673,1,1,0,1
49,262056,3,3,1847,0,0,0,1
23,346764,4,2,1849,1,1,0,0
24,162971,4,3,2348,0,1,0,0
20,456414,1,5,3896,1,0,1,0
38,237374,2,0,2895,1,1,1,0
34,447096,2,4,3193,1,0,1,0
30,361165,1,3,6996,1,1,1,0
29,252152,1,3,6946,1,1,1,0
41,435500,4,4,2459,0,1,1,0
48,344518,0,1,6085,1,1,1,0
41,319682,0,4,5090,1,1,1,0
39,263820,1,2,2564,1,1,0,1
30,305240,4,2,5017,1,1,1,0
51,203646,4,4,4479,0,1,0,0
53,422184,5,2,4947,1,0,1,0
54,143067,3,5,3742,1,0,0,1
52,143815,0,1,5144,0,0,0,1
53,187107,5,3,4118,1,1,0,0
49,474124,3,0,3479,0,1,0,0
23,168462,3,1,2160,0,1,1,0
41,344078,0,3,6818,1,1,1,0
49,70696,5,4,3982,1,1,0,1
50,462434,1,5,6942,1,1,1,0
40,476624,0,3,5622,1,1,1,0
24,220342,3,3,3297,1,1,0,0
49,371499,1,0,7110,1,1,1,0
37,362921,0,1,5165,1,1,1,0
52,203218,0,0,4873,1,1,1,0
23,421224,4,1,5999,1,1,1,0
22,175870,5,2,3482,1,1,0,1
38,191019,0,0,2736,0,1,1,0
41,397397,3,0,6105,1,1,1,0
45,426686,5,2,2421,0,0,1,0
36,282754,5,1,7310,1,1,1,0
31,309425,0,3,5471,1,1,1,0
42,278209,3,1,2972,0,1,1,0
38,353355,1,3,4601,1,1,0,1
43,315311,1,3,1990,1,1,0,1
53,342064,3,2,5336,0,1,0,1
35,391489,2,5,4417,0,1,0,0
32,485599,3,5,6205,1,1,1,0
29,233480,2,3,5130,0,1,1,0
26,173297,1,4,2218,0,0,1,0
47,250695,2,1,4048,1,0,1,0
27,263221,0,5,3757,1,1,0,1
56,381126,5,4,5203,1,1,1,0
50,141137,1,5,4898,1,0,1,0
47,309101,2,0,3604,1,1,0,0
55,354282,5,1,3632,0,1,0,1
54,317237,0,4,2679,0,1,1,0
20,424711,2,2,6352,1,1,1,0
43,323587,3,3,4999,1,1,1,0
37,401635,2,0,5970,1,1,1,0
46,212497,5,1,3363,1,1,1,0
28,230333,4,0,4343,1,0,1,0
44,184491,2,3,5011,0,1,1,0
35,463280,3,5,5077,1,1,1,0
38,165541,1,3,4698,0,1,0,1
40,381273,4,4,6931,1,1,1,0
20,455912,3,4,6025,1,1,1,0
26,412570,2,0,5198,1,1,1,0
52,261986,4,0,6883,1,1,1,0
52,222231,5,3,3696,1,1,1,0
51,371958,0,1,3057,0,1,1,0
51,452775,2,3,6725,1,1,1,0
26,468784,5,4,1533,0,1,0,0
26,460227,4,5,7063,1,1,1,0
45,465360,3,3,3340,1,0,1,0
33,167873,1,4,2459,0,1,0,1
55,229343,1,0,4472,1,1,1,0
51,222921,1,0,4082,1,1,1,0
50,372428,5,3,2025,0,0,1,0
40,485345,0,1,4774,0,1,1,0
37,117770,2,0,2561,0,1,0,1
44,372690,2,5,5648,1,1,1,0
25,221489,4,0,4389,1,1,1,0
38,436006,3,3,7247,1,1,1,0
53,392837,2,1,4699,0,1,0,1
37,360870,0,4,2353,0,1,1,0
30,404139,2,4,6314,1,1,1,0
38,255971,5,2,7118,1,1,1,0
46,429009,1,1,4931,1,1,1,0
51,475338,3,5,3381,0,0,0,0
45,324010,0,3,5355,1,1,0,1
55,262720,1,3,5418,1,1,1,0
50,295684,3,2,6623,1,1,1,0
42,393548,4,2,2606,1,1,0,0
43,227238,2,5,2451,1,1,1,0
21,222030,5,5,4498,1,1,1,0
29,295811,3,1,6090,1,1,1,0
50,386556,0,2,2696,0,1,0,1
43,251115,0,5,5230,1,1,1,0
41,245931,1,5,3863,0,1,0,1
52,408080,0,3,1797,1,0,0,0
33,473915,5,4,1809,0,1,1,0
23,250534,4,2,2236,1,0,1,0
46,241467,3,2,5191,1,1,1,0
24,140927,0,3,2078,1,1,0,1
33,158543,3,3,4179,0,1,1,0
22,363516,4,0,5398,1,1,1,0
46,401585,3,2,4311,1,1,0,1
27,320774,2,1,3668,0,1,0,1
52,280742,5,3,4456,1,1,0,1
55,103996,4,4,1680,1,1,0,1
51,481987,2,4,2872,0,1,1,0
36,268251,0,1,5547,1,1,1,0
43,395498,4,4,1775,1,1,0,1
52,483850,1,1,4066,0,1,0,1
35,470682,2,3,3080,1,1,0,1
47,98627,1,5,2972,1,0,0,1
55,407956,2,2,2428,0,1,1,0
29,436972,5,0,6067,1,1,1,0
55,436007,5,1,1781,0,1,0,1
56,322260,3,2,3268,0,0,1,0
33,221500,2,0,5022,0,1,1,0
30,339934,2,5,2708,0,1,1,0
47,192012,3,5,2338,0,0,1,0
46,441768,1,5,5247,1,1,1,0
37,283579,2,3,3281,1,1,0,1
33,459328,5,1,6353,1,1,1,0
25,255548,2,3,7207,1,1,1,0
27,265577,3,1,5189,1,1,1,0
28,422224,4,2,3604,1,0,1,0
24,341383,5,4,7112,1,1,1,0
30,416487,3,4,2299,0,0,1,0
45,77105,2,2,1899,1,1,0,1
34,387822,3,3,6211,1,1,1,0
21,265465,4,2,5213,1,1,1,0
50,428666,4,5,5723,1,1,1,0
23,259032,5,3,5480,1,1,1,0
25,373139,0,0,5986,1,1,1,0
55,213943,3,1,4743,1,1,0,1
35,311818,0,4,1757,1,1,0,1
51,419042,2,4,3369,0,1,1,0
36,419487,4,2,2702,1,1,0,1
20,262133,1,4,5218,1,1,1,0
22,329348,0,5,2883,0,1,1,0
41,152191,1,5,1955,0,1,1,0
20,363315,1,4,2705,0,1,1,0
37,432085,1,4,1510,0,1,0,1
33,414870,3,3,6413,1,1,1,0
55,282395,2,5,5777,1,1,1,0
48,243628,3,1,3699,1,1,0,1
36,116417,2,1,4955,0,1,0,1
32,352699,2,0,5466,1,1,1,0
36,335384,5,3,1540,0,0,1,0
54,310487,5,3,7129,1,1,1,0
36,164208,1,0,5175,0,0,0,1
22,365141,3,3,4974,1,1,1,0
27,234941,4,3,1615,1,1,1,0
34,250235,1,0,3293,0,1,0,1
30,219106,1,1,2380,0,1,0,1
38,292105,3,3,6181,1,1,1,0
27,112219,1,2,4420,1,1,0,1
31,432262,3,5,2529,1,0,1,0
52,349289,0,1,1737,1,0,0,1
24,279491,0,0,6408,1,1,1,0
24,366794,4,3,3074,0,1,0,1
46,390825,0,3,2692,0,0,0,1
52,300337,1,0,5282,1,1,0,1
45,349795,2,4,3674,0,1,0,0
56,280475,5,0,2295,1,0,1,0
42,136868,0,5,1934,1,1,0,1
50,174388,0,1,1773,1,0,1,0
21,93605,1,0,3426,0,1,0,1
43,374263,3,1,5542,1,1,1,0
46,386844,0,5,5887,1,1,1,0
49,188163,3,2,1507,0,1,0,1
24,242529,5,1,4416,1,1,1,0
52,383509,0,3,6368,1,1,1,0
41,76144,4,5,1966,0,1,1,0
53,326452,5,1,7214,1,1,1,0
26,111862,3,1,1750,0,0,0,1
27,389057,1,4,2623,0,1,0,1
21,251094,0,4,6852,1,1,1,0
42,394859,3,3,2837,0,1,1,0
33,323812,4,5,5384,1,1,1,0
56,153509,3,5,2499,0,1,0,1
42,349138,2,4,4950,1,0,1,0
21,365241,1,2,3359,0,1,1,0
20,461683,0,4,5814,1,1,1,0
49,193049,4,1,3169,0,0,0,0
47,414420,0,4,1490,0,1,1,0
50,428980,1,1,6142,1,1,1,0
40,251495,5,2,5843,1,1,1,0
47,117686,5,3,3679,1,0,1,0
24,374384,1,5,5435,1,1,1,0
30,482629,3,2,4982,1,1,1,0
21,346619,3,3,5981,1,1,1,0
51,201563,5,5,2305,1,1,1,0
50,432024,3,1,4952,1,1,1,0
23,481886,0,2,2007,0,1,1,0
30,430690,4,5,1571,1,0,1,0
36,416589,3,2,5210,0,0,1,0
51,448108,0,4,2975,1,1,0,0
24,321821,4,1,4416,1,1,0,1
44,206999,0,0,3158,0,1,1,0
44,265297,3,1,2348,0,1,1,0
25,379008,2,0,2255,0,1,1,0
43,158492,3,5,3319,1,0,0,0
37,245736,4,1,2869,1,0,1,0
54,197225,0,1,1929,0,1,0,1
24,139761,0,4,4737,0,0,1,0
33,74672,0,4,4199,1,0,0,0
53,468582,4,5,5978,1,1,1,0
29,308061,2,5,6882,1,1,1,0
25,87134,5,2,1567,0,1,1,0
40,151583,0,0,2726,0,1,1,0
31,415525,2,1,1476,0,1,1,0
47,289120,1,4,5194,1,1,1,0
37,468408,4,4,7276,1,1,1,0
37,240136,3,1,4319,1,1,0,1
30,272340,3,0,7236,1,1,1,0
53,189001,5,1,4507,0,1,0,1
41,477839,1,0,6936,1,1,1,0
30,216084,0,4,2601,1,1,1,0
26,488200,0,1,3215,1,1,0,1
26,484314,2,0,5109,1,1,1,0
27,357242,1,0,5666,1,1,1,0
38,384956,5,3,3109,1,0,0,1
46,251103,4,3,3241,1,0,1,0
42,89149,1,4,5356,1,1,0,1
51,257797,0,5,3891,1,1,0,0
40,293906,4,3,3476,1,1,0,0
37,423046,4,5,2584,0,1,0,1
31,431631,3,3,2788,1,0,1,0
46,200872,1,0,2353,0,1,1,0
55,349093,3,0,2263,0,1,1,0
33,343578,4,0,6582,1,1,1,0
22,480507,2,2,6749,1,1,1,0
23,409761,4,3,3858,1,1,0,1
41,91360,2,4,3246,1,1,0,0
35,258491,5,3,5360,1,0,0,1
25,310333,3,3,1976,1,0,0,1
33,261676,1,3,4946,1,0,1,0
26,110062,5,4,5096,0,0,1,0
38,350160,2,2,6141,1,1,1,0
47,249932,5,3,2302,1,1,1,0
42,169729,2,2,4652,0,1,0,0
41,376324,4,0,2345,1,1,0,1
36,337864,5,4,5890,1,1,1,0
32,224545,0,4,4740,1,0,0,0
27,345518,1,3,4789,1,0,1,0
25,105875,0,3,3413,1,1,0,1
54,263378,1,2,4372,0,1,1,0
52,280789,5,5,2247,1,1,0,1
44,190134,5,2,3321,0,1,1,0
38,401397,5,2,6642,1,1,1,0
50,411570,4,3,6532,1,1,1,0
30,480300,1,0,2238,0,1,1,0
25,176027,3,3,1599,0,0,1,0
43,447543,2,5,5669,1,1,1,0
56,233103,4,2,3140,1,1,1,0
45,268443,1,5,3440,0,0,0,1
50,87101,5,2,3657,0,1,1,0
41,211828,3,3,2295,0,1,0,0
23,256934,2,0,6959,1,1,1,0
33,340466,0,3,5144,1,1,1,0
29,398926,2,5,6538,1,1,1,0
45,265486,2,1,4027,1,1,0,1
39,130300,3,3,4722,1,1,0,0
45,398065,4,3,6357,1,1,1,0
37,70183,2,3,4589,1,1,0,1
30,172359,4,3,2357,0,0,1,0
43,473781,1,1,4899,0,1,0,0
36,403450,1,5,5232,0,0,1,0
33,420118,0,1,1503,1,0,0,1
31,459160,5,1,5682,1,1,1,0
28,224258,2,0,3529,1,1,0,1
20,312320,4,2,5909,1,1,1,0
48,444271,2,5,6849,1,1,1,0
30,116041,3,1,2867,1,1,0,1
53,226455,5,5,3035,1,0,1,0
36,138079,0,3,4014,1,0,1,0
41,210076,2,3,4456,1,0,1,0
29,352591,0,0,5134,1,1,1,0
29,129403,2,5,4537,0,1,1,0
24,200303,5,0,3152,1,1,1,0
41,71681,5,5,4678,1,0,0,1
20,167108,3,1,2131,0,1,1,0
44,364087,5,5,5242,1,1,1,0
23,415438,5,5,4157,1,1,0,1
54,208330,3,2,3951,1,1,0,1
46,346776,0,4,5608,1,1,1,0
51,223764,4,3,1627,1,1,0,1
52,277043,3,2,4918,0,1,1,0
40,124154,4,2,4227,1,1,0,0
27,398998,2,3,5311,1,1,0,1
53,384117,0,0,4297,1,0,1,0
41,459985,5,3,4764,1,1,0,1
23,429176,5,0,2211,0,1,0,1
50,209488,5,0,4612,1,1,1,0
49,272784,3,4,4757,1,0,1,0
28,155894,0,3,3770,0,1,1,0
47,132723,3,2,5375,1,1,0,0
31,380207,5,0,5236,1,1,1,0
25,321929,3,0,1494,0,1,1,0
34,301593,0,3,3656,0,1,1,0
21,100361,3,2,3424,0,1,1,0
26,346097,2,2,3223,0,0,0,1
42,415112,5,3,2738,0,0,1,0
56,106197,4,0,5325,1,0,0,1
21,461149,5,5,5501,1,1,1,0
26,153977,5,2,1489,0,1,1,0
43,296244,4,4,7169,1,1,1,0
29,214787,4,0,1714,1,0,0,1
28,153380,1,1,2329,0,1,1,0
44,80084,2,4,3176,0,0,1,0
30,330799,2,2,7238,1,1,1,0
56,229915,0,3,4800,1,1,1,0
56,477576,2,4,6528,1,1,1,0
35,271598,3,1,7060,1,1,1,0
36,345228,5,2,4957,1,1,1,0
22,313718,3,0,3652,1,1,0,1
26,400616,1,1,4949,1,1,1,0
39,167126,3,4,2129,0,0,1,0
21,253678,3,3,6293,1,1,1,0
41,383951,1,2,4040,1,0,0,1
45,187972,1,3,4270,0,0,1,0
38,297248,2,0,5010,0,1,0,1
45,429337,0,5,5042,1,1,0,0
47,422356,5,1,4534,0,1,0,1
37,274394,3,2,6110,1,1,1,0
33,399568,4,3,3910,0,1,0,1
38,383180,0,4,3617,1,1,0,1
55,428273,4,0,4995,0,1,1,0
51,356382,2,4,4337,0,1,1,0
27,276136,0,5,6861,1,1,1,0
50,396945,4,3,4454,0,0,1,0
35,80482,2,4,4401,0,0,1,0
50,129784,3,3,5241,1,0,1,0
22,227394,4,1,5180,1,0,0,1
26,397292,3,3,3166,0,1,1,0
56,317618,5,1,6199,1,1,1,0
53,152238,5,3,3549,1,1,0,1
26,467568,4,3,3234,0,1,1,0
39,449424,3,5,3963,0,1,1,0
43,200539,4,3,3160,0,1,1,0
56,69289,3,2,2223,1,1,0,1
41,237677,1,5,4032,1,1,1,0
55,474595,5,2,5195,1,1,1,0
34,229771,3,3,2960,0,1,0,0
26,110331,2,3,4725,0,1,1,0
45,403179,1,0,2144,1,1,0,1
45,284848,0,4,5269,0,1,1,0
52,439045,2,5,4035,1,0,1,0
56,242652,3,2,1711,1,0,1,0
45,94116,5,3,4696,0,1,1,0
37,295585,4,0,6112,1,1,1,0
46,334546,4,3,5175,0,1,1,0
54,317639,3,4,4101,1,0,1,0
24,203879,5,2,4332,1,1,1,0
32,333288,1,5,1811,1,1,0,1
52,378554,2,1,2462,0,1,0,0
52,268540,4,3,3532,1,0,1,0
43,435175,2,0,1899,0,0,1,0
44,294411,0,2,5203,1,1,0,0
30,226284,3,4,3962,1,1,1,0
40,361758,2,2,4981,1,1,0,1
31,156635,0,0,2623,1,1,0,1
42,254155,4,3,7147,1,1,1,0
26,455721,4,3,6852,1,1,1,0
27,283793,0,5,5412,0,1,1,0
47,97539,5,4,3002,1,0,1,0
41,334762,5,1,3685,0,1,0,0
29,270155,1,1,6855,1,1,1,0
42,461039,2,0,5751,1,1,1,0
39,287385,3,3,5084,1,1,1,0
43,189548,1,1,3718,0,0,0,1
54,478251,1,0,5287,1,1,1,0
56,176994,4,0,5326,0,0,0,1
23,324165,2,2,1986,0,0,1,0
25,174751,0,0,4242,1,1,0,0
30,328228,5,5,2884,1,0,1,0
44,124554,4,4,4815,1,0,1,0
37,469317,0,4,2911,0,0,1,0
23,296897,5,3,6655,1,1,1,0
24,286714,3,1,4616,0,1,0,1
54,86176,2,3,2236,0,0,1,0
24,175729,4,4,2443,0,1,0,0
21,362834,1,1,6155,1,1,1,0
30,315193,1,3,5136,1,0,1,0
35,366986,0,3,6536,1,1,1,0
49,273632,3,4,1776,1,0,0,0
41,421656,4,2,1474,0,1,1,0
24,370186,4,4,5175,1,1,1,0
37,333045,0,0,6997,1,1,1,0
37,457069,5,4,5515,1,1,1,0
32,290716,2,5,5268,1,1,1,0
23,293693,5,4,4923,1,1,1,0
21,420837,4,5,6495,1,1,1,0
20,279358,4,4,4003,1,0,1,0
40,160196,2,4,3563,0,0,1,0
28,146872,5,2,2830,0,0,0,1
41,366342,4,2,4927,1,1,0,1
46,489543,4,5,3278,0,1,1,0
41,235826,3,2,4870,0,1,1,0
47,442173,5,4,1477,1,0,0,0
50,428303,4,3,2759,0,1,1,0
46,258280,4,2,3141,0,1,1,0
28,334722,3,0,2360,1,0,1,0
26,350675,2,5,5289,0,1,1,0
21,153286,5,5,3574,0,1,1,0
34,351904,2,4,4106,0,0,1,0
44,336254,5,0,4431,1,1,0,1
29,276381,5,4,2633,0,1,1,0
48,406247,1,0,4311,1,1,0,0
22,263664,4,2,6377,1,1,1,0
20,452484,1,4,3225,1,0,0,0
39,157449,1,3,5315,1,1,0,0
22,383766,1,2,4325,1,0,0,1
30,125863,1,4,1633,0,1,1,0
47,251029,3,3,4956,1,1,1,0
37,484961,0,0,5247,1,1,1,0
22,199123,4,2,3187,1,1,0,1
51,116768,3,2,4507,0,1,1,0
27,300529,2,1,7218,1,1,1,0
20,420590,4,3,4642,0,1,1,0
23,241649,0,3,3626,1,1,1,0
26,436312,4,0,3388,0,1,0,1
39,402386,1,3,1771,1,0,1,0
25,467549,1,1,6892,1,1,1,0
45,289668,1,3,1630,0,0,1,0
54,367226,3,5,1912,1,1,0,1
22,429140,2,2,1958,0,0,1,0
47,254258,0,1,5393,1,0,1,0
36,483942,3,1,6640,1,1,1,0
35,264735,0,4,5369,1,1,1,0
33,223853,1,1,2747,0,1,1,0
55,470217,0,0,5464,1,1,1,0
32,275792,2,5,2207,1,1,0,1
52,423133,1,4,6465,1,1,1,0
38,281074,2,5,6271,1,1,1,0
24,358858,0,2,3185,0,1,1,0
36,351480,0,5,3301,0,1,1,0
29,207091,4,4,2249,1,1,1,0
33,367213,0,4,4384,1,1,0,1
33,405475,3,5,6222,1,1,1,0
50,227182,3,5,2016,1,0,1,0
34,379547,3,4,4938,1,1,1,0
44,363268,4,2,6413,1,1,1,0
35,159268,2,4,4405,0,1,1,0
45,362191,4,4,6801,1,1,1,0
52,206307,4,1,5342,1,1,1,0
41,255570,2,3,4909,1,0,0,1
40,294938,0,2,2457,1,0,0,1
54,402139,5,5,5299,0,1,1,0
45,485960,4,1,2748,1,1,0,1
21,73783,3,4,3868,0,1,0,0
24,387754,5,5,5442,1,1,1,0
33,327161,1,5,2747,1,0,0,1
53,299720,4,3,2644,0,1,1,0
26,468740,5,4,4659,1,1,0,0
34,323168,2,2,5861,1,1,1,0
42,441376,3,1,2280,1,1,0,1
43,410940,0,1,5332,1,1,1,0
52,433268,2,2,6762,1,1,1,0
34,203529,1,4,3921,0,1,0,0
45,92163,1,0,2723,1,1,0,1
56,214332,5,2,2470,0,1,0,1
54,410191,5,3,3827,0,0,0,1
55,344859,2,3,6110,1,1,1,0
32,346017,2,4,4972,0,0,0,0
27,342832,2,0,1952,1,1,0,1
21,410619,0,5,7028,1,1,1,0
55,177613,3,5,4349,1,1,0,1
52,252925,1,5,6860,1,1,1,0
35,196642,3,4,2891,1,0,0,1
46,488725,0,3,4313,0,0,1,0
42,301755,0,3,5611,1,1,1,0
28,376906,5,3,6060,1,1,1,0
54,121156,1,1,1889,0,1,1,0
22,101433,4,5,3149,1,0,1,0
37,273366,4,2,6712,1,1,1,0
40,464912,2,5,2029,1,1,0,1
48,226426,0,1,1720,0,1,0,1
38,369056,0,4,6267,1,1,1,0
38,79713,1,5,3408,0,0,1,0
31,86718,2,0,3773,0,1,1,0
28,94560,3,4,4131,1,0,0,1
37,199322,4,4,4736,0,1,1,0
46,343283,3,1,4981,1,0,1,0
49,219811,2,3,1952,1,1,1,0
25,97769,5,3,5347,0,1,1,0
56,478439,0,0,2815,0,0,1,0
54,229410,4,3,4082,0,0,0,1
50,340728,0,0,4012,1,0,0,1
27,370348,0,2,5115,1,0,0,0
27,307615,3,4,5968,1,1,1,0
50,397667,0,2,6251,1,1,1,0
21,98018,0,4,4360,0,0,0,1
31,225904,2,0,2361,1,0,0,1
21,269582,1,1,3616,1,1,0,1
28,197232,3,5,4032,1,0,1,0
39,234315,0,1,1771,1,1,1,0
56,134763,2,4,1757,0,1,1,0
49,210484,0,5,2684,0,0,1,0
36,194309,1,0,3305,0,1,0,1
44,346374,1,4,1589,1,1,0,0
47,395739,2,3,3679,1,0,1,0
55,67874,1,1,2315,1,1,0,1
53,454157,1,2,4306,1,1,0,1
26,314762,2,1,5583,1,1,1,0
45,225758,5,4,4540,1,0,1,0
22,480662,0,5,6778,1,1,1,0
27,228937,0,2,2477,0,1,1,0
31,331286,1,4,3423,0,0,1,0
33,289735,1,1,3042,0,1,0,1
41,443141,5,4,6226,1,1,1,0
50,345303,5,0,5691,1,1,1,0
30,470816,3,2,2405,0,1,1,0
54,417003,3,0,3408,0,1,0,0
30,334095,4,4,2751,0,1,1,0
35,449454,4,3,2581,1,0,1,0
38,164965,5,0,2934,1,0,1,0
29,436348,3,5,2520,0,1,1,0
26,351637,0,2,3170,1,0,1,0
48,460894,5,0,4116,1,0,1,0
46,239812,5,3,4497,0,0,1,0
23,191671,3,5,3212,0,1,1,0
23,427100,5,1,3681,1,1,0,1
44,374225,5,4,6227,1,1,1,0
21,355187,0,1,4795,1,0,1,0
42,122161,4,1,4390,1,0,1,0
28,395497,4,5,6676,1,1,1,0
20,234368,3,3,5368,1,0,1,0
35,229959,5,3,4610,1,0,0,0
27,334442,5,4,1558,1,1,0,1
28,414335,1,3,3542,0,1,1,0
54,85006,2,5,2755,1,1,0,1
40,458873,0,0,5385,1,1,0,1
31,470123,3,2,1879,0,0,1,0
27,325709,3,1,1943,0,1,1,0
42,265701,2,0,5837,1,1,1,0
20,295069,5,4,2863,0,0,1,0
44,415495,5,5,1709,1,0,0,1
39,415739,5,3,2901,1,1,0,1
20,445955,3,2,5950,1,1,1,0
55,397780,2,0,5008,1,1,1,0
51,351882,2,4,5840,1,1,1,0
34,229224,0,0,2701,1,0,1,0
56,142162,1,3,2483,1,0,1,0
20,225525,2,3,3865,0,0,1,0
22,278431,3,3,3967,1,1,0,1
47,75213,3,5,2689,0,1,0,1
31,303526,1,3,6833,1,1,1,0
20,417868,3,0,3382,0,1,0,1
52,190450,0,3,2756,0,1,1,0
54,336224,2,4,3895,1,1,0,1
43,437031,1,1,5011,1,1,1,0
24,467902,0,3,5277,1,0,1,0
23,393815,2,1,4946,1,1,1,0
28,461782,5,5,1916,1,1,0,1
47,404828,4,0,5373,1,1,1,0
35,394662,0,1,3008,0,1,0,0
36,482488,2,1,2098,0,0,1,0
39,298578,4,2,5350,1,1,1,0
32,273257,4,0,3045,0,1,1,0
20,179248,2,4,4725,1,0,1,0
53,99636,4,2,3517,0,1,1,0
43,424785,3,1,2225,1,1,0,1
24,375619,4,3,5734,1,1,1,0
24,451114,5,4,2437,1,0,1,0
34,317827,0,1,1470,0,1,1,0
40,243447,2,4,3124,1,0,1,0
43,245206,4,2,2131,1,1,1,0
55,364049,3,5,4850,0,0,0,0
31,257435,1,3,7187,1,1,1,0
50,234790,3,4,3904,1,1,1,0
33,378942,1,5,2993,1,0,1,0
49,413837,4,1,2175,0,1,1,0
49,272717,2,2,6131,1,1,1,0
32,189958,4,5,4092,1,0,1,0
20,127831,0,4,2185,0,1,0,1
43,370498,5,2,5174,1,1,1,0
31,479538,0,0,3498,1,1,0,1
40,158368,1,1,2575,1,1,0,1
39,337535,5,4,4247,1,1,0,0
37,446160,2,0,5884,1,1,1,0
26,408630,2,3,3248,1,0,0,1
28,230671,2,0,4414,1,1,1,0
22,136702,3,2,1839,1,1,0,1
24,401120,5,4,6968,1,1,1,0
44,142979,1,0,2899,1,1,0,1
28,362242,1,4,4393,1,1,0,1
34,188336,3,1,4501,1,1,0,1
24,301590,1,5,6357,1,1,1,0
46,284362,3,0,3082,1,0,1,0
46,212926,0,1,5247,0,1,1,0
22,86363,5,4,3892,0,0,0,1
45,331934,0,4,2248,0,1,0,1
48,168342,5,2,3542,1,0,1,0
41,109235,1,0,1665,0,1,1,0
31,253219,4,3,5637,1,1,1,0
36,149818,2,4,2759,0,1,1,0
22,102996,3,3,1562,0,1,1,0
43,99814,5,5,4797,1,0,0,0
31,77380,5,3,1662,0,1,1,0
35,83992,1,3,4154,1,0,1,0
28,397737,4,0,5038,1,1,1,0
35,270813,0,4,4872,0,0,0,1
52,381017,1,4,5286,1,1,1,0
27,236788,4,1,4531,1,1,1,0
49,475058,3,0,5268,1,1,1,0
48,347097,4,1,5272,0,1,1,0
32,95384,4,0,2653,0,1,1,0
27,69743,3,3,4200,1,1,0,1
34,254675,4,5,5366,1,1,1,0
